"date","AAPL","MSFT","AMZN","GOOGL","TSLA","NVDA","JPM","KO","WMT","META"
2019-01-03,-0.0996075320084936,-0.0367882031791448,-0.0252414977849364,-0.0276956838600021,-0.0314717126651803,-0.0604169006670803,-0.0142115788854929,-0.00617944805035868,-0.00514242237448494,-0.0290389517026859
2019-01-04,0.0426898894905807,0.0465093330892136,0.0500639986737511,0.0512935399516606,0.0576973909120697,0.0640673904641218,0.0368654745092481,0.019940114737316,0.00624580805624952,0.0471382540948506
2019-01-07,-0.00222611267985005,0.00127542378555113,0.034353414158743,-0.00199419935443281,0.0543612387169729,0.052941089658398,0.000694881961015296,-0.0130331884350429,0.0117720757098841,0.000724884904466959
2019-01-08,0.0190632572389804,0.00725065343566191,0.0166123599456394,0.00878327330844893,0.0011642764023455,-0.024895719599645,-0.00188554600781901,0.0112882352757443,0.00698135947789165,0.0324520548478865
2019-01-09,0.0169814489196911,0.0142992919997283,0.00171435471797088,-0.00342753715427338,0.00948262535350189,0.0196669974038268,-0.00169016255673642,-0.0191659607133244,-0.0032564449750569,0.011927167274865
2019-01-10,0.00319633224882258,-0.0064253341387727,-0.0019284287379287,-0.0026069634092765,0.0190233983895687,0.0185859366621657,-9.9779333811941e-05,0.0107365881790869,0.000738039643791374,-0.000207847561126063
2019-01-11,-0.00981787351157523,-0.00772198701021834,-0.00945523130532869,-0.0133108203982604,0.00663831657692456,0.0247880893953563,-0.00478104036647272,0.00573611844962537,-0.00126379032333193,-0.00277397254435248
2019-01-14,-0.0150373187971296,-0.0072956901859813,-0.0142329857935221,-0.0121750109771365,-0.0370328047095245,0.0108178972329797,0.0103088793794642,-0.00401359838552575,0.00115975617924794,0.0110569808658285
2019-01-15,0.020466868102074,0.0290052141424692,0.0354623138435866,0.033285352601318,0.0299940272722906,-0.00378897809011239,0.00733106763855879,0.00890790181330665,0.0136914024420998,0.0244860012204395
2019-01-16,0.0122166700701544,0.0035234435231826,0.00550599777883009,0.00276104428333384,0.00470341442984402,-0.0068726398861845,0.00806462691013855,-0.0136644104647807,0.00103894475263915,-0.00946628865469762
2019-01-17,0.0059377830230938,0.00702237758050874,0.00560643439526551,0.00882057398228155,0.00364107650196214,0.0193496168610848,0.00409747374192952,0.00298425986181054,0.00404755394568293,0.00515105641386031
2019-01-18,0.00615935206893316,0.0149828878226889,0.0017598946424283,0.00744238657479939,-0.12971116114485,0.0343397142266945,0.016226394609279,0.011687092144309,0.0102339237930143,0.0117331182111448
2019-01-22,-0.0224462085840086,-0.0188466488000776,-0.0377490865596717,-0.0258918741375257,-0.0110501400269369,-0.0519976963422144,-0.0157760040555697,0.00231051574821343,-0.00245587568631416,-0.0164621704954493
2019-01-23,0.00404442443834306,0.0097462820679681,0.00480957060236679,0.00535874952431728,-0.0379030994511806,0.00349524433840012,-0.00252584772792768,0.0115255512993905,0.0125142861648407,-0.0221592696923434
2019-01-24,-0.00792592217674937,-0.00477927063927671,0.0090913362302975,-0.000378305616459081,0.0136305226452982,0.0572710627476998,0.000584481757105719,-0.0120160986966438,-0.00354584482732982,0.0106028562992115
2019-01-25,0.0331367080261457,0.00913354843108078,0.00945061516728829,0.0161531564424119,0.0189702378434516,0.0146351485201904,0.0063265963921603,-0.00670991138203145,-0.0144367813894509,0.0218063418565546
2019-01-28,-0.00925446908526558,-0.0195017389879237,-0.0195622167126652,-0.0196547876682492,-0.00222195445884549,-0.138245329974465,0.00473956376688188,-0.00422198656882072,0.00123784655722505,-0.0103349458334619
2019-01-29,-0.0103652166763877,-0.020365379857559,-0.0268699420425202,-0.0090751355774515,0.00364399600279051,-0.0464459716631534,0.002791588796032,0.00487606097478331,-0.00360586221616377,-0.0222417156209979
2019-01-30,0.0683349765194357,0.0334176120164687,0.048027447209615,0.0261013228764056,0.0380219027042559,0.0439967960716857,0.00230404188992772,0.00970460113193196,-0.0197497766919049,0.0432068763230509
2019-01-31,0.00720131177893859,-0.0183307614547958,0.0289147216718592,0.0254098404299287,-0.0056676550879709,0.0462915994325555,-0.00871577762262101,0.00564143538455219,0.010864719959599,0.108163691416823
2019-02-01,0.000480804771839211,-0.0157999503045312,-0.0538188077293868,-0.00645696239772248,0.0169043754677405,0.00681735971863431,0.00367161488315111,0.0118428642032393,-0.0205571356928965,-0.00587910768531504
2019-02-04,0.0284046843493079,0.0287996058504116,0.0043535818975668,0.0203822941167909,0.00217804670411037,0.0307470397894346,0.00356165769262224,0.0112938171164812,0.00969533529334403,0.0213626125165451
2019-02-05,0.0171096404255388,0.0139963942205538,0.0156124872244735,0.00915516407905212,0.0270382171370975,0.00516164050820858,-0.00441235893503571,0.00020306989033464,0.00875808923192177,0.0112850412309584
2019-02-06,0.000344256745261116,-0.0110985383641804,-0.0111826897860286,-0.025159027006026,-0.0128519454600953,0.0203400591819964,-0.000482156037815078,0,0.00041837687183995,-0.00391423935858188
2019-02-07,-0.0189393129255882,-0.00716770925820755,-0.0157841104531429,-0.0151215666845725,-0.0306096615845225,-0.03647050290093,-0.013109735654601,0.00324807442104809,0.0113967990151264,-0.0241070278675756
2019-02-08,0.00117516145079763,0.00379958713135466,-0.0161982091572396,-0.00319207031610921,-0.0055608101557718,0.00508725073710951,-0.00996250631776306,0.00161877929490553,-0.0118886754526197,0.00570979111844628
2019-02-11,-0.00575102529948282,-0.00397430660971894,0.00175038638873973,-0.000235857746239838,0.0230215975416565,-0.0116079310293588,-0.00473565106943282,0.00222210477190335,0.0064866640381947,-0.00920333929931908
2019-02-12,0.00861724729528869,0.0155814900647718,0.0295473827101715,0.0231010158793453,-0.0032924991616066,0.0322290889649086,0.0170498542936759,0.00100798155460615,0.00800411858116808,-0.00452397643561957
2019-02-13,-0.00415463283210078,-0.000748308754929105,0.00121492013590912,0.000931146908430326,-0.0116737558366698,0.0113119812990777,0.00477605766574661,0.00261792249939648,0.0100032847917013,-0.00587727565444774
2019-02-14,0.00364302183031021,0.000842755155907168,-0.010579272014339,0.000505046511989554,-0.0142778203084094,0.0107926795169754,-0.00649928814073021,-0.0843545441700795,0.00592197732123965,-0.000731417020738125
2019-02-15,-0.00222486920383635,0.0123477328417567,-0.00905926247947707,-0.00847504851380816,0.0135299816878342,0.0181842101643866,0.0305603357415598,-0.00767700062760784,0.0149208055207683,-0.00884406537037732
2019-02-19,0.00299265955149466,-0.000461954563974,0.0122080752441124,0.00614486457429767,-0.00727559211410238,-0.0044491086441377,-0.00350539405996159,-0.00906281097727213,0.0221021731453889,-0.00129239354347713
2019-02-20,0.00643541408135142,-0.00519899406480255,-0.00336689383254611,-0.00525513037241156,-0.0100771401601756,0.0121935227125241,0.00484886551849387,0.00602252105650518,-0.0227005284519619,0.00166369092083978
2019-02-21,-0.00563866730421744,0.02109179916447,-0.00163988939471421,-0.0146173668077169,-0.037447191500822,-0.0175336718374763,-0.00208151070958818,0.0168516713677031,-0.00490581597837961,-0.0155020544196764
2019-02-22,0.0111657831611417,0.0142584144318854,0.00748410322955608,0.0111844673234335,0.0119493368159795,0.0219551772978206,-0.00445621503425841,-0.0126473542261887,0.00160956427097179,0.0115598450942598
2019-02-25,0.00728429154032469,0.00558718049826024,0.000882573654732173,0.000689699929893766,0.0137762270551934,-0.00314062386824805,0.0104761214256452,-0.00750858134776959,-0.00431941474409484,0.0168630927008801
2019-02-26,0.00057411541794523,0.00690012065147372,0.0020820350982041,0.00418849710282664,-0.0030458399535415,-0.0100197492202328,-0.00763433116887678,-0.00556310942076845,-0.00433808893485926,-0.002976470213783
2019-02-27,0.00309765536765167,-0.00169104588740438,0.00286601162536223,0.000784321414914938,0.0566710412227997,-0.0107572989857828,-0.00123451659916122,0.00559423073849171,-0.00587690907977835,-0.00804236511272127
2019-02-28,-0.00983600829649065,-0.0012481597551657,-0.000767732581735466,0.00325943905916331,0.0163308460051842,-0.0063769701860853,-0.00760757251084358,0.00890055398442467,0.00896933054877485,-0.00835341893058456
2019-03-01,0.010511135618506,0.00446314939801214,0.0194532506916015,0.0195020428988264,-0.0784356604323092,0.0141969205877585,0.000670711202056268,0.000882328512524601,-0.0107082034767897,0.00514095366603355
2019-03-04,0.0050297324898619,-0.0023993817061373,0.0146195867960951,0.00426637293199148,-0.0319888365849101,0.00210933219381597,-0.00229821709692568,0.00594973743216915,-0.000816715698799819,0.031365517870867
2019-03-05,-0.00181989820248574,-0.00498849147028738,-0.00220501582400812,0.0136722381617386,-0.0309082915624604,-0.00165843525576505,-0.000767689053528102,-0.00109521363246591,0.00500759244530239,0.0232419578265059
2019-03-06,-0.00575403373729209,0.000447771948420149,-0.0138734954819945,-0.0036349319805581,-0.0010848588017902,-0.0285585392328462,-0.00374614794383453,-0.00328945081858088,-0.000813439740278939,0.00729877825247164
2019-03-07,-0.0115745768605241,-0.0121703629429451,-0.0257647199836965,-0.0120949401793563,0.00126697411822452,-0.0183493095828948,-0.00723097977189545,-0.00374061164871185,-0.00824355820486416,-0.0195928829558298
2019-03-08,0.00237697887246393,0.00108737632753053,-0.00316737529310362,-0.000764666473406554,0.0272967599449769,0.00924571139856439,0.000388616919928103,-0.00971711669222406,0.00143671604483228,0.00277872261251385
2019-03-11,0.034642168840197,0.0209936130984456,0.030737873720531,0.0254703705470182,0.0238614585860017,0.0697025485326539,0.0130082216314115,0.0298837967235013,0.00911978043316585,0.0145639503227175
2019-03-12,0.0112349615739918,0.00700171963202944,0.0014844854239022,0.0152551556102444,-0.0259865105501939,0.00856383510529026,-0.00297066600289474,-0.00281479305083329,-0.0011168895844268,-0.000871987424096883
2019-03-13,0.00442227159236959,0.0077449903915538,0.0105851181614522,0.00151176188526337,0.0197628266938595,0.0375338828999425,0.00336404841626465,0.00369166852445048,0.00670902426955827,0.0084342445935456
2019-03-14,0.011116764981516,0.000786009583786422,-0.0027146731508627,-0.00544584220369556,0.00346073281633749,-0.0181471659268101,0.00910024787119094,-0.00261900414176533,-0.0028423420698523,-0.018457595212693
2019-03-15,0.0130081657518258,0.0115193231778016,0.015502120161136,-0.0018700087811076,-0.0501104260482881,0.0256703036847,0.0114867444632044,-0.00875304041180724,0.0020360590044746,-0.0246224345140803
2019-03-18,0.0102085011576334,0.0143214971160659,0.0173970662589482,-0.0014701804252414,-0.0215662737707062,-0.00506451657797497,0.00600687206583161,0.00242864949156461,0.0125992768055564,-0.0331970062789901
2019-03-19,-0.00792507860385253,0.000680554350001134,0.0113078739609901,0.0117032305382067,-0.00749562762133065,0.0400118227707971,-0.00363859196052824,0.00330292603304782,0.0019062094240988,0.00685519793542256
2019-03-20,0.00873909649414108,-0.0011052178762219,0.0201039106358136,0.0199341248324634,0.0229184552294362,-0.0074550851812138,-0.021348217777232,-0.000658204643379303,-0.0121178665963294,0.0239523714287565
2019-03-21,0.0368300598203604,0.0229749530846453,0.0122351667079983,0.0079092202481901,0.00153508104611041,0.0547015398283285,-0.0157865689997102,-0.000439332461879216,0.00425784469193175,0.00386855656578458
2019-03-22,-0.0207081796030484,-0.0263682030862577,-0.0299516837710105,-0.0230395179904151,-0.0346325571304122,-0.0350115852571924,-0.0302322440462496,0.00922859399741064,-0.00787405492428154,-0.0104770982090582
2019-03-25,-0.0120911742247392,0.00521144533707938,0.00537741372105516,-0.00850427720363886,-0.0155368925760571,-0.0209577736776494,-0.00831988689226522,0.00217743012597764,-0.00111928063603887,0.0118656732745095
2019-03-26,-0.0103317804872902,0.0021247594861485,0.00535441386540445,-0.00629707119825152,0.0282236247188795,0.0177812509432419,0.0100068873086331,0.0132518961701627,0.00152803129644731,0.00835887992505936
2019-03-27,0.00899417162882159,-0.00966855356889216,-0.0101246786797321,-0.00994263439566137,0.0263659228740751,-0.00209170545093749,-0.00340259235786366,-0.000642963237968311,-0.0112897299761665,-0.0107944343757844
2019-03-28,0.00132624981733106,0.00137022474654835,0.00437213503435766,-0.00487251990715437,0.0137903321932495,0.00424922208994583,0.0113476601633966,-0.000643678771590835,-0.000822911413781188,-0.00192903264533576
2019-03-29,0.00651754394142684,0.00863770376134672,0.00413326639296834,0.00394107968088978,0.00445049147838703,0.013032149162089,0.00516327769258399,0.00601100103808056,0.00411794577348391,0.00688597155581727
2019-04-01,0.00679152101037579,0.00915721166903552,0.0187786576258426,0.0187698326274615,0.0333024051975662,0.0151480780404486,0.0336855640593987,-0.00298764248375181,0.00297368805345787,0.0120585357400136
2019-04-02,0.0145366787019488,0.00142835428902685,-0.000115816710509048,0.00547129111961342,-0.0114116404193567,0.0039500473016966,0.00477841730650708,-0.00321051585989236,-0.00899622316240348,0.0326022833475329
2019-04-03,0.00685489531804777,0.00654419367103781,0.00370462931037197,0.00437150289818091,0.0207430173244656,0.030710437947643,0.00199738210360448,-0.00837471022412848,0.00257905413302134,-0.00378886140899958
2019-04-04,0.00174049667771992,-0.00508473771465964,-0.00101063178943655,0.00713572528391616,-0.0823481623950379,-0.00190843407661681,0.00966030533982521,0.00649642070750147,0.00946601307384779,0.0142906675128831
2019-04-05,0.00669431246211151,0.00444058059313499,0.0101271962833137,-0.00656026782813659,0.0268131431839568,0.014288522377651,-0.00236827168171372,-0.000215227013540989,0.0073387129651717,-0.00170440271007841
2019-04-08,0.015736241809843,0.000333488753256022,0.00684705448924596,-0.00261681117831986,-0.00640098708200615,0.0043989786496883,0.00322868024132122,0.00172137936825498,0.00404736744654364,-0.0044957630227274
2019-04-09,-0.00299854365129362,-0.0054197436066601,-0.00757891329728482,-0.00462637036199602,-0.00325771240477394,-0.013191231278428,-0.00738280231427622,0.00257823648020112,-0.00544195880715947,0.0151488574082007
2019-04-10,0.00561386444853842,0.00762889269301517,0.00625872667273516,0.0031263195826613,0.0137710702459906,0.0150056952811411,0.00448137818638895,-0.000642951814088589,0.00922072087386462,0.00135145752171356
2019-04-11,-0.00832423879969217,0.00116507620595764,-0.00176473085644958,0.002602725899488,-0.0276751073375949,-0.00291506260708317,0.00844896304496974,0.00150101849439446,0.0120482340460442,-0.00174331627230883
2019-04-12,-0.000402208052264248,0.00515223724177847,-0.00054769030500404,0.0108631330831104,-0.00268238221889162,-0.00798812309250997,0.0468792626810937,0.000642501617548848,0.0075394823926003,0.00895738066145739
2019-04-15,0.00181022215756024,0.000826987333122434,0.000982061116291192,0.0031077320042616,-0.00493085611704938,-0.027945681045721,-0.0114197933399258,0.00556246410888849,0.00856644518313579,0.0030707587123862
2019-04-16,0.000100671617772977,-0.00231312679117657,0.00984893974958904,0.00438637780047094,0.0262032020085355,0.0190036772351058,0.0105513970418409,-0.00106363000085218,0.00488127613465751,-0.00434173489784102
2019-04-17,0.0194730202739759,0.00828004137931843,0.000955394267421144,0.00668074554794997,-0.00779193322605234,-0.00488831221332841,0.0288028192289271,0.00702869124913835,0.00223448727513733,-0.000503130844858175
2019-04-18,0.0035938855049495,0.0131394195149701,-0.00167838338426633,0.00107247958458413,0.00748435472083806,-0.00528574561902798,-0.0073492579704637,0.00422991862450823,0.000194107059136388,-0.00279675984615827
2019-04-22,0.00328633101427257,0.00316139798883942,0.013761670163167,0.00989949134412676,-0.0384615263808076,0.0116480659128167,0.00123401233138492,-0.00168495924459326,-0.00785010371903445,0.017725084719441
2019-04-23,0.0144232212924413,0.0135747903607901,0.0193184799503585,0.0134235661706627,0.00437673907187217,0.0116725781576882,0.00123241061326064,0.0170885861151141,0.00683777723940514,0.0128967017288076
2019-04-24,-0.00154207258749444,-0.0034280266218294,-0.0114462532536873,-0.00829533291034492,-0.019855977462204,0.00262272661589307,-0.00167043510649775,-0.00477063841763372,0.00446296436617253,-0.00652957442053497
2019-04-25,-0.00907525145636018,0.0331172358337931,0.000262931778390325,0.0057854710368405,-0.0426428039397318,-0.0222840578917755,0.00052839697164567,-0.00291790131626737,-9.69202610521765e-05,0.0584948073895544
2019-04-26,-0.00477373513043375,0.00572967899998341,0.0254330255292025,0.00795375521293851,-0.0504381941414803,-0.0471884621117502,0.0075700402649507,0.00877951721135505,-0.0192230184737067,-0.00915848434685123
2019-04-29,0.00151683174362872,-0.000923442488850063,-0.00625439575194787,0.0147014208591396,0.0269201289224585,0.00696306779777499,0.0144140469654825,0.00331515970550651,0.00029524366439835,0.0171810725592584
2019-04-30,-0.019255810535845,0.00639582245038126,-0.006144196629406,-0.0750192103587091,-0.0115127533356677,0.00931221201007931,-0.000602713951989419,0.0132175009673973,0.0126035692038765,-0.00708497018077742
2019-05-01,0.0490854092050176,-0.0208271605145984,-0.00778606012954114,-0.0213852789799996,-0.0196070381713233,-0.00292823266376847,-0.00766906616180377,-0.0095799714241299,-0.0143911029422751,-0.0019131244468385
2019-05-02,-0.00650779275836574,-0.0130589773755695,-0.00559759827647388,-0.0058039553726074,0.0431177459281833,0.0150716939502327,0.00217076694666149,-0.00411626543551421,-0.00207179246516895,-0.0025902157664075
2019-05-03,0.0124314775985104,0.0213134754463822,0.032428117555017,0.0197511966720359,0.0447768278931099,-0.000982448912551858,0.00615195209522189,0.00681962946062941,0.0091941827896977,0.0152703246257834
2019-05-06,-0.0154429401824471,-0.00581838389350442,-0.00606896195667317,0.00328695401491173,0.00121551120182914,-0.0172667192372562,-0.00887002992224973,-0.0051309775368483,0.00372253317955841,-0.00813428711281989
2019-05-07,-0.0269567943898544,-0.0205228016629605,-0.0151495049253999,-0.0122331802955775,-0.0324273539515781,-0.037475751845039,-0.0163354018094397,-0.00969696688211451,-0.0113214917350091,-0.0211987196998832
2019-05-08,0.000197267272713084,-7.95516373776054e-05,-0.00168148514003662,-0.00685427163747123,-0.00898571491932165,0.00467906084477286,-0.00529967772821701,-0.00312499938932468,-0.00987176332369501,-0.00121209726509921
2019-05-09,-0.0107442950788609,-7.98821634302794e-05,-0.00933372277882979,-0.00240002286487046,-0.0116810695486628,-0.0214468367920852,-0.000799293067875103,-0.00940448488563475,-0.00230536272451234,-0.00469538221481309
2019-05-10,-0.0138535377738508,0.0129881785055089,-0.00520561099247736,-0.000282546769887172,-0.0101661020211596,-0.00804957293268001,-8.87635393971829e-05,0.016666981641457,0.0238096891865352,-0.0016433173769084
2019-05-13,-0.0581194664004226,-0.0297333556440678,-0.0356088196087683,-0.0265920690489127,-0.0522294943603151,-0.0614263280356215,-0.0271975882894186,-0.00290528264705942,-0.0198215111725121,-0.0361048826882739
2019-05-14,0.0158303850912227,0.0111878149226393,0.00956826204115572,-0.0103204009097552,0.0233469986323801,0.0226563478135388,0.00794893304944183,0.0133193769116228,0.00400433763917381,-0.00446183307060097
2019-05-15,0.0119790664667035,0.0140821959028699,0.0168630969508451,0.0408406481693406,-0.00154966432150187,-0.0151808406368939,-0.00380723922982482,0.010063685236423,-0.00408814028191653,0.0306533859982658
2019-05-16,-0.00439965820864536,0.0230914730619341,0.019463956305464,0.0117013562840134,-0.0156067909670862,0.003822453463083,0.0128298166753786,0.00813348105817951,0.0143172920592933,0.00386539015330819
2019-05-17,-0.00568188057212632,-0.00667001601284707,-0.0202194929212611,-0.0132714109923937,-0.0757674879133584,-0.0228478674751972,-0.00485119139662539,-0.00766469995462306,-0.00444199342132301,-0.00903795434644707
2019-05-20,-0.0312698845176353,-0.0144454003397295,-0.00536645669026456,-0.0206368284654005,-0.026868234803976,-0.0305371883986661,0.00523608371236648,-0.00711372581318149,0.00654384249211174,-0.0139233704656415
2019-05-21,0.0191710033483557,0.00538748539092583,-0.000780024798600075,0.00854397924558278,-0.00136349973756545,0.0218119556222276,0.00341257761647897,-0.00511770677580238,-0.00393998235124591,0.0114930871778312
2019-05-22,-0.0204714756199691,0.00606756920201031,0.00116285918453832,0.00122132755486711,-0.060220362104667,-0.0184442198342846,-0.00814461778219898,0.0216050326885636,0.0109769196836133,0.00270527725267679
2019-05-23,-0.0170696833006739,-0.0116708098864155,-0.023767519755122,-0.00909284576383498,0.0143205527223591,-0.0320632173816119,-0.0196717256602797,0.00402819662065591,-0.00361922457133109,-0.024012422972053
2019-05-24,-0.00384088808498113,0.000475632447537555,0.00429637760518084,-0.00587602697321198,-0.024860633253581,-0.0147299441762988,0.00984940875578752,-0.00481446124049817,0.0079519588615169,0.0010505237709681
2019-05-28,-0.00413488157106593,-0.00063353256253751,0.00721229005021958,0.000834366269766044,-0.010124341109627,-0.012538550690606,-0.0108469596691812,-0.0102800702524874,-0.0024349222730624,0.017949636432286
2019-05-29,-0.00476914492232706,-0.00967038828790129,-0.00938777395825051,-0.0172172234608017,0.00614733313086672,-0.0208610067402792,-0.00276427395428483,-0.00997984068361145,-0.00292874414108673,-0.0115022331110675
2019-05-30,0.00518695297995646,0.0063229809343652,-0.00157763924308225,0.00131266361502732,-0.00863792041334581,-0.00763291003805283,-0.0107190077828488,0.013166033503384,0.000685282460519501,0.00450073364842593
2019-05-31,-0.0181154333888061,-0.0163045728305608,-0.0227107553407903,-0.0132956666793347,-0.0162576081897456,-0.0262383114858939,-0.010274721402072,-0.00243631944353308,-0.00733944547847251,-0.0302714972548673
2019-06-03,-0.0101104345622074,-0.0310482346259087,-0.0464094735203401,-0.0612383016876875,-0.033430596165432,-0.012402343507875,0.00471857611540167,0.0173011279077618,0.00512636344940828,-0.0750549307644702
2019-06-04,0.0365838970835507,0.0277039511069,0.0217818769007684,0.0151626627640346,0.0817456189634208,0.0689193485173065,0.0308097460563992,0.000400216201202593,0.00588453010555912,0.0204080085293557
2019-06-05,0.0161435522466972,0.0216791094175349,0.00516901688280795,-0.00934103699458678,0.0154442037352699,-0.0120281585307084,0.00355390759605965,0.0155997488041692,0.0181360731306612,0.00400004366519212
2019-06-06,0.0146816801732059,0.0158149150533728,0.00912279827135491,0.00298680433511843,0.0476117502048561,0.0176955001958846,0.00217947388549021,0.0122093993025417,0.0066074384259416,0.000951416279023362
2019-06-07,0.0266169462365588,0.0280081904456248,0.0283122911370892,0.0196703132682516,-0.00704051997686772,0.0119627734060746,-0.0109631650927356,0.00175117334179911,0.00903850064853606,0.0298224150123361
2019-06-10,0.012779504529001,0.00913258717268504,0.03137422141505,0.0134692976206514,0.0409780333593832,0.0201374739608162,0.0108099489474125,-0.00213659156944062,0.0137654194269018,0.00848007482455775
2019-06-11,0.0115796076723483,-0.003770945006603,0.0016499334704255,-0.0015884915319525,0.0198233485028364,0.0156300093127361,0.00308124619586427,-0.000972684862153686,0.00390624634640714,0.0187620703933129
2019-06-12,-0.00318273642542263,-0.00461774482072992,-0.00449641819219174,-0.00179474383842224,-0.0361123429221293,-0.0301821833729466,-0.0127395651002653,0.00603905784301828,0.00815278627774508,-0.0171814412826515
2019-06-13,-0.000205858474553994,0.00631219033936303,0.00807408488756279,0.0110369683227949,0.0222211208589371,0.01409022009791,0.00247100602533019,-0.00214664249256801,-0.00156215344521511,0.0138826502642939
2019-06-14,-0.00726249840383932,0.000982431251714171,-0.000336863286372172,-0.00431704062028499,0.00472160398647022,-0.0244166021373762,0.0025559259115862,0.00352041817969799,0.00386538791502896,0.0217500545887684
2019-06-17,0.00596628298685336,0.00302018578883509,0.00875021596630154,0.00698700915389531,0.0470407442173971,0.0026965250618925,-0.00546318819917229,-0.00857539902587955,0.00082544557579821,0.0423538033016502
2019-06-18,0.0235187280495184,0.0173879455141153,0.00813346875630639,0.010375868195224,-0.00128868723696881,0.0541266137294343,0.013642181363888,-0.0045212884688714,0.00448853067959251,-0.00285699583116569
2019-06-19,-0.0029226784043739,0.00392117811708592,0.00390247253430684,-0.000660502349272917,0.00751976469187777,0.00156994148308675,-0.00722629865251665,0.00947852795409079,-0.000273425610176983,-0.00525286018812038
2019-06-20,0.00803594312660567,0.00928620819299779,0.00492459857934526,0.00786768017131837,-0.030075551830088,0.00640008633301362,0.00254773963276873,0.0105634136181173,0.00638557477511997,0.0109345129082138
2019-06-21,-0.00340952543907786,0.000145760132579406,-0.00359190361982536,0.0109325135238097,0.0101994782625673,-0.0151849365409607,-0.00680653177789438,-0.00212928029299207,0.00734232729304682,0.00849469491988738
2019-06-24,-0.0010061663658776,0.00591384972887951,0.00136030188978143,-0.00770420827398834,0.00802307645982333,0.00593041315548999,-0.00712729856846721,0.00717738271349082,0.00099000045246969,0.0076384748903038
2019-06-25,-0.0151576822429319,-0.031572229483323,-0.0186164561962568,-0.0260767021555948,-0.0173492693830765,-0.00772958392977706,-0.00828256087499308,-0.00308161755657164,-0.00467468521277498,-0.0195224032914762
2019-06-26,0.0216291418773257,0.00374730678275915,0.0104138859394788,-0.0066755659123092,-0.00222973872857258,0.0513598584256285,0.00668137066277651,-0.0123647529288125,-0.00505779830002768,-0.00624875457375141
2019-06-27,-0.000299997942596208,0.0016428458955781,0.00339856044794396,-0.00341557641839558,0.0162812912559676,0.0249277716553983,0.00331872467143251,-0.000782437994860121,-0.000544547636904404,0.00980506947744922
2019-06-28,-0.00911208102151839,-0.00141628283445004,-0.00559259781877883,0.00573080970407858,0.00278225623963309,0.00612625649691126,0.027195757770818,-0.0031322938392463,0.00354194484992454,0.0184695874611368
2019-07-01,0.0183410330562677,0.0128396753151619,0.0150820775410731,0.0158847570100206,0.0166025371253755,0.0118128395420095,0.0168157885488714,0.0133541462558667,0.00117663294797545,0
2019-07-02,0.00585434254714232,0.00663303161060488,0.0063053374129495,0.0114546901997882,-0.011533195712381,-0.0237108883469595,0.0010556662256827,0.00736460185930133,0.00885914942210639,0.0103627924765688
2019-07-03,0.00828687054988933,0.0064432881060092,0.00242460692038476,0.00933838355239797,0.0460921555160566,0.00320557448420914,-0.00159292109639967,0.00230838807742334,0.00645171973018484,0.0112819679594903
2019-07-05,-0.000880553882968981,-0.00291028535188706,0.00201653678202452,0.00861993792965199,-0.00766282801585917,-0.015483744220644,0.00593868857293407,0.000192131058569344,-0.00302695055939737,-0.00405686467302662
2019-07-08,-0.0206140865499225,-0.00072939917620835,0.00484322104946476,-0.0140200276601421,-0.0118404128513821,-0.0188482190243741,-0.00546300310718949,-0.00211098165916022,0.00660820323800451,-0.00325864930347531
2019-07-09,0.00609946204739268,-0.0036507235321055,0.0184293932405262,0.006715663777081,-0.00121563044635454,0.000636084827992391,0.0042524664523474,-0.00788491422406193,0.00141955651265907,0.017623639448613
2019-07-10,0.00988870877764922,0.0101860177871753,0.0146406249388504,0.0147827336969787,0.0385117631063967,0.0174814267351572,-0.00291111052674409,0.00445855046369873,0.000885672813998048,0.0176699142651885
2019-07-11,-0.00728242586550821,0.003990410404569,-0.00809950732523191,0.00277846812276144,-0.00133938308984797,0.0388606452131957,0.00955567328985265,0.00424550104860009,0.00832049430062663,-0.00739907306000366
2019-07-12,0.00768262128849292,0.00361226891965478,0.00496240262091547,0.00110127486062821,0.0271584340611864,0.00799850694537107,0.0105172025781398,0.00153712126848521,0.00596898287286971,0.0180886595149926
2019-07-15,0.00939524235416428,0,0.00496764241472865,0.00451396057610317,0.0343560894855293,-0.00202875919013078,-0.0121422605421998,0.000191968039375222,0.00331576763344646,-0.0046856641252921
2019-07-16,-0.00345995776123295,-0.0131025941810209,-0.00548737764972994,0.00256406124729308,-0.00441816441503506,-0.00113588135615952,0.0107110928395816,0.000191574113429071,-0.00191359280630124,-0.000343462202994861
2019-07-17,-0.00562318534353571,-0.00590945655003357,-0.0088910021127253,-0.00582585846999273,0.00982653389741595,0.0157413466587031,-0.00981590661776345,0.000767399224406165,-0.00139388417299079,-0.0100077723903988
2019-07-18,0.0113594872638661,0.00110085804096463,-0.00709331497403957,0.000435892566501794,-0.00517938756868383,0.00276913299347269,0.00596545680645472,-0.0028747823333871,0.00104689977152493,-0.00505466053635337
2019-07-19,-0.0149276256054443,0.00146611740159661,-0.00676473776197462,-0.0136762219739368,0.01830088813134,-0.0102243889280276,-0.00985426865286819,-0.0123006775850788,-0.00714783116562252,-0.0120529218593464
2019-07-22,0.0228540716163571,0.0132481427365838,0.010745666804249,0.00676939764822061,-0.00968312990460547,0.0170982961179783,0.00642953098046308,-0.00330773199900005,-0.00948188197141394,0.0199638360552357
2019-07-23,0.00781767197532748,0.00621309586926808,0.00446206781282671,0.00775984096103908,0.0175610272468565,0.0253325685889458,0.0182898934105953,0.0607183810636514,-0.00647042103587087,0.000197687188998331
2019-07-24,-0.000814039938309537,0.0102658013652478,0.00316867223774078,-0.00724720611359728,0.0181034993728011,0.0170788016476143,0.00403922122824523,-0.0101232779288036,-0.000802981348625273,0.0113658676964899
2019-07-25,-0.00790720172378136,-0.00376613372068177,-0.0134894865269117,-0.00332527639318311,-0.136137081106351,-0.0295536011898776,-0.0095866440028291,-0.0132018447468179,0.00196428350960367,-0.0193002665178732
2019-07-26,0.00347834827290095,0.00820318089275563,-0.0155891167857575,0.0962023692918461,-0.00340879580096783,0.00974743711774574,0.00440766493018043,0.0207272514267893,0.00712873403276785,-0.00478316302118908
2019-07-29,0.00933839355364226,-0.00219341193958256,-0.0157484247648722,-0.00271443026091897,0.0338975501895987,-0.00142828546766421,-0.00318361433521384,-0.00332293955411491,-0.00663593137391435,-0.0190736835044519
2019-07-30,-0.00429226358375333,-0.00482144210238789,-0.00727861291304832,-0.0111447129667766,0.0275268333899857,0.00360365028498516,-0.00224448346548344,-0.00500102744307201,-0.00187032083884965,0.00561392177946472
2019-07-31,0.0204041575426556,-0.0290704237329209,-0.0167234813504935,-0.0079804792158813,-0.0026831684676687,-0.0383584504047999,0.00354731545352165,-0.0202903843828226,-0.0149921744452555,-0.0142612427348027
2019-08-01,-0.0216392522604015,0.013135803233078,-0.00613889227422729,-0.0052700424751855,-0.0321178001205721,-0.0225225004899763,-0.0263793195576873,-0.0114003677657789,-0.00905937519146919,-0.0077227184829752
2019-08-02,-0.0211582074911796,-0.00840244538563151,-0.0172907778378604,-0.0127580747784837,0.00209539189958111,-0.0226168160784756,-8.86188462262052e-05,0.00576605162533526,0.00018273362608894,-0.0192496532964064
2019-08-05,-0.052347585065959,-0.0342582241272329,-0.0318718571074927,-0.0347483592167128,-0.0256892600054952,-0.0645202347926526,-0.0297529841489774,-0.0129943259651386,-0.0327242559274142,-0.0385673213520975
2019-08-06,0.0189304369854301,0.0187580123133898,0.0128602667575848,0.0141417205737826,0.0106430009064799,0.0103456776955994,0.00784888596349902,0.0120036530114806,0.0137027992912307,0.015297312365576
2019-08-07,0.0103552535547362,0.0043805621988358,0.00311546155012781,0.00412447466154208,0.01157093160983,0.0101079111904119,-0.0217332070192944,0.0174095224596415,0.00866999525859635,0.00346863959076253
2019-08-08,0.022055831118917,0.0266851977126706,0.0220196565606758,0.0257500925486972,0.0209065994003892,0.028397112611651,0.0169398166609667,0.00959023791434608,0.00789420913961436,0.027059080892339
2019-08-09,-0.00824041946384666,-0.00849584034586498,-0.0138088256204531,-0.0143343407411791,-0.0138062061024153,-0.0257805703806818,-0.00109216139594932,-0.00502905786705857,-0.0114265031520641,-0.0121474239195212
2019-08-12,-0.00253753048815267,-0.0139425391250961,-0.0125360496687708,-0.0121120679280499,-0.0255308052420738,-0.0177063016414603,-0.0187718584925685,-0.00411825634869412,-0.0192019908252433,-0.0132021980215203
2019-08-13,0.042348355850521,0.0206937804971189,0.0220850303975531,0.0189271633913988,0.0261561042163939,0.0303729722681322,0.0154161202036148,0.00563915430705035,0.0208131451092394,0.016615363089413
2019-08-14,-0.0297651650071851,-0.0301145495488481,-0.0336450458535652,-0.027140554029038,-0.0654468726006574,-0.0383210659942181,-0.0415216885486121,-0.00953270098036556,-0.0112651999666472,-0.0463781655573231
2019-08-15,-0.00498121709762794,-0.00223861115997186,0.00746468566225602,0.0043545516581207,-0.0181221360620899,-0.00866252756175769,0.00381686228053303,0.0166069612077421,0.0611114297940709,0.0160256133474528
2019-08-16,0.0235944936713801,0.0183269486139284,0.00926178567317046,0.00845800050707536,0.0199406554016443,0.072527835012179,0.0239540290319153,0.0100243351880616,0.00266244789578061,0.00607925014194365
2019-08-19,0.0186442694692211,0.0167485360509853,0.0131375381593154,0.0180035895629082,0.0313266650280683,0.0703183697358396,0.00900471395036351,0.00514562683300383,0.00725725847628426,0.0134459179704653
2019-08-20,4.74630974421607e-05,-0.00830842724083309,-0.00811619841971126,-0.0140864447934396,-0.00427633574634167,-0.0170389915705763,-0.012696443861861,-0.0148105451040298,-0.0154647684961491,-0.01267674474229
2019-08-21,0.0108386535003692,0.0111467718740896,0.0123016987640704,0.00680174836176416,-0.0222704027764566,0.0200149377492791,0.00279575305124224,0.00408326911659391,-0.000267374813605979,-0.00141440729312258
2019-08-22,-0.000846553342527991,-0.00727710030184583,-0.0103534907259389,-5.04833620522297e-05,0.00597746887764758,0.00146031674156943,0.0103147607216079,0.00720870270877586,-0.00098212542886122,-0.00822673419898941
2019-08-23,-0.0462205873981172,-0.0318627008215301,-0.0304988069691268,-0.0318416317666129,-0.0483907599586379,-0.0527175736586615,-0.0248342818949182,-0.0137637044554502,-0.009650722708777,-0.0235660710430098
2019-08-26,0.0189991803648497,0.0154435237681993,0.0110023189674798,0.0152567373465116,0.0170293121547284,0.0185299415845732,0.00801720990124735,0.0148860004553218,0.0104667810768382,0.0146835938502858
2019-08-27,-0.0112836196381445,0.00214123129689408,-0.00397991247073778,-0.000307256709894099,-0.00427902586025336,-0.0220607690477618,-0.0105736608477471,0.00330090985348874,0.00383918987296548,0.00521175524447214
2019-08-28,0.00671032304104997,-0.00132622710090021,0.00137359675096718,0.0025025005952548,0.00705346115544707,-0.00259883952503984,0.0100246899659737,0.00712685350195954,0.00266850902315839,0.00253702436831089
2019-08-29,0.0169318509333594,0.018884951216382,0.0125548890439343,0.0174569329221505,0.028387214669075,0.0358520669357817,0.0226590630619197,-0.00108864116269349,0.0120656666840154,0.0209619575844215
2019-08-30,-0.0012917700804181,-0.00188289209229243,-0.00565943568276003,-0.0031066360722382,0.0175904964128159,0.00305352958951384,0.00585993997346376,-0.000181666110706309,0.00157767534559875,0.000538785876210612
2019-09-03,-0.0145636427675896,-0.0132017085970898,0.00762823494080507,-0.0176224094683316,-0.00265945406340284,-0.0199387765263088,-0.0118333110968189,0.00472409255071501,0.00332554752037194,-0.017665755436206
2019-09-04,0.0169666255692183,0.0116879764130523,0.00602290131326884,0.0108759180066441,-0.0192435931350967,0.027958423584867,0.0120668736140418,0.00849877952907646,0.0110783870519668,0.0260431295394157
2019-09-05,0.0195515398366533,0.0175833064512228,0.0222701616357823,0.0253073317569359,0.040329883675326,0.0650629780070344,0.0227545190371271,-0.0116552668491868,-0.00405469910066231,0.020091908168026
2019-09-06,-9.41430659071679e-05,-0.00678337033336222,-0.00391699050586635,-0.00484256553550289,-0.00927782473523347,-0.0060642826117205,0.00213545042388635,0.00199570566153066,-0.00615064168830502,-0.0178627124178697
2019-09-09,0.00426735247974407,-0.0113587022131691,-0.00117808695023953,-0.00087036836050138,0.0190811807892913,0.0103555777780721,0.0247758305349664,-0.0128552494213464,0.0139457137041112,0.00677366455473791
2019-09-10,0.0118128081490145,-0.0104710786635399,-0.00589729906052711,0.000356773205273766,0.0161784367822448,0.0148475165993594,0.0127385325166309,-0.00220084447078419,-0.00240644422515156,-0.013721143826706
2019-09-11,0.0317953757334663,0.000293598065669565,0.00134027247653104,0.01186029660822,0.0490786763062496,0.00627811016972835,0.00273810329761088,0.00680144663870988,-0.000258913378709497,0.0124617433746935
2019-09-12,-0.00223610592294365,0.0102852645869592,0.0112781737765512,0.0122705954834093,-0.00497778625830892,-0.000325458431969107,0.00614387086888339,0.00620771493384384,0.00775722945709643,-0.00541158933614031
2019-09-13,-0.0194540137657343,-0.00145414672155664,-0.00228358330390238,0.00409715496354819,-0.00272499444074581,-0.012644779389288,0.019675884230058,-0.00822518557650087,0.00436203744626892,-0.00149334396432101
2019-09-16,0.00525700324258,-0.0072095265793297,-0.0171257573750243,-0.00677397046467817,-0.00974719734676546,-0.00950822031950524,-0.00889946567421357,-0.00552887679321693,-0.0158391699644756,-0.00518198681298241
2019-09-17,0.00363806553252963,0.00777520994904371,0.0081368280854092,-0.00142090780581676,0.00815452282267063,0.00477176624292736,-0.00495153570354804,0.00518906553070241,0.00813336365453908,0.00998823709579182
2019-09-18,0.00937914345230639,0.00822482594724091,-0.00279280498153712,0.00225223182607507,-0.00531052368914067,-0.00601963385378607,0.0100363005803949,-0.000184233229900929,0.00557891226564028,0.000319022707227206
2019-09-19,-0.00812482899746943,0.0184086516719175,0.0022228367850442,0.00494865562292032,0.0127725529819141,-0.0168905768528905,-0.00317292965141152,0.00534732616653752,-0.000426544453940614,0.0106302360104967
2019-09-20,-0.0146179302713507,-0.0115543274852314,-0.0150095724506427,-0.00719268320672783,-0.0242498951480388,-0.0240194437130297,-0.00402072469863201,-0.0111885620725898,-0.00111012971736916,-0.0011044420599842
2019-09-23,0.00454664911712207,-0.00215147561299619,-0.00493825291560263,0.00394361362456627,0.00253523129675824,0.0124498419122312,-0.000168430110244337,0.00426621679559224,0.00547116336326506,-0.0163743647614202
2019-09-24,-0.00475495770125463,-0.0126490808171211,-0.0244720961506276,-0.0132502879942073,-0.0747005313345041,-0.0132120750621916,-0.0130381652394471,0.00295556649324901,0.00663125854804164,-0.029654221468843
2019-09-25,0.0153896679799299,0.0144124034174174,0.0153421095400622,0.0226622134090957,0.0245956839198376,0.033037641652797,0.00571033553484805,-0.00239408722819001,0.000591753360662868,0.00838475891667492
2019-09-26,-0.0051574627917142,0.00129160338347369,-0.0161112413599642,-0.00292956968727002,0.0606034581597872,-0.0049935617262106,-0.00822031246982556,0.00406126835235837,-0.00143537542606419,-0.0147154585190732
2019-09-27,-0.004866300706994,-0.0129710683175722,-0.00827084912887475,-0.0131531267779224,-0.00177280558691634,-0.0314647739619752,0.00589593947613392,-0.0014708204461719,0.00126814787494716,-0.0167120109191314
2019-09-30,0.0235355023319278,0.00943853878140681,0.00606221716145736,-0.00392343577720648,-0.00520379338104663,0.0134488807575811,-0.000255061487705939,0.00239356125387726,0.00194168564419688,0.0055336175508496
2019-10-01,0.00276794171142921,-0.0140970963580575,-0.000149782972911385,-0.012398293013384,0.0158592149178468,-0.000402247076412045,-0.0181832278064096,0.00385765492632629,-0.00699353400344936,-0.0127471010019795
2019-10-02,-0.0250675958274841,-0.0176555498447047,-0.0129173759859109,-0.0232835069567249,-0.00637541894006447,-0.00551692525187665,-0.0199046722072725,-0.028728409227223,-0.0146799846769934,-0.0068826500776664
2019-10-03,0.00849476619784185,0.0121055255515262,0.00653154164155033,0.00977138220461154,-0.0415416668137649,0.0477922173469002,-0.00142440327909726,0.0143179873316978,0.00163635531209398,0.0273771280082219
2019-10-04,0.0280317086699993,0.0135017004763576,0.00883192599980232,0.0181010575334164,-0.00686600109994087,0.00364009743444238,0.0216599377759289,0.0130014921953627,0.015905975630284,0.00596489725293877
2019-10-07,0.000220248777638327,-0.00724031745764133,-0.00401799145160423,-0.00223780879210788,0.0271787901321131,0.012969392810355,-0.00218119259251238,-0.0122846245504945,-0.00787081476224198,-0.00426713837677558
2019-10-08,-0.0117151441658217,-0.0105747027264529,-0.0156696149002209,-0.0149968577618186,0.00980139888283751,-0.0385181978485621,-0.0222960548262037,-0.00538331968464685,0.00298562822291285,-0.0107412263722459
2019-10-09,0.0117201878795023,0.0189432001815481,0.00966285922361902,0.0103097314645421,0.0186628575310616,0.0196358385479909,0.00724359852004849,0.00466601498522421,0.011481304089072,0.0118142666237972
2019-10-10,0.0134784591520249,0.00622085926868514,-0.00100467566733778,0.00587982476769744,0.000858786586031711,0.012838075982976,0.0140285392902992,-0.00315839450124791,0.00571793037068545,0.00100094943249332
2019-10-11,0.0265983437008682,0.00416974136728102,0.00677804726955133,0.00515938144664299,0.0128707455668725,0.016172506173841,0.0168986345587833,-0.00670856362093688,0.00526709129973606,0.0231072094872543
2019-10-14,-0.00143935903769667,-0.000930526834165841,0.00260406961536169,0.00169445141352502,0.036588871936985,0.00290308557731864,0.0026691812922324,0,-0.00889891135076945,-0.00494054519680665
2019-10-15,-0.00233179840599816,0.014474818904074,0.017823932579885,0.0200942294832689,0.00361925636785234,0.052752759183359,0.0301418476891357,0.00393981668679692,0.00302068439805054,0.0306088546918171
2019-10-16,-0.0040370838106345,-0.00819352566484907,0.00568632431361967,0.000611747483716961,0.00721240917786015,-0.0109995996914704,-0.0023342156590614,-0.000373406901543138,-0.000920000845592666,0.00349420164264657
2019-10-17,0.00388271440685511,-0.0051277771670704,0.00565425870053473,0.00788411245236962,0.00854661032957243,0.000411967452102863,0.00559799733020427,0.00560820520332346,0.00351715552129121,0.00443127522965605
2019-10-18,0.00480286354370609,-0.0163219248049043,-0.0167665875989341,-0.00669700092643306,-0.0191625307226575,-0.0195581753952738,0.0017450832045876,0.0184049037601271,-0.00584151999976696,-0.0238455930722405
2019-10-21,0.017342694903561,0.00742298898866165,0.0160169049918137,-0.000104469127456424,-0.0134267106540833,0.02897784180013,0.0248011445505083,-0.0100399428611829,0.00503619760466252,0.0210384530418883
2019-10-22,-0.00228681267835582,-0.0148814791602526,-0.0111611184651901,-0.00247531148962768,0.00820521085400839,-0.00204072529820494,0.0100362329660261,-0.00700726419892305,-0.00133657674843264,-0.0391020323819448
2019-10-23,0.0134188788375086,0.0063797648980163,-0.00201617920947731,0.0132371888491193,-0.00352148268996059,-0.00265847570336619,0.00264452763073213,0.0146704705573113,-0.00192312902632774,0.0208949400603669
2019-10-24,0.00164489390039429,0.0196739188677603,0.0105608865246115,0.00117671633264298,0.176692323531959,0.00907301377644364,-0.000719339084003125,-0.000548991695961583,-0.00209463604428138,0.00123558603336518
2019-10-25,0.0123162169344271,0.00564520087474748,-0.0109222211178254,0.00412203647296604,0.0949346393529068,0.0390124878489849,0.00799805646591643,-0.0157482959473291,-0.000503515787961051,0.00810181940974053
2019-10-28,0.0100170261249639,0.024585799822305,0.00894208914592085,0.0195206829470645,-0.00127997488877197,0.0110001398545283,0.00380858269995318,-0.0033487504264258,0.00151204391474103,0.00803654390012808
2019-10-29,-0.0231277218588197,-0.00943163799834604,-0.008086279290599,-0.0219708533328728,-0.0350615205911859,-0.0187146171091393,-0.000632379231971506,-0.00298692737406978,-0.0173631443909301,-0.000475158468634463
2019-10-30,-0.000123436839125144,0.0124623782916991,0.00980306950357705,3.17300040255947e-05,-0.00382639882236796,0.000393906421666937,-0.00553673024357839,0.00992336837647403,0.00810952076124599,-0.00559917867349907
2019-10-31,0.0226094780789372,-0.00857517872127627,-0.00187075526804021,-0.00150706635277785,-0.000285729907309899,-0.00975349127272741,-0.00644228333531958,0.00908423161570345,-0.00711272146755751,0.0180609476073781
2019-11-01,0.028380914011753,0.0024416265365451,0.00831896267786365,0.0106846727545886,-0.00511244768449052,0.0078101930520785,0.023054910043972,-0.00973757562588854,0.00307020725499189,0.0102791287346019
2019-11-04,0.00656719170157711,0.00577494114346466,0.0073795731160687,0.0136450098978539,0.013277626893231,0.0390443626704299,0.00798107704845089,-0.0140999943858537,-0.000425301561033346,0.0056814281532122
2019-11-05,-0.00143697831174817,-0.000622558487290212,-0.0016346467664725,0.00141906040902549,-0.000787463948830934,-0.00422785803038855,0.0021736027999855,-0.0135493730857879,0.0109720014627477,-0.00205418772349806
2019-11-06,0.000427849568560151,-0.00276879942986279,-0.00329692004877808,-0.000332848792535388,0.0295062710803381,-0.00944600510909394,0.00154933615439464,0.00724930816279816,0.00538452244738585,-0.0142550375329656
2019-11-07,0.0115411361455719,0.00138801910197734,-0.00421539809043555,0.0123392879955298,0.0274358775337042,0.00341921256166405,0.00541334383695495,-0.00965888533890655,0.00610895373790927,-0.00589924596146262
2019-11-08,0.00273680106226815,0.0117842737576063,-0.00129744926849679,0.00157599477901744,0.00476842844027662,-0.0026880053066234,0.00292328323974964,-0.00153006613529324,-0.00657064444191465,0.00220555537220367
2019-11-11,0.00791893010889408,0.00102779566066828,-0.0079680839183853,-0.00818937654113428,0.0235807390373487,0.00192521822723241,-0.00352823251850196,-0.00708662580886684,-0.0033487871525558,-0.00644502110686442
2019-11-12,-0.000915464782157949,0.00657027563367036,0.00358428464814953,-0.000824182791064205,0.0140253047438316,0.00686926423527918,-0.0058496090446529,-0.00250769535142139,0.000671482425131276,0.0256315152524947
2019-11-13,0.00958180054750014,0.00163192964306155,-0.0139988659750555,-0.000794026642528985,-0.0109164953797504,-0.00496155374389959,-0.00526490379660192,0.0135371276184296,0.0156149844034984,-0.00658197839713778
2019-11-14,-0.00691948702725724,0.0050912243525605,0.000849929960201309,0.0100062765489241,0.0093612514601245,0.00584919447408688,0.000934129971453237,0.00419765063787728,-0.00272785250943617,-0.000207029737282245
2019-11-15,0.0118791755194699,0.0129003545608061,-0.00861165809356234,0.0186305243136483,0.00807212185279315,-0.0266933502686109,0.00723155554634281,0.000759651831217759,-0.0147534018278124,0.0100958038959571
2019-11-18,0.00504216192011424,0.00246694449563702,0.00749645480030477,-0.0102735996293426,-0.00619023084620803,0.0396201078857412,0.00841518554960573,0.00683518533706017,0.0116092683884688,0.0117888109034185
2019-11-19,-0.00303289449283409,0.00033283232893794,0.000148362514051072,-0.00549296066884895,0.0272293789350929,-0.0202094956576663,-0.00030634444538881,0.000942881652977141,-0.00299376312352453,0.0097265009769505
2019-11-20,-0.0116411193483658,-0.00173507430405963,-0.00414204299872454,-0.00817436200980465,-0.0203048908833129,0.015337431230311,-0.00727522662585014,0.00263754688643439,-0.00633928360888796,-0.00908108164778683
2019-11-21,-0.00448338332975471,-0.000935414318890082,-0.00619869478618142,-0.0013213291429593,0.0074101324662894,-0.004735100819833,0.00231404924085819,-0.00488551505551218,0.00612813698062717,0.00212661628788985
2019-11-22,-0.000877896257366155,0.000735864351829262,0.00634695844121492,-0.00497647961075163,-0.06140963459165,0.00337791179554359,0.00661933209945141,0.00132184898697467,-0.00417144568719465,0.00449642780039758
2019-11-25,0.0175339985736996,0.0109631970119359,0.0161079460605331,0.00925268097391623,0.00990868849281925,0.0489355624439972,0.00535201967735637,0.00358291543397961,-0.00368671032002058,0.00487878956495644
2019-11-26,-0.00780881100085929,0.00529008334107117,0.0130225810874772,0.00563706997736649,-0.0220610270471868,-0.0190318042082443,0.00136891310775472,0.0127769066182571,0.0022704078466224,-0.00410417632338091
2019-11-27,0.0134320709052867,0.00190738922351967,0.0120037267673568,-0.000662499970706799,0.00720544279793548,0.00645638174026403,0.00296182076637308,0.000927919924265687,-0.00360779937881478,0.0152283793555786
2019-11-29,-0.00220277357328683,-0.00617095499536176,-0.00973872078767644,-0.00612743862301884,-0.00407498645226387,-0.00687330142677193,-0.00227160614209055,-0.00280104584937856,0.00277905638059222,-0.00178207940704733
2019-12-02,-0.0115619350932841,-0.0120885875736053,-0.0106619177555678,-0.0116784465907623,0.0149421114147904,-0.0345574156472753,-0.00220080312465399,0.00655418932181549,0.00159554566506196,-0.00962126682502336
2019-12-03,-0.0178302349038535,-0.00160534787097031,-0.00653346116365939,0.00456195693777726,0.00397170161531338,-0.00759837607589659,-0.0128546070326337,0.000930179385646864,-0.0051142872843667,-0.00440663944345222
2019-12-04,0.0088262429598343,0.00361695060470022,-0.00523741746489753,0.0186908847120954,-0.00942895106664064,0.00847517517840836,0.0197254166702609,0.00910801958831808,0.000168446759595733,-0.000553113417235202
2019-12-05,0.0146707020010141,0.000533686472899907,-0.011478432267734,0.00608075470879303,-0.0079872050770045,-0.003247151263785,0.00544048375890452,-0.00184227659471562,0.00423174918517934,0.00327110604954776
2019-12-06,0.0193166454239347,0.0121390003201485,0.00638903914553341,0.00936733449050126,0.0167085394823623,0.0164321041386768,0.0148805777870738,0.00424443900046875,0.00943870378605126,0.00847700735265824
2019-12-09,-0.0140003855869961,-0.00256985012055687,-0.00119319267766273,0.00268772586046353,0.0108367765576875,0,-0.0046652763962637,-0.0064314287512708,-0.00350631391225305,0.00144245775113731
2019-12-10,0.00584470521832945,-0.00151974665000342,-0.00588735563432523,-7.45766657296794e-05,0.027420335973248,0.00853070306332071,0.000669553443107264,-0.00554830060236654,-0.00184336643700151,-0.00233434064797832
2019-12-11,0.00852920567137816,0.00377173685982532,0.00546793510174087,0.0010127602057651,0.0110651807019262,0.0157024603219161,-0.00237918350580361,0.00334750242564265,-0.00117508469243775,0.00691988876529166
2019-12-12,0.00254854217145827,0.0101517625322159,0.0066392034282196,0.0031543488434442,0.0197902165178764,0.0309654245371715,0.0286186272016921,0.00352171426303328,0.00638664055737236,-0.0272422825750937
2019-12-13,0.0135930389686702,0.00841798425193616,0.000346465595844979,-0.00120136606616512,-0.00358646031687023,-0.000356975545850129,-0.00876684121683181,0.00517183754428239,0.00442540037145384,-0.0134178997952437
2019-12-16,0.0171176638665597,0.00647097359587153,0.00469641859413999,0.0102682143064375,0.0644827395441045,0.005178549800775,0.00387354257985356,0,0.00207861530553899,0.0196279601562547
2019-12-17,0.00196555461663274,-0.00540066608352944,0.0121239929122765,-0.00426994075902311,-0.00657922810272922,0.0139464023020041,0.00611628607668658,0,0.00613881469633381,0.00237475513175788
2019-12-18,-0.0023893671862192,-0.0020684740398922,-0.00370251419034461,-0.00219936820255714,0.0373623964559826,0.0053441900060952,-0.00101318408904556,-0.00937172714428747,-0.0117082030428138,0.0207168092682687
2019-12-19,0.00100084867351303,0.00868034741423101,0.00462434459513956,0.00335064970831058,0.0276994187280227,0.025924785699213,-0.00499840878429765,0.00760554950867287,0.00183526101195569,0.0175801907598189
2019-12-20,-0.00207124284177825,0.010917630906883,-0.00322495893455739,-0.00384826784279934,0.00383622350647271,0.0166056305343832,-0.000800658013024443,0.0119659484790128,0.00174872514286368,0.00116474419249635
2019-12-23,0.016318345637454,0,0.00363845047568289,-0.000436536785397309,0.0336053629419802,-0.00229748974533586,-0.000291765030846307,-0.00109130872124329,-0.0104746558115144,-0.000581694570874944
2019-12-24,0.000950731046534111,-0.000190533396296243,-0.00211376350409208,-0.00459053613703102,0.0143838710428132,-0.000837520534897942,0.00276987441742208,-0.00364253287858468,0.00403248038817646,-0.00514111881524764
2019-12-26,0.0198405054942176,0.00819674899543751,0.0444665154953192,0.01341823450378,0.013380370052543,0.0023886131479234,0.0106120646688222,0.0056662020127333,8.36747708584493e-05,0.0130167480505282
2019-12-27,-0.000379701535815403,0.001827568973908,0.000551147689535508,-0.0057466851432633,-0.00129952341734791,-0.00969941070156726,0.000719124209862279,0.00599807723481786,0.000585882777807279,0.0014919478371378
2019-12-30,0.00593500814953694,-0.00861878361226266,-0.0122526495804886,-0.0110214700835749,-0.0364328724217586,-0.0192088344623751,-0.00366563235374695,-0.00144553015696633,-0.00158875680430797,-0.0177319833953548
2019-12-31,0.0073064007901249,0.000698403892091156,0.000514384847441079,-0.000238747296724158,0.00875326737503765,0.0128270509575548,0.0055546198633264,0.00144762273929189,-0.00468999876823355,0.00410951129739816
2020-01-02,0.0228166925846423,0.0185159801727573,0.0271506103548767,0.0218682261962709,0.0285181750157116,0.0195920184561758,0.012123546653434,-0.00650414007525179,0.000841464874029403,0.0220706687513163
2020-01-03,-0.00972224461496573,-0.0124515486190574,-0.0121390346559209,-0.00523152719880423,0.0296332582979199,-0.0160061413853867,-0.0131966692701226,-0.00545564241580026,-0.00882805746718122,-0.00529137888021824
2020-01-06,0.007968357272527,0.00258466785144687,0.0148855739305068,0.0266541947005291,0.0192546370451356,0.00419394110757921,-0.000794923659984916,-0.000365576081664377,-0.00203547294085631,0.0188337246287566
2020-01-07,-0.00470318619486603,-0.00911736286530895,0.0020916204156391,-0.00193173898553311,0.0388005246581531,0.0121068412332806,-0.0170010701883355,-0.00768242165632657,-0.00926505454929052,0.00216351129608049
2020-01-08,0.016086337442904,0.0159278381760099,-0.00780864026128859,0.00711774147569846,0.0492048257881216,0.00187538368468926,0.00780120693052493,0.0018431279601635,-0.00343169835841585,0.0101381492126302
2020-01-09,0.0212409741309743,0.0124930739644787,0.00479917478646773,0.010498008834078,-0.0219450119000967,0.0109827294471327,0.0036512914324108,0.0182152111875578,0.0103303319786909,0.0143108887622356
2020-01-10,0.00226058036452638,-0.00462709608307705,-0.00941059680203054,0.0064586052953782,-0.00662729763317334,0.00534916861312356,-0.00996804256301314,0.00343342397429058,-0.00835045710250538,-0.0010993669648066
2020-01-13,0.02136440373642,0.0120243972177273,0.00432257824569838,0.00774703797324437,0.0976889588509321,0.0313523529614716,0.00830444969293594,0.0108048490271695,-0.00429604487370156,0.0176556662059253
2020-01-14,-0.0135030489354462,-0.00704311287516501,-0.0115582117180522,-0.00655554084761134,0.0248828221202023,-0.0186523851149815,0.0116619524976776,-0.00231585474500292,0.00258898473024603,-0.0128431166114353
2020-01-15,-0.00428554669062586,0.00647631601457432,-0.00396912654892464,0.00601839340094175,-0.0361020135130578,-0.00691527301053123,-0.0149855223868083,0.0124997768598867,-0.00774679040179326,0.00954082872311088
2020-01-16,0.0125265898912411,0.0183232556365081,0.00854991102959292,0.00761548513334075,-0.00966247763601576,0.0136825040843952,0.00387647284280729,0.00211658894275428,0.00537819389001765,0.00280363396874356
2020-01-17,0.0110707301445018,0.00559690497165069,-0.00703966144232747,0.0202461015775326,-0.00582289415691476,0.00140613516707096,0.00692164004813382,0.00211195704710722,-0.00811041650527308,0.00166824856280071
2020-01-21,-0.00677688799774089,-0.00359074993666846,0.0146295252069263,0.00184522738099005,0.0718903061927894,-0.0053756222172798,-0.00984073328510492,0.00403912492552667,0.00548025931300247,-0.00315123718119841
2020-01-22,0.00356962967391712,-0.0048046296256047,-0.00239954946247059,0.00109284955253362,0.0408626444406178,0.00875238488733843,-0.00116930902622567,0.00769667607802845,0.0044121330696678,-0.000541784994207106
2020-01-23,0.00481546767628368,0.00615558692127499,-0.00152591122567774,0.000552619369152595,0.00463512214401448,0.0109950052299345,-0.00102447464941293,0.00381878566181893,-0.00249805370842448,-0.00704868912141296
2020-01-24,-0.00288195781185794,-0.0100769388025626,-0.0121724266388617,-0.0124738026414703,-0.0128976031808258,-0.0094122747579568,-0.0248279905752245,-0.00259397808222162,-0.0124341246352371,-0.00828175357993495
2020-01-27,-0.0294049068268074,-0.0167231718259768,-0.0178874637677127,-0.0234899966201221,-0.0120392728355794,-0.0410411806180314,-0.00841132759099649,-0.00346736740125936,0.0130279639331149,-0.0140865267980751
2020-01-28,0.0282889691460308,0.0195957046572711,0.0136243659245139,0.0131100439702212,0.0159133832220424,0.0323481074018969,0.0181776050109677,-0.0081768324277894,0.00638732273634122,0.0135897819485043
2020-01-29,0.0209326147776019,0.0155928490274417,0.00256309786233686,0.00427446793480871,0.0248545137699049,-0.00979969336216563,-0.00148777327615822,0,-0.0060892811179299,0.0249780655895991
2020-01-30,-0.00144891699114744,0.0282075879711409,0.00682448918987021,-0.00168191497294103,0.102962258665355,0.00109955283654773,0.0123670043816781,0.0324504456533027,0.00595347343798497,-0.0613716836118545
2020-01-31,-0.0443388646281385,-0.0147588448657656,0.0737913558648445,-0.0147636871672089,0.0152306904735046,-0.0381595439077332,-0.0259767781553545,-0.00781512937621604,-0.0179274486644577,-0.0363670243292601
2020-02-03,-0.00274636865681372,0.0243790186150824,-0.00225016858032614,0.0347714609934443,0.19894859376395,0.0164955298827855,0.00763041794430818,0.00308234562301003,-0.00192145099625393,0.0112922691481841
2020-02-04,0.0330136528661427,0.0329164034914791,0.0226873421407732,-0.025084263637863,0.137256402235765,0.0282945534666645,0.0143960448721912,0.00443838697874698,0.00875117754013854,0.0276210270622932
2020-02-05,0.00815419991374019,-0.00122119612297342,-0.0047812367371442,0.000442682796116496,-0.171758394792788,0.0146884518338586,0.0170008656440064,0.000169740055342321,0.0133598985675366,0.00133464899192792
2020-02-06,0.0116970263506294,0.0207338767925721,0.00507873288925203,0.0206912371206411,0.0194093169425456,0.0139176278925871,0.00014530156768939,0.0023790743069546,-0.00428065634171961,0.00352194792972573
2020-02-07,-0.0135924168826491,0.00141565257908193,0.0141691363906042,0.00212703682068993,-0.00118832380563248,-0.010461961323491,-0.0031975412669971,0.00339044448910062,0.00120378366884251,0.00701924756516884
2020-02-10,0.00474925847101171,0.0261570607894606,0.026273579599094,0.01997839824573,0.0310264963298582,0.0452322035531016,0.00415544527877289,0.0094609345887059,-0.0103046093337361,0.00343786969745031
2020-02-11,-0.00603332039424478,-0.0225755384605101,0.00791502598572556,0.000927891160070704,0.00401926093702878,0.0187092421693602,0.00188745069039806,-0.00267770206347183,0.00130129839172944,-0.027550873744497
2020-02-12,0.0237478675525375,0.00146384293965713,0.00427746959788784,0.00567537757230993,-0.00915565793369486,0.0173578891216289,0,-0.00302079140194487,0.00389936121440291,0.0172305211457654
2020-02-13,-0.00712102578592609,-0.00541376090434719,-0.00468981707537958,-0.0034504414030283,0.0478436525517797,-0.00645774414373249,-0.000869349731347137,0.00336655324412049,0.0137249295371921,0.0112924880830117
2020-02-14,0.000246288182442487,0.00892729226832262,-0.00697716607705035,0.00352856787923635,-0.00493775566834916,0.0702047194555763,-0.00304628388686328,0.00570376866446525,0.0038318385317385,0.00487944804024359
2020-02-18,-0.0183106225514491,0.0101427969195948,0.00974299060745301,0.000467301932561999,0.0729597130158367,0.0233961519202511,-0.0132401146569257,-0.00700618696908079,0.014759370738965,0.0169016275117838
2020-02-19,0.0144828382158145,0.00299899448514935,0.00674965009482319,0.00357365073016591,0.0687558089532548,0.0611324032054185,0.0136390850157535,0.00403178283526587,-0.0163001075229997,-0.00142316693974282
2020-02-20,-0.0102590726353304,-0.0152710975339015,-0.00788862691430758,-0.00516754882651659,-0.0196311050979867,-0.0190659645590532,0,-0.000836492332856609,8.49759458812223e-05,-0.0133798653606293
2020-02-21,-0.0226349994208411,-0.0316128421977957,-0.0265338233305645,-0.0221029870334936,0.00176780877916606,-0.0473923363389151,-0.012219307614393,0.00686554784517989,0.00756242820513176,-0.0205052342378197
2020-02-24,-0.0475002307246571,-0.0431156375159902,-0.0413555502346395,-0.0428727141110377,-0.0745949032764665,-0.0706971685508516,-0.026875651138534,-0.0246133919492865,-0.0190592212459467,-0.0450091151954972
2020-02-25,-0.0338722661290681,-0.0165015012559195,-0.0181904989511367,-0.023621945714547,-0.0406337396414472,-0.0410936489262603,-0.0446429172386992,-0.0141517352177497,-0.0165918974772594,-0.0196791183985227
2020-02-26,0.0158635741175143,0.0124947480979374,0.00347231541606028,0.00299348134867216,-0.0263904705767911,0.0213699971369806,0.00300974693162161,-0.00380507466481431,-0.00533272600235256,0.002185214583871
2020-02-27,-0.0653681312261015,-0.0704588153968662,-0.0481362654672727,-0.054312473700988,-0.128145839584627,-0.055665702993894,-0.0416141129342682,-0.0463541319609566,-0.0297066883582705,-0.0377788802271184
2020-02-28,-0.000584820637497343,0.0242124812408451,-0.000291846722489744,0.0184795467237287,-0.0162150478009949,0.0691609364559648,-0.0433384960359552,-0.0262151548746437,-0.024637611680349,0.0143347018707979
2020-03-02,0.0931008421794069,0.0665392971913765,0.0372661142532767,0.0351467358501956,0.113220342932153,0.0235492446567015,0.0465935985766104,0.0454291307720319,0.0761516869558408,0.0206265020998002
2020-03-03,-0.031759408214693,-0.0479194891299933,-0.0230098114023239,-0.0350571579150752,0.00254160952598035,-0.0381288559154421,-0.0375246331170252,0.00250331847349241,-0.0256299923741487,-0.0537058412602615
2020-03-04,0.046384547913379,0.0367154292546056,0.0350132290156381,0.0328023548202798,0.00535201737206789,0.0700287946612142,0.0247091202064977,0.0510169208696182,0.0341864184322854,0.0315777509964436
2020-03-05,-0.0324368383258269,-0.0250956343276733,-0.0262167943142842,-0.0483788115519949,-0.0333022304450716,-0.0394359967761087,-0.0490610230613915,-0.0369993249968539,-0.00727913932661395,-0.0343658461088986
2020-03-06,-0.0132799835807112,-0.0282671379208887,-0.011922924014239,-0.0144664384058558,-0.0290667048694493,-0.0265287483109817,-0.0516802508820614,-0.0260840344121206,0.0113008631769747,-0.0220338838187761
2020-03-09,-0.0790923055460545,-0.067772560380899,-0.0528538324516539,-0.0617022749408619,-0.1357252572025,-0.0774320798218859,-0.135455549418374,-0.0615272231065422,-0.000597221232222797,-0.0640013888148794
2020-03-10,0.0720213388123679,0.068384155465147,0.050655066684588,0.048840700402292,0.0613980238236649,0.063722524214889,0.0776972982495414,0.0347088844278342,0.0224479763179631,0.0512685093879263
2020-03-11,-0.0347303240993056,-0.0453021162602514,-0.0375088964297499,-0.0504011606512683,-0.0172004526705602,-0.0559599647710873,-0.0470705249028039,-0.0270221559682267,-0.0447449440777868,-0.0446152110934919
2020-03-12,-0.0987548173060632,-0.0948383197719752,-0.0792208251474793,-0.0820464246997013,-0.116172423011134,-0.122367663104382,-0.082430031207522,-0.0967246146237316,-0.0907104291375245,-0.092633880219391
2020-03-13,0.119808063075674,0.142168939686573,0.0646483368737654,0.0924115696747352,-0.024850553590475,0.11340204360463,0.180124906869878,0.0367915278992803,0.0965881291261536,0.102349886696904
2020-03-16,-0.128646581208183,-0.147390342058826,-0.053697516604298,-0.116341399214391,-0.185778064555841,-0.184520985314414,-0.149648910968554,-0.0662267394139092,-0.0643293459242628,-0.142529921560609
2020-03-17,0.0439697492630413,0.0823367014573979,0.0702661324787962,0.0419942559690521,-0.0334104638088021,0.106262861501541,0.0611137324129862,0.0424219591628329,0.117085031765964,0.0233544020994865
2020-03-18,-0.0244797987356552,-0.0420959763536016,0.0122577410604112,-0.0240325988330678,-0.160344040998685,-0.0665070873047518,-0.105268832145818,-0.0493855173186604,0.027838249200553,-0.0164634334451468
2020-03-19,-0.00766218099633592,0.0164529200432083,0.0278306137668634,0.0187684267680021,0.183876842156789,0.0500443042886149,0.0168078423602063,-0.0673356019251748,-0.0212227644575901,0.0419839817857175
2020-03-20,-0.0634855328975565,-0.037558628373247,-0.0185227985416894,-0.0390943047890038,-0.000257173615140304,-0.0339014898825438,-0.0211022372277334,-0.0843890944668258,-0.0458766922862307,-0.0222031862211928
2020-03-23,-0.0212441377522583,-0.0099749007685113,0.0307352915043021,-0.0131809586467289,0.0158117470642443,0.0337301192163031,-0.0535326919449317,-0.0193211024963135,0.00271988097882766,-0.0108862957132204
2020-03-24,0.100325427422099,0.0908962146187027,0.0195865613472945,0.0719837086090961,0.16281749323563,0.171564415291824,0.118942046612925,0.0503193502461372,0.00656286493812338,0.0869681282067798
2020-03-25,-0.00550871928783263,-0.00957277844477205,-0.0279676049001476,-0.0251237962953763,0.0678217645089288,-0.0142868877570896,0.0373178512644754,0.0547527904602757,-0.048943888470208,-0.0296308959194681
2020-03-26,0.0526231349785838,0.0625510730004176,0.0369331245037538,0.0556452425504666,-0.0205656214396406,0.0473086802635784,0.0696607236891597,0.0644076291948921,0.00383931214467685,0.0456434571888254
2020-03-27,-0.0414024732747103,-0.0410609726282184,-0.0283253894366494,-0.0452825523392267,-0.0261283939301847,-0.0175321070140259,-0.0712394983531425,-0.0334159419340859,-0.00218524377898023,-0.0401003086245573
2020-03-30,0.028538154204885,0.0703409188946316,0.0336035469197137,0.0324698557691315,-0.0237771485955241,0.0508843047386765,0.0260070676673789,0.0511558304180341,0.0511952779722912,0.0584221455864345
2020-03-31,-0.00204103292796616,-0.0157275160401539,-0.00724562295085901,0.0136437657561179,0.0435544623934411,-0.0074925745802402,-0.037112292671555,-0.0166661935702438,-0.0136294168165565,0.00512200821906185
2020-04-01,-0.0526168092295712,-0.0355079868143349,-0.0215517912673541,-0.0515082124428834,-0.0809923905527715,-0.0778833942374096,-0.062978963099344,-0.0481360980208513,0.0045763429107937,-0.0431653781582243
2020-04-02,0.0166865996960574,0.0207085685271705,0.00583420510605126,0.0135469090876591,-0.0562546645498702,0.0510143418757147,0.0373401922975329,0.043447577555394,0.0395127147181014,-0.0088347057232147
2020-04-03,-0.0143714172010962,-0.00921047036479496,-0.00637888219107378,-0.0217810349188653,0.0561973469358711,-0.04524995842202,-0.0295580932757107,-0.00273025180436869,0.00699577283864249,-0.0253493270277617
2020-04-06,0.0872371567275838,0.0743681073974702,0.0477292247764469,0.0828132873640057,0.0754775752334977,0.10040572569037,0.0643665980143237,0.0647957641728198,0.0551554485252106,0.0737451450019149
2020-04-07,-0.0115820396581051,-0.0107704007010515,0.007013456003125,-0.00053240378194565,0.0565822370069085,-0.0349106022461617,0.0131902615606637,-0.00342856063083178,-0.0323630085624425,0.0198127493915126
2020-04-08,0.0255943420413415,0.0100309930794186,0.0156094617840746,0.0206668915632188,0.00621499449773077,0.0305757017646836,0.0403792460719797,0.0281662540356988,-0.00122937198971052,0.0322809405542965
2020-04-09,0.00721648591432511,6.07012807289288e-05,-0.000117484458333279,-0.000356198121359586,0.0440201574824181,-0.0149841177303454,0.0897139362539313,0.0246756508419185,-0.000328480278055369,0.00522138908363286
2020-04-13,0.019627801331133,0.00224046111496665,0.0617350661426399,0.00318257109589879,0.136038393029849,0.0262408492677584,-0.0444725562615906,-0.0422448215842623,0.0287355888925772,-0.00228318692268555
2020-04-14,0.0505029098316757,0.0494836417817395,0.05276944986128,0.0452905223731308,0.0905445731500614,0.0522510467827509,-0.0273959948163039,0.0424037674156674,0.0295292762617585,0.0193376598545593
2020-04-15,-0.00912739278225665,-0.0104781482834031,0.0106686957187693,-0.00626769094056174,0.0280888782705653,-0.0109524615172249,-0.0493192738610789,-0.0267783817115304,-0.00186043301946155,-0.00673525503572292
2020-04-16,0.00794592900606601,0.0300209615705746,0.0435545423937047,0.000103214548908934,0.0210734016250022,0.0493519162299714,-0.0381098604668928,-0.0107120971947622,0.0277258716963838,-0.00406843422760449
2020-04-17,-0.0135685701969231,0.00881176901092306,-0.013782136130352,0.0171542372754845,0.011647723586206,-0.00807614296375182,0.0898887674401029,0.0203820121677851,-0.00158706675977206,0.0169645079440078
2020-04-20,-0.0207570260737904,-0.0198207475895787,0.00783575760690526,-0.0139561752820307,-0.0099882483605739,-0.018028086279937,-0.0364571338130024,-0.0318351130014281,-0.0171814369273875,-0.00557916426207268
2020-04-21,-0.0309102773268648,-0.0413573101548241,-0.027360330959316,-0.0388456108686718,-0.0799077799617378,-0.0611043214381915,-0.0290044662683294,-0.0247152644403261,-0.00492852130706876,-0.0417415151206382
2020-04-22,0.0288033849045287,0.0339651003052284,0.0151925270916455,0.0381551087287971,0.0660968284941084,0.061741532175074,0.00325662507148927,0.00661089272695656,0.0184195102741407,0.0672133610413907
2020-04-23,-0.00387525711346401,-0.0121025839656462,0.0152148234840774,0.0101397240972488,-0.0361694627790736,-0.00747842916519705,0.00055960611374177,-0.0133538808273225,-0.0232540500682943,0.0156351194049185
2020-04-24,0.0288695876196339,0.0182596096377754,0.00448851118687685,0.00427167460791445,0.0276632453162873,0.0196470655573427,0.0147665523209666,0.0079876167985353,0.00708010306504589,0.0266839479082785
2020-04-27,0.000706891528471742,-0.00286464233659109,-0.0141978617107585,-0.00449634207847924,0.101496222455529,0.0258641397262195,0.0431046525888629,0.0297159762283384,-0.00880713835388155,-0.0135214828691865
2020-04-28,-0.016209554168963,-0.0243611763565783,-0.0260606110425617,-0.030113424407225,-0.0370954773235774,-0.0192539023416253,0.0070809538113011,-0.000855027589433485,-0.002338205432161,-0.0244797938302142
2020-04-29,0.0328452497223936,0.0448739323934382,0.0253361647496589,0.0889104421285628,0.0408128769246778,0.0243684275447558,0.0269702561744118,0.00813015088264529,-0.0343747635949223,0.061669667189378
2020-04-30,0.0210959161470337,0.0100322627255626,0.0426895742399626,0.00336760351434821,-0.0232726749233701,-0.020706289493253,-0.0214594447037344,-0.0261037082714785,-0.0165859684027394,0.0541737302636341
2020-05-01,-0.0160992885468602,-0.0258916515542349,-0.0759740923764878,-0.0218163552005639,-0.10303371336624,-0.0325031285889189,-0.0262111424820456,-0.00631949590638361,0.0112706622602964,-0.0119192563791536
2020-05-04,0.0141491622190761,0.0244601366696495,0.0131012364876,0.00423571840671256,0.0853675879363159,0.0300940914756761,-0.0119034517721391,-0.0100875129706336,0.00634606382355118,0.0147821184922865
2020-05-05,0.0150085723573091,0.0107357720145059,0.000781522185420434,0.0197445238157259,0.00922244776440652,0.0084108736354896,-0.00151941654713344,0.00575974796684213,0.00832637322314319,0.00881806146674592
2020-05-06,0.0103171307750213,0.00984718114009436,0.0144361390905353,-0.00266112711860079,0.0187058259455579,0.0137876504453393,-0.0188044604252429,-0.0143172585790562,-0.01146482075942,0.00676107762294569
2020-05-07,0.0103449528981403,0.00580718876658833,0.00695369485979131,0.0177267784782188,-0.00324569517650519,0.0237750663263688,0.0104132330732251,-0.00335167689489375,-0.00708679928903617,0.0133832152191121
2020-05-08,0.0238020167860022,0.00588232463506116,0.00506838938929507,0.010998461374938,0.0504845627484422,0.0250271896773373,0.0163357686352081,0.033856364646141,0.00861454084425245,0.00515946723471556
2020-05-11,0.0157351433635557,0.0111544000825261,0.0123507439429987,0.0139053585213312,-0.00992164884756857,0.032383883825986,-0.0294495952872669,-0.0123616023531107,0.00593759833661065,0.00390867401754153
2020-05-12,-0.0114283046646879,-0.0226517721637557,-0.0216064205236244,-0.020240896715316,-0.00231727031129204,-0.0326081653800746,-0.0326774335497705,-0.01581035637735,0.000889450158900627,-0.0144478360680546
2020-05-13,-0.0120740126601093,-0.015122503819596,0.00465432057524653,-0.0195245243554241,-0.022794372613413,-0.00288343540592466,-0.0344711417416803,-0.0196342150244115,-0.000565447281764461,-0.0237981950620176
2020-05-14,0.00614313273054295,0.00433959279677641,0.00883892612389264,0.00632623389687495,0.0156391928020406,0.0321980537625023,0.0415327713761431,-0.00546195331972949,-0.00234439157076823,0.00833745811137315
2020-05-15,-0.00591182637916504,0.014567893544988,0.00876154788900355,0.0119394404964042,-0.00517842565061879,0.0573124635945104,-0.0185099307131196,-0.0100686098477906,0.0204181812999129,0.0196797306404714
2020-05-18,0.0235612601154604,0.00955485012109753,0.00683884120380835,0.00882705168249545,0.01809378550458,0.0305628519600616,0.0529683614746538,0.0395285056033966,0.0136572204968159,0.0109542432646401
2020-05-19,-0.00577859686585886,-0.00692229033258626,0.00950842659000923,-0.00778252642332677,-0.00690734333787075,0.00631402993644463,-0.0196793485901824,-0.00956207718298042,-0.0212279724793943,0.0173084798505925
2020-05-20,0.0194480914937408,0.0138706656630093,0.0198462751735334,0.0252911730574345,0.0093439571339069,0.0186815730457043,0.0299991736041136,0.0303097631895052,0.00400148425586079,0.060355857787246
2020-05-21,-0.00745508806603985,-0.0120113738468832,-0.0204969304541684,-0.00171016128838556,0.0147628447849104,-0.0217115107529753,-0.0127012024190548,-0.0156896770505406,-0.00366672478742826,0.00617474743708828
2020-05-22,0.00643822805366366,0.000436036166636577,-0.00402982110021256,0.00461322794061859,-0.0129530777015956,0.0286033038790654,-0.00776325738654458,-0.00309901053868733,-0.00528053770071798,0.0152124464662161
2020-05-26,-0.0067734726506954,-0.0105716907948901,-0.00616361445597883,0.00575273724217013,0.00243604429331836,-0.0341781203603552,0.0709737729065882,0.0235395459243283,-0.00378047453459169,-0.01153642704743
2020-05-27,0.00435687869241486,0.00132203829455983,-0.00473604234703507,-0.000766880130303595,0.00166084471926467,-0.0220814507862606,0.0579209255468785,0.0138857396415688,-0.0111413872458251,-0.0131782264000353
2020-05-28,0.000440212474040009,-0.00225511475798556,-0.0038541516055339,-0.00143625509077713,-0.0175803816204175,-0.0044864985053238,-0.0148958670986882,0.00770416354406517,0.00987911184948196,-0.0160600168352609
2020-05-29,-0.000973938559843394,0.0101984606363736,0.0171879509011508,0.010774009512292,0.0362244028088374,0.045775922088106,-0.0255358843600258,-0.0087070355766614,0.00299146651119339,-0.00164114971120892
2020-06-01,0.0122973762111071,-0.00229185353501879,0.0117386161812655,0.000941540660165166,0.07556883131087,-0.00780224686329314,0.0132564666627184,0.00664121959739218,-0.000806157603314128,0.0302989882907354
2020-06-02,0.00462971976982128,0.0113766841890082,0.000554395744457385,0.00518523601616124,-0.0184166287841008,0.00215764424863445,0.00334696893226387,-0.00191533501433412,-0.000161421352351005,0.00349273942716958
2020-06-03,0.00550505141008575,0.00243362414038861,0.002422733405634,-0.00212163620925857,0.00158804360116177,-0.00631732189377568,0.0539775531216237,0.0213215749552971,-0.00379197246808564,-0.0110003208823075
2020-06-04,-0.00861219133037329,-0.0131636962606897,-0.00718204811813042,-0.0173356351450312,-0.0210428541692206,0.000114082097625281,0.0208113419587702,0.000417754985467662,-0.0110151136513156,-0.0168143921824061
2020-06-05,0.0284811891946497,0.023398010061785,0.00910349311301848,0.0181860191089181,0.0246188055382794,0.0175097681886976,0.0450019504131375,0.024415655229115,-0.00450396581296311,0.0197975632546091
2020-06-08,0.00591242307039141,0.00619695092455834,0.0165364589494672,0.00556936378760855,0.0725560681818033,-0.012892419737373,0.0199585078197395,0.0154818090202477,-0.00263251505415059,0.00273003937523661
2020-06-09,0.031578002033543,0.00764475513770569,0.030427139202301,0.0027898175590204,-0.0097376341443359,0.0273708838499411,-0.0256498550112098,-0.0170512253505076,0.000907277390975642,0.0314174798618268
2020-06-10,0.0257273369157899,0.0370915678907974,0.0179132925581237,0.00869103824686157,0.0897020572526983,0.0354575320346683,-0.0405285982834386,-0.00775479805574902,-0.00156572271652891,-0.00812838493591798
2020-06-11,-0.0480103712426137,-0.0536984671985046,-0.0338023004521871,-0.0428756355318889,-0.050934104899127,-0.0609066890823546,-0.0834431585526247,-0.0633484332119047,-0.00883118978989016,-0.0519579219894833
2020-06-12,0.00863335777346794,0.00789203808852414,-0.00505874337793605,0.00786079730646234,-0.0386086331107907,0.015489537058845,0.0273635279264507,0.0104140328966014,-0.0195686255644739,0.0184913053456168
2020-06-15,0.012367352568628,0.00639175354491325,0.0108683094107953,0.00553474054175206,0.0594687627923635,0.0270080479181305,0.0138177789527573,0.0153511315348107,0.00288745478948929,0.0171492865432171
2020-06-16,0.0265023092109909,0.0245051741199741,0.0165547312399094,0.0181099661827602,-0.0088504906557819,-0.0114730860900268,0.00800007799298814,0.0101509685354988,0.0132961532659546,0.0135483631346749
2020-06-17,-0.00139159494185435,0.00346113681429269,0.00983066301956543,0.00419650201800148,0.00983572211690446,0.0184710766650189,-0.0252791628273755,-0.00406215773643492,-0.00518184161043356,-0.000509179842920155
2020-06-18,0.000397935108186084,0.0107084819328208,0.00492248464662629,-0.012681260156802,0.0122707336258577,-0.00194917959462908,-0.00542836820078379,0.00880194019473817,-0.00873711286482171,0.00174086132612116
2020-06-19,-0.00571435989535881,-0.0059597425267203,0.00792393591858527,-0.00661002048466975,-0.00304785189022052,0.00469161024567843,-0.011421121101633,-0.0206424021462928,0.0157641281342798,0.0120791486772283
2020-06-22,0.0261637369388635,0.0277735572508256,0.0145082872310465,0.0182640605728573,-0.00657409251637021,0.0286681296208546,-0.0108373561935084,-0.00608456565414714,0.015268887197461,0.00180074581827674
2020-06-23,0.0213446076150368,0.00668092285882471,0.0186416977176091,0.00918188071540935,0.00750255999279882,-0.00805658088703625,0.0121965768993559,-0.00218643257524346,-0.00501291576010863,0.0126244414458477
2020-06-24,-0.0176520251476622,-0.0201576005317464,-0.0108558678948274,-0.0213662885858722,-0.0408572981876092,-0.0226978607405485,-0.0333914683067236,-0.0216914350599332,-0.0063601641244508,-0.0339332896297957
2020-06-25,0.0132755425018253,0.0126365446308865,0.00738006638778613,0.00586305793494552,0.0261540119830375,0.0275561767774679,0.0348617564965188,0.00627126115225161,-0.00490439578379821,0.00709333852297199
2020-06-26,-0.0307257880546733,-0.020015806160562,-0.0224027631536946,-0.0545138638674707,-0.0266131592310485,-0.0352999506613821,-0.0548185149962651,-0.0302694450747113,-0.0116113567408996,-0.0831635413909437
2020-06-29,0.0230469201152603,0.0107472241776943,-0.00463814806806391,0.025415789470713,0.0516911080118891,0.00491496643969042,0.0044284314364838,0.0181315371602158,0.0062543667840961,0.0211032863616062
2020-06-30,0.00834730934623627,0.0255490273256783,0.0292644860241865,0.0149443325923341,0.069807314989453,0.0323643529984578,0.0113976764597862,0.00721403990804779,0.00604722070043383,0.0291426121293311
2020-07-01,-0.00189147139071897,0.00584749843105582,0.0434533861955788,0.016889381882821,0.036876807265818,0.00339536952199444,-0.00850515315279149,0.00313332274676089,-0.000751178605310915,0.0461531007647015
2020-07-02,0,0.00762088713903438,0.00402960948269648,0.0193690823598092,0.0795173412803396,0.00863060099917843,0.0032484495082878,0.0013388878938444,-0.00401046644490825,-0.0173859339962178
2020-07-06,0.0267503666957251,0.0215264256259363,0.0576895522986952,0.0202185032247556,0.134793937034295,0.0236157848324336,0.0252535256354209,0.00779824750971782,-0.00268430648374489,0.0293891317765134
2020-07-07,-0.003103008441608,-0.0116279944959682,-0.0186193717294719,-0.00648799461443697,0.0133276885225911,0.0033031992424162,-0.0282106424798465,-0.000442316843874487,0.0677936149977359,0.00241396543173745
2020-07-08,0.0232900398371364,0.0219927046360685,0.0269955841812508,0.00918176842931304,-0.0172535003098447,0.0348723264771039,0.0106154799527136,-0.00309659159696606,-0.0197713749416343,0.0112927788478136
2020-07-09,0.00430053101232549,0.00700078570109622,0.0329491913823698,0.0100157379058012,0.0207924564914563,0.0286802079906635,-0.0216508679433642,-0.0257377561721399,0.0265989400975778,0.00377700106304756
2020-07-10,0.00174933422610177,-0.00303268415082293,0.00545774880854228,0.0134000195520167,0.107847765054182,-0.0028308011710077,0.0546671353164498,0.0282397321513302,0.0229355874489211,0.00233132665916873
2020-07-13,-0.004613027209851,-0.0308889302390297,-0.0300000190734876,-0.0174007220360968,-0.030809585105466,-0.0407471964563467,0.0143345708392706,0.00221470451250216,-0.0088766451246271,-0.0247684315542039
2020-07-14,0.0165480924117313,0.00618172774142439,-0.00644329909576926,0.00570701184375875,0.0131858630999016,0.0323061748976055,0.00573476172365418,0.0137016808676139,0.0192247575878285,0.00305430239522314
2020-07-15,0.00687729804628673,-0.0014880190402488,-0.0243612212612487,-0.00261719091412312,0.0192575811636023,-0.0144306922772558,0.0154772425537405,0.0115545643883171,-7.57421680480355e-05,0.00229426302849476
2020-07-16,-0.0123048621307809,-0.019803806825183,-0.00298119624137763,-0.00129215005655401,-0.0293465043668945,-0.0090447630955532,0.0028074890158052,-0.00538803942044492,0.00151505162313284,0.00270518370443863
2020-07-17,-0.00202019114536545,-0.00510023406119963,-0.0126437527619392,0.00127412002848345,0.000133304943746384,0.00658628108479047,-0.0184981405961187,0.0145177835722993,-0.00347941270449276,0.00456567188718152
2020-07-20,0.0210737995703159,0.0429811802185531,0.0792951995732898,0.0309786393453037,0.0947202875586982,0.0303142126851014,-0.00876129322720855,-0.0149509292891252,-0.00204969817667405,0.0140064074565404
2020-07-21,-0.0138015545298036,-0.013468930320882,-0.0183149004740151,-0.00506464926755378,-0.0454290743875054,-0.0173394101173782,0.0216853103318061,0.0234173526975024,0.00654180282707905,-0.0149538525264285
2020-07-22,0.00280918300034068,0.0143716147946186,-0.0122296300625382,0.0057393785800668,0.0152834765182551,0.0106745531956265,-0.00724251148976047,0.027118558008679,0.00249372650500336,-0.00777662842006723
2020-07-23,-0.0455164697864339,-0.0434950814389019,-0.0365687992017999,-0.0307378560177068,-0.0497761533857451,-0.0296011207995561,0.00293862844492437,-0.00412534752679894,-0.00768905521384286,-0.0303080403446976
2020-07-24,-0.00247719353940384,-0.00612202673678949,0.00748687428899984,-0.00563026179241498,-0.0634933937061266,0.00639171609561027,-0.00707208343068902,0.00434957700419688,-0.00303857738615357,-0.00812548293422796
2020-07-27,0.0237002005971753,0.0126675433929364,0.0153876487434153,0.0140696153555051,0.0865208063198473,0.0222669883419339,-0.0140414016722834,-0.000206243415539951,-0.000228559668700169,0.0120930316815394
2020-07-28,-0.0164274568094125,-0.00897715728381899,-0.0179627805026926,-0.0168558658797532,-0.040991122577994,-0.0197667477487257,0.00433413256408892,-0.00618783544699008,0.00419159485226272,-0.0144754346131211
2020-07-29,0.0191681935665575,0.010098250851296,0.011065474265777,0.0132077998735979,0.0153200720490461,0.0244723798518523,0.0242498201414443,-0.00332121945162613,-0.00812082083050986,0.0137754224477117
2020-07-30,0.012100322007063,-0.000784378680947899,0.00604903025279655,0.00975397444921141,-0.00775125744088188,0.0141898865752628,-0.0266854114997115,-0.00687199116443468,-0.00436128773882347,0.00518664628927144
2020-07-31,0.104688747853051,0.00544397396979922,0.0369608215671345,-0.0327750564544033,-0.0381380479871874,7.04124973243793e-05,-0.00391683766351361,-0.0094357908840335,-0.0055334062038892,0.0817483951862418
2020-08-03,0.0251975458791873,0.0562411549011221,-0.0166809658956375,-0.00348798195108428,0.0379098927770308,0.0372593815567649,-0.00558764604758435,-0.0198985305206128,-0.000772603493476786,-0.00674097112191131
2020-08-04,0.0066781902321958,-0.0150088494265884,0.0086571192564568,-0.00638000880079889,0.0013467807962434,0.0197541879514599,-0.00572296725514768,0.00842327038266758,0.0180972346636479,-0.00845370134455007
2020-08-05,0.00362451438040086,-0.00164071361053585,0.0210906459090538,0.00392981736525407,-0.00133150125246179,0.00525519440512667,0.0173729839159386,0.0113514420984904,-0.0139014634101519,-0.00284194573647559
2020-08-06,0.0348894813911079,0.0160138062687018,0.00623086003921901,0.0174837383976643,0.00307067428989612,0.00431901718152963,0.000308483709704599,0.00550607366242067,-0.003543568519181,0.0648684472254676
2020-08-07,-0.0227358101364131,-0.0178880220702497,-0.0178418536518883,-0.00437221784683472,-0.0247519446804123,-0.0119977156373749,0.0220077137900421,0.00673961192344108,0.00479315685387529,0.0119116407541997
2020-08-10,0.0145345740975386,-0.0199073910031174,-0.00609318716698456,-0.00103437409739957,-0.0235009146859762,-0.00308049645780978,0.0126782815493929,-0.00167338779979951,0.0146957212590294,-0.0202650831312604
2020-08-11,-0.0297396250908622,-0.0233855174695428,-0.0214379930924047,-0.010876490842107,-0.0311440606522255,-0.0282127913414755,0.0315979516812473,0.00440061950028588,-0.0127389107369248,-0.0261216082536954
2020-08-12,0.0332343154058104,0.0285670808453393,0.0264780496058422,0.0180339861565585,0.131236394741773,0.0544006851051844,-0.00847629657723813,0.010431996481096,0.0129801744424543,0.0146800440762461
2020-08-13,0.0176975440100447,-0.00234221824846002,-0.000385831808214503,0.00624311196312942,0.042604650478077,0.000240397041556064,-0.00553716090225892,-0.00103249446104084,0.00380665145703254,0.00542520924379651
2020-08-14,-0.000891261882384752,0.000958521310484047,-0.00411255808295988,-0.00792530766765146,0.018328196788116,0.0105740913938134,0.000390665326882179,0.00144680002342792,0.0056880440028327,-0.000229451614171006
2020-08-17,-0.00261079160478951,0.00660583799156579,0.0109243122343361,0.00771602034864955,0.112030581545197,0.0668453136246302,-0.0263646426077206,-0.00495355645660517,0.0226245124179343,-0.000306201756017896
2020-08-18,0.00833264251766959,0.0057541554509456,0.0408746695593554,0.0260779550324524,0.0280283741956873,-0.0061804155445167,-0.013940190209531,0.00435579912771869,-0.00656372833622453,0.00451841821120622
2020-08-19,0.00125468065721759,-0.00606684910589814,-0.0157011459074513,-0.00717971294992504,-0.00453605911685809,-0.00997068757870354,0.00233914713301802,-0.0216851003494476,-0.0170736459487858,0.000952707050373408
2020-08-20,0.0221896831641307,0.0232714537321973,0.0113142706422655,0.020484018670532,0.0656364366744583,0.000205677519407419,-0.0119736243357031,-0.000422334605978629,-0.0138960637196776,0.0244489669813193
2020-08-21,0.0515323658170811,-0.0072699644939498,-0.00383643525084927,-0.000431411732427148,0.0240529267290696,0.0446832969261573,-0.000513475591186599,-0.00147827240208758,0.0081181575455287,-0.00743473699855205
2020-08-24,0.0119603685434568,0.00314510678772519,0.00692301760507988,0.00608045317391887,-0.0174538064482539,0.00289744527020058,0.0281543118543763,0.0145938498653706,-0.00227902102402084,0.0164039669496817
2020-08-25,-0.00820383108940095,0.0130095700349298,0.0118005496459853,0.0130587503031799,0.00453775118537577,0.00233885327280575,0.00439776032404272,-0.00125078085763517,-0.0053302370243377,0.0347468413197758
2020-08-26,0.0135989865288714,0.0216193977877916,0.028495561372847,0.0238377111106711,0.0641661916535605,0.00180397238682849,-0.0140301434614249,0.0052182233217547,0.000535673028645503,0.0822235356519734
2020-08-27,-0.0119542762550878,0.0245537586907618,-0.0121591515849889,-0.00949428001023725,0.0397460792064238,-0.0113328136536189,0.0328993222665497,0.00145340924461123,0.0453712558353291,-0.0351748865102789
2020-08-28,-0.00161975493781273,0.0102831837435911,0.000529390222888203,0.00669927010236821,-0.0113232994399062,0.0411381789152465,0.00410377776957378,0.0331745041967939,0.0268610290945305,0.001500484930065
2020-08-31,0.0339120001989679,-0.0147655956197798,0.0144512191511667,-0.00603879694777472,0.125689054910545,0.0172464477269791,-0.0251047652966841,-0.00602046442601185,-0.0103350920225294,-0.00156625765927452
2020-09-01,0.0398327924743199,0.00771540030405616,0.0139554758329991,0.0156794734314804,-0.0466969080468441,0.0336933126949455,-0.000498935191782114,-0.00827797101986942,0.0629454369407918,0.00763971486224033
2020-09-02,-0.0207185667739491,0.0192720272030045,0.00923947114212129,0.0376477797218935,-0.0582675652408398,0.0380218443964354,0.0150787767452965,0.0421418017468897,0.000610138697644998,0.0238965314731224
2020-09-03,-0.0800609481032642,-0.0619468922766935,-0.0462841091596834,-0.051170639838814,-0.0902384920331572,-0.0927750009218686,-0.00314797992203325,-0.0138698706084193,-0.0212622511069872,-0.0376197267675238
2020-09-04,0.000661990197494174,-0.0140358246664739,-0.0217873587995636,-0.0296408915049621,0.0278132472752616,-0.030194956418567,0.0216124726667396,0.0110936121240858,-0.0118304488596218,-0.0288198967048986
2020-09-08,-0.0672949951359691,-0.0540957057330586,-0.0439443595298217,-0.0364341227824623,-0.210628243203908,-0.0562089819081761,-0.0347757597897692,-0.0240988557851513,-0.0306659041899324,-0.0409221335686332
2020-09-09,0.0398864867809146,0.0425835060265645,0.0377066241814573,0.015509306826116,0.109233494338261,0.0673213266738287,0.00950741042473706,0.00762910442516997,0.0104008233711383,0.00944078562640629
2020-09-10,-0.032645758545128,-0.0280182907690734,-0.0286054510021458,-0.0136889372541406,0.0138145825877701,-0.0317146614909672,-0.0103100047339491,-0.00378562605586442,-0.0220175941440839,-0.0205685638066715
2020-09-11,-0.0131288593595886,-0.00652499048166545,-0.0185473174294957,-0.00674282246243122,0.00371626344328204,-0.0119598604453676,0.0124209629819207,0.0211997700370046,-0.000803965571188741,-0.00552050852870424
2020-09-14,0.0299999424658053,0.00676412281438629,-0.00425198531421035,-0.00457204882089379,0.125831770742334,0.0581813540519979,0.0138517720534992,0.00118461575245042,0.00453557889783928,-0.00172516855750984
2020-09-15,0.00156042606369209,0.0164059972215685,0.0171320044076335,0.0174241160484744,0.0718268514026628,0.00922538060992889,-0.0311311088142327,0.00670476239488857,0.000291493171083793,0.0235580074467377
2020-09-16,-0.0295136215563874,-0.0178657291114756,-0.0247233443179806,-0.0150020635203466,-0.0177872984625035,-0.0366792271984947,0.00423058840227514,-0.00509270448352147,-0.00800826682898043,-0.0326703468665065
2020-09-17,-0.0159635577618736,-0.0104364357430736,-0.0225366679892504,-0.0165665791855086,-0.0414931245294261,-0.00407537498258339,-0.0114345620294914,-0.00472566407497623,0.0031557626636947,-0.0330143990954306
2020-09-18,-0.0317201136031996,-0.0124191449814869,-0.0178879087810657,-0.0241755822387876,0.0442104184349155,-0.0220040360970633,-0.00213034501831665,-0.00197823586940065,-0.0102421766035068,-0.00898671306790534
2020-09-21,0.0303256153183622,0.0107288905475986,0.00188161318250359,-0.0144373757674469,0.0163745116687031,0.0269087841152177,-0.0309102358098248,-0.0269571763553756,0.0131569920327656,-0.0173445055045013
2020-09-22,0.015715944248404,0.0240939643860596,0.0569233598478002,0.02075327870757,-0.0559869468234646,0.00962649646168289,-0.0109118176475579,0.0116109753852884,0.00904622072319512,0.0265968071967544
2020-09-23,-0.0419460850224541,-0.0329284836217774,-0.0412688916514221,-0.0345453669767458,-0.103410907384838,-0.0406715105641904,-0.0162297736245349,-0.0291983223510833,-0.0167735913153804,-0.0224926193416313
2020-09-24,0.0102687919266363,0.0129621519916051,0.0066436817881227,0.00955717713962351,0.019534146394598,0.0184965533784449,-0.000862557948216272,0.0101637361571905,0.00522062732685066,0.00204793525982653
2020-09-25,0.0375160741006485,0.0227863774849683,0.0249487430734454,0.0113856253870933,0.0504138512137639,0.0425779449958989,0.00874147342552558,0.000410988882931356,0.00416991954504998,0.0211999477578364
2020-09-28,0.0238688692104055,0.0077951050179216,0.0254981156803228,0.0136199360361105,0.0340255940397861,0.0125254927167631,0.0287792695790476,0.011494064159469,-0.000145799657835669,0.00784863084318941
2020-09-29,-0.00756767486969216,-0.0104085836613838,-0.00919012680555891,0.00504592710222117,-0.00505691941554843,0.0146335262854364,-0.00842339724699986,-0.00730519929498776,-0.000801388057500995,0.0193522262894887
2020-09-30,0.0150757427356069,0.0148123503974812,0.00122414604048051,-0.000286705160577648,0.0237191203142816,0.0230422239691138,0.0096486793760925,0.00919867460016306,0.0201984109624812,0.000420010778475619
2020-10-01,0.00846196955181014,0.0101268069392399,0.0230347523173143,0.0152156873118938,0.0446377487684937,0.00620802398677426,0.00727116309884253,-0.00384846577750267,0.0226572861516892,0.0180605080231446
2020-10-02,-0.0322801126125034,-0.029511508902543,-0.0298827380233384,-0.0217085442307951,-0.0737906918190196,-0.0405630513567766,0.00948748697619639,0.00365998120397986,-0.0180317909070057,-0.0250911503325279
2020-10-05,0.0307912034549355,0.0203211312251362,0.0237440429687487,0.0187073086330699,0.0255125317897591,0.0444216921824025,0.0211360773134059,0.000405402921889441,0.00925263366601895,0.0181197255772145
2020-10-06,-0.0286696080421239,-0.0212472061389909,-0.0310202888657657,-0.0214523102615669,-0.0274853935119218,0.00689025380502823,-0.010298854625551,-0.00891054424960672,-0.00825099189457169,-0.0226336944423967
2020-10-07,0.0169671421733165,0.0190374228627085,0.0308810371069953,0.0055960618585435,0.0273442972661853,0.0165617984210587,0.0174456615212824,0.012668585070144,0.00184879854320025,-0.00208780445613877
2020-10-08,-0.000956001009541514,0.00357454887084943,-0.00160844001754027,0.0166468917412715,0.00145778305898011,-0.00896961843104181,0.0205553781814574,0.0181594994445274,0.0033359015816999,0.0218504815163674
2020-10-09,0.0173959777820559,0.0248356598164294,0.0301202491412053,0.0182143629054041,0.0189707754339795,-0.00549176887923594,-0.00569864247326395,0.00693626384370385,0.0100455694951974,0.00261600520288045
2020-10-12,0.0635204464675344,0.0259026094170688,0.0475499074022052,0.0358435815326564,0.0191243951639467,0.0336596585329015,0.0122529464661338,0.00551085716255614,0.0102951452926793,0.0427300945326472
2020-10-13,-0.0265272305952847,0.00659440344370072,0.000203336473198523,0.00158520789911642,0.00983493288426908,0.00156413743536271,-0.0162045841095142,-0.0170286878040665,0.0137263501230892,0.00141433904195241
2020-10-14,0.000743199301351515,-0.00897419258152292,-0.023208080547408,-0.00231646812978774,0.032799718116372,-0.010738229078457,-0.00555647671893022,-0.00199141254504498,-0.015660230600753,-0.0156441500338223
2020-10-15,-0.00396074272517113,-0.00543324586153713,-0.00745014268923318,-0.00509792691915156,-0.0269239074303164,-0.00888589357777218,0.0149670476806249,-0.00259382371806113,0.00409879329393622,-0.0187625802524579
2020-10-16,-0.014000532395081,0,-0.019750480983337,0.00786272383467066,-0.0205176804695708,-0.0113457900432077,-0.00206457317842631,0.000800319519946905,0.00124551750218655,-0.0029621212793328
2020-10-19,-0.0255419453978896,-0.0247656292740484,-0.0200139574577263,-0.0240797247537971,-0.0201060143441669,-0.0227166296947358,-0.0168455189449657,-0.0081949956836235,-0.0121620544783787,-0.0170342925395657
2020-10-20,0.013192005373315,0.00200703869701621,0.00305555433971118,0.013810964664855,-0.02063458754466,0.010946552042707,0.00571141335753159,0.0126962515982987,0.00664565997365135,0.0235655738909468
2020-10-21,-0.00544612715017792,0.000698990569472437,-0.009968886774916,0.0225067207520696,0.00165903257093088,-0.00884926592862297,-0.00996320687618735,-0.00517413793639955,0.00347431884794829,0.0417475776104706
2020-10-22,-0.00958370234027738,0.00041914603125045,-0.00268128574085513,0.0130329190506462,0.00745306471164886,-0.0121074154347555,0.0353226517454607,0.0138027182437268,-0.00588635230560552,-0.00218851721949502
2020-10-23,-0.00613377436837188,0.00623569874881565,0.00881497186702696,0.0163819250902153,-0.0121185517556044,0.0171582080404602,0.0090393032508387,-0.00315698793512768,0.00208960589775961,0.0239825162222616
2020-10-26,8.70263459641678e-05,-0.0284418794240197,0.000823890794996094,-0.0298167365465025,-0.000832099676095729,-0.0330384819303486,-0.0247568179323213,-0.0142518795908428,-0.0117481535935983,-0.0269673954505448
2020-10-27,0.0134722682986827,0.0150894707412059,0.0247236871015755,0.00920915004943286,0.0104691598237605,0.019442597634299,-0.018865691689595,0.002008297901798,0.00499438980782644,0.0223017824192497
2020-10-28,-0.0463120444056204,-0.0495661810753283,-0.0375950699837288,-0.055088531893016,-0.0439389751905615,-0.0574579512395743,-0.0280884075417214,-0.0388779296626637,-0.0198081508896109,-0.0551379873458178
2020-10-29,0.0370502494135725,0.0100650617538268,0.0152492358496405,0.0305002526981371,0.011846701366299,0.0314405871808731,0.00652587336737888,0.00125096575749151,-0.000856967686295448,0.04916495860527
2020-10-30,-0.0560181224018533,-0.0109905378555207,-0.0544564552314884,0.0380442569961248,-0.0554730521894953,-0.0376227704107448,0.00895345680589949,0.00083305927618832,-0.00836194246029143,-0.0630986686731422
2020-11-02,-0.000826691062187335,-0.000691552670711857,-0.0104309480406591,0.00507990845845461,0.0321358266613511,0.00372970005020359,0.022541605542908,0.0116520993341996,0.0118917521397898,-0.00665118624267848
2020-11-03,0.0153534712797518,0.020263910167676,0.0146215165341411,0.0131378623098834,0.0584006170111929,0.0348747809385928,0.0315215012778685,0.0150143338318244,0.0169520732213142,0.0150749544229872
2020-11-04,0.0408367000197307,0.0482487597583066,0.0632296629402508,0.0608815519712361,-0.0068884846035812,0.0595066831716429,-0.0305582590753746,-0.00364737391794473,-0.00574330828471299,0.0832267178035076
2020-11-05,0.0354936684907761,0.0318868128658513,0.0249417336989232,0.00953672579258634,0.040643300543863,0.0265147981950824,0.0408979597805348,0.00549136157738966,0.0106366672359088,0.0254017918964183
2020-11-06,-0.00113613361760305,0.00192601420263713,-0.00319993606190936,-0.00157148598345885,-0.0185806557047486,0.0283898100403195,-0.0133207019023828,0.000202102279482033,0.0160312450328123,-0.00430958471454485
2020-11-09,-0.0199679083174861,-0.0238244661891835,-0.0506225544773781,0.000960130120275214,-0.0202116583395467,-0.0639506673413002,0.135392190322878,0.0630938661248958,-0.0152980938104181,-0.0498960699288205
2020-11-10,-0.00300903709262071,-0.0337928295295167,-0.0345829458053653,-0.0134547819179208,-0.0258747425310218,-0.0631474589829532,-0.00325041351425295,0.026821523794272,0.0140727639508259,-0.0227427610162506
2020-11-11,0.0303527350580559,0.0262546338544991,0.0337295933275685,0.00547252401090798,0.0164977197153564,0.0507435711190778,-0.0149331112244764,-0.00740989030656911,0.0166252785075563,0.0148662242858511
2020-11-12,-0.00234345928335549,-0.00512569876102224,-0.00864093535397326,-0.00252413029288295,-0.0128737457672811,0.00288809698941074,-0.0122841242843234,-0.0106383928083687,0.00168967978578517,-0.00506388234462124
2020-11-13,0.000419779836368156,0.0049662248791324,0.00595765248142509,0.0168923043432544,-0.00791714628316063,-0.0118715121528127,0.00626259214742646,0.00830037189988941,0.0155837874271259,0.00679823574091245
2020-11-16,0.0087202449080605,0.00332579947982792,0.000719045187582989,0.000998743432317556,-0.00100371825112242,0.0164135833942408,0.0282258376028154,0.00748344733516638,0.0126212768466429,0.00725753888141709
2020-11-17,-0.00756452115548954,-0.0127515856263235,0.00146922125717646,-0.00697295459709344,0.0821387925017796,-0.00688108899223729,-0.0101451341042429,-0.00315669584231504,-0.0201391356409596,-0.0141955672630697
2020-11-18,-0.0113911505527218,-0.0131837186551365,-0.00963120822903824,-0.0119318898832591,0.101967758661188,0.000484154816649368,-0.00740660856103247,-0.0199330116415885,-0.00187452763360438,-0.0110181477939035
2020-11-19,0.00516820648100753,0.00634828897177849,0.00372249488525798,0.0103009135272674,0.0259535183245145,0.000856495872566547,0.00268972478191233,0.00988381214140098,0.0203231750028957,0.00356651619366974
2020-11-20,-0.0109576521264644,-0.00955634236739601,-0.00565281400717788,-0.0126181795149332,-0.0193482550207572,-0.0262272863026927,-0.0085668142342741,-0.00865784226220155,-0.0123586203730837,-0.0118708704918459
2020-11-23,-0.0297424327705176,-0.00133097254707163,-0.000325912056521748,-0.00507953919190204,0.0658482750160933,0.00399233300146176,0.0288033034002883,0.000189708323454114,0.00459273928570172,-0.00470885884407775
2020-11-24,0.011594033932368,0.0178478326618523,0.00634849249527888,0.0210354841435927,0.0642521785331884,-0.0138698062668175,0.0462372308283614,0.0102505345986189,0.00284911238000785,0.0316285318958504
2020-11-25,0.00746723450897794,4.6728857035918e-05,0.0214908910501298,0.000130308080924097,0.033526586238354,0.0213771315670137,-0.0104605747903095,-0.00544896920062573,0.00310514763644571,-0.00480292792167943
2020-11-27,0.00482661467363328,0.00635885190998128,0.00322444434075619,0.0129751275679838,0.0204877958527125,0.00200222094732579,-0.00663770207053488,-0.00434532010400816,-0.00151517764613706,0.00805529505825827
2020-11-30,0.0210992574596031,-0.00538937746792106,-0.00854372622484679,-0.0182537649116538,-0.0310024396453892,0.010575850233618,-0.02755309540505,-0.0131957933824388,0.00784979857527703,-0.00302362941944847
2020-12-01,0.0308275761999492,0.00999664284343998,0.0164265926136587,0.0233470985418634,0.0302325650790988,-0.000858023335521909,0.0157785843141033,0.00852726853553247,-0.000981537930499902,0.0345886043119828
2020-12-02,0.00293335984062384,-0.00388506712064993,-0.00513962013950662,0.0164923922563738,-0.0272589986893173,0.0115385360053796,0.0192084023697526,0.00134491009678597,-0.0138889694284661,0.00338504815521452
2020-12-03,-0.00113732961965746,-0.00524696556658867,-0.00524419216435043,-0.00171504448249145,0.0431770706457894,-0.010671806974036,-0.00655528898369744,0.012857633811123,-0.00810524046973162,-0.0197200777802768
2020-12-04,-0.00561253109857172,0.000560272561331694,-0.00757832798344689,0.00105398370965694,0.00953853028068704,0.0121118719904596,0.00907304346261043,0.0202727042089295,-0.00261227900407927,-0.00762833426156327
2020-12-07,0.012270028803392,-0.000326562101855885,-0.00144820943300787,-0.00369033137566247,0.0713141326897252,0.00357741765421973,-0.0037602922129309,-0.0159701956210829,-0.00537223177085646,0.0210223836780033
2020-12-08,0.00509090673962681,0.00802644232038359,0.00610834764992649,-0.0031370459813889,0.0126526975609143,-0.018869314322914,0.000984716842361195,0.00358552709197878,0.00904723446745839,-0.00763340460584682
2020-12-09,-0.0209037457408758,-0.0194896598285555,-0.0230038504154711,-0.018478057020625,-0.0698590426253151,-0.031404727307428,-0.00778680202537706,0.00282083813401652,-0.00789551894915606,-0.0193367341019039
2020-12-10,0.0119887243158316,-0.00604345668956711,-0.000873096448696114,-0.00574296673708972,0.0373709576785946,0.00320948756920269,-0.00644375229232521,-0.00525059225363856,-0.00467084024796034,-0.00287857559326558
2020-12-11,-0.00673472236624258,0.013015246953467,0.0048138524969414,0.00404490740204809,-0.0272377673758686,0.00316051501576112,-0.00590323037965642,0.00565516719150704,-0.000272065752943695,-0.0128824765937503
2020-12-14,-0.00514663632568043,0.00440786066741761,0.0130117015614609,-0.0127000013782967,0.0489188533057241,0.0227076790340935,-0.0105386247647865,-0.00149963078531708,-0.00918359312017953,0.00233960410744252
2020-12-15,0.0500902814862719,-0.000326806018084719,0.00258159711599429,0.00503368197097056,-0.0102840319661168,0.00388851733686105,0.0170749834663471,0.0107003757454387,-0.00048044856891807,0.0049601382239531
2020-12-16,-0.000547442512862767,0.0240507971366553,0.0239612243786192,-0.00220900029152251,-0.0165495396447895,-0.00883200500722587,0.00290905061256845,-0.0144874233373365,-0.00103068860600234,0.000435505679528965
2020-12-17,0.00696364442877708,0.000638397312378841,-0.0015057469987261,-0.00949234344532539,0.0531978185642527,0.00745694194678628,-0.00828705130878633,0.00395766987078374,0.00460717284111886,-0.00431659664636336
2020-12-18,-0.0158508721161434,-0.003782758550306,-0.0106393944089127,-0.00821021357180134,0.0596127789695891,-0.00519072143221555,-0.0049302172353734,0.00882310516069733,-0.0010265173303606,0.00699469343761955
2020-12-21,0.0123952208071735,0.0182991158981956,0.00141490455733063,0.00483118826269141,-0.0649496818937732,0.00453959392183575,0.037537658677934,-0.0173055779194063,0.000136964860372633,-0.013060572281435
2020-12-22,0.0284646230799928,0.00606506204333268,0.000106034535844196,-0.00826702693919388,-0.0146492690263625,-0.00405037863311196,-0.0152164194125916,-0.000946811159829076,-0.0121257719056919,-0.0208951988875232
2020-12-23,-0.00697620412359761,-0.013039256771264,-0.0066271220719274,0.00465628891010336,0.00880777207409831,-0.0202585570785605,0.0279443260730567,0.00606518287865479,-0.00679612384459349,0.00381887898395861
2020-12-24,0.00771265141037148,0.00782732661626444,-0.0039494158223604,0.00343123138066914,0.0244434951892241,-0.00119128720254176,-0.00439732193627277,0.0067821641579114,0.00195482863712376,-0.00264817923350203
2020-12-28,0.0357655262341935,0.00992143379021702,0.0350711327167208,0.0229504901112312,0.00290130740411132,-0.00721520295394767,0.00658527689004173,0.0134730355097058,0.0119860607905363,0.0359013126766893
2020-12-29,-0.0133147431970558,-0.00360068495271197,0.0115836251310324,-0.00913193616629532,0.00346552398522495,0.00335265889656084,-0.00263283446302369,-0.000553664570962392,-0.00633517725912008,-0.000794229097430433
2020-12-30,-0.00852695981117902,-0.0110193538734998,-0.0108820608642875,-0.0122371310434354,0.0432288658824451,0.0156453562604175,0.0027996319183504,0.00572680000530989,-0.000831440769288557,-0.017739743008832
2020-12-31,-0.00770270688858892,0.0033383259752263,-0.00880137062319658,0.00943979463759164,0.015673981191225,-0.00690355932631598,0.0136406251946797,0.00734753701867057,-0.000208139353118141,0.0047447460889416
2021-01-04,-0.0247191179963925,-0.0212661517650543,-0.0215847406203017,-0.0151258603994549,0.0341519718082883,0.00448113948745402,-0.00944360078619315,-0.0379285275261623,0.0165105013293951,-0.0154487426556562
2021-01-05,0.0123639928956082,0.000964407138544513,0.0100043583817537,0.00806434505795738,0.0073173689061318,0.022210059262219,0.00544142202532257,-0.010993233259063,-0.00532299507457087,0.00754819777608125
2021-01-06,-0.0336617136666648,-0.0259293480709644,-0.0248966141477116,-0.00986745225268683,0.0283903022674987,-0.0589530198124584,0.0469560089891791,-0.0318128570892017,0.00624356255781979,-0.0282688469848382
2021-01-07,0.0341231831028385,0.0284571777517992,0.0075771277743996,0.029868703080257,0.0794465636085813,0.0578303431896928,0.0328389474708793,-0.0110847513053121,-6.84014579293065e-05,0.0206223202788784
2021-01-08,0.0086312516803968,0.00609290091287072,0.00649551437467591,0.013238624204847,0.0784029947046743,-0.00503993381763797,0.00110407157878424,0.0224181780697486,-0.000136144082199557,-0.00435380864488315
2021-01-11,-0.0232485731147344,-0.00969858820766312,-0.0215194622800072,-0.023105550495705,-0.0782141172150087,0.0259666047644182,0.0149242922451475,-0.0172278874230468,0.00450105171005198,-0.0401015836496812
2021-01-12,-0.00139567735968607,-0.011770548755596,0.00212579705140229,-0.0107386572828425,0.0471529479960064,-0.0100392301576587,0.015718985403303,-0.00179316794357628,0.0114058689405327,-0.0223875989620185
2021-01-13,0.0162264202426913,0.00656011987274451,0.0144384068741711,0.00565204332138081,0.00585095088999162,0.00348514418373468,0.0009272804639714,0.000998003815402804,-0.0102034070667238,0.00219046434784371
2021-01-14,-0.0151271691259942,-0.0153462315715297,-0.0121355451731751,-0.00934611368423714,-0.0110135231572947,-0.0244977922897087,0.00584254132306548,-0.0185407040619975,-0.00325504684280119,-0.023843446074845
2021-01-15,-0.0137303096597931,-0.00173690803882307,-0.00742460012564596,-0.00190653617485852,-0.0222958544595344,-0.0258138854360456,-0.0179218048656598,-0.0107657408193795,-0.0158538339615387,0.0232860747752838
2021-01-19,0.00542706247934066,0.0178226289104638,0.00531851829423307,0.0329066230190257,0.0222596291834861,0.0128894467933214,-0.00432792414678094,-0.00390174112978792,-0.00864207107550829,0.0387492818875239
2021-01-20,0.0328560832781742,0.0364996200579675,0.0457004846223927,0.0535732067666434,0.00698599786790855,0.0261415387236058,-0.0149954187237538,0.00350480220512356,0.0147850819487554,0.0244348884748038
2021-01-21,0.0366585962861639,0.00280859661321662,0.0133634215506291,0.00217025446174144,-0.00642015626349095,0.0375397189293618,-0.00838438867963422,0.00554629144530564,-0.00453586472139464,0.0201510021158119
2021-01-22,0.0160736006298322,0.00435575511787337,-0.00446331304512798,0.00446347099356353,0.00195264251408384,-0.0111771800235409,-0.00771338455541658,-0.00939742341014323,0.010217358711255,0.00597361662044242
2021-01-25,0.0276835967612653,0.015844324040642,0.000537635455164166,0.000908757613964123,0.0403478061146041,-0.00432088239345142,-0.0124822117474237,0.00598059983208035,-0.000888294683473976,0.0127869043327591
2021-01-26,0.00167928684156428,0.0121990266637972,0.00975413708210861,0.00721651636386141,0.00259991882074712,-0.0159668586885956,-0.00408720882653659,0.0104551165698735,0.00896038279224463,0.0145318072857563
2021-01-27,-0.0076836910123838,0.00245323638201693,-0.028125812283129,-0.0466521516891218,-0.0214360847706417,-0.0385180547242031,-0.0282717854451322,-0.0154188025822939,-0.0248795465249665,-0.0351354779016414
2021-01-28,-0.0349851580627378,0.0258909833092037,0.00155911937086651,0.0188352440761298,-0.0332462401466603,0.0103152697842354,0.0175974839383687,0.0127755347381416,-0.000625893921285443,-0.0262365445691313
2021-01-29,-0.0374206264597081,-0.0291717834320945,-0.00970465451469619,-0.0139435424258655,-0.0501537349140376,-0.00469311449865425,-0.0110676433072484,-0.0203457847002565,-0.0226780258172938,-0.0251698772764495
2021-02-01,0.0165203188853005,0.0331524231443232,0.0426299029247452,0.0359590618253589,0.0583216728676361,0.0190343590298231,0.00738321380346745,0.00685343745585565,-0.00868417923106722,0.0142452562305797
2021-02-02,0.00633653893389459,-0.000584200722434095,0.0111042145622539,0.0137606477381131,0.0392707265317135,0.0241558497105489,0.0307823732616357,0.00990091494016933,0.0107703509809884,0.0193503719100655
2021-02-03,-0.00777842800764256,0.0145714315374923,-0.0199615659093017,0.0728250422657516,-0.0207380653325617,-0.00193652096823322,0.0114511729055154,-0.00388056903541286,0.00305484512027571,-0.00160994743162642
2021-02-04,0.025757563866206,-0.00407408813959118,0.0055758451473316,-0.0025499029700759,-0.00549911981090603,0.00988509305575435,0.0230132176597125,0.00492083846810828,0.00941924869299288,-0.000600093926743332
2021-02-05,-0.00309783527241093,0.000785102894843459,0.0063494151774849,0.0171403258501057,0.00263534966071631,-0.00536057834979139,-0.00195299097764404,0.0130586129913398,0.0128393564491936,0.00604167454664378
2021-02-08,0.00109695333126051,0.00111483886659648,-0.00871378077396537,-0.00206332098929681,0.0131302972383455,0.0623757277077937,0.0156545009201759,0.00543811497494215,0.00464106577021058,-0.00566965759454248
2021-02-09,-0.00657382149803535,0.00536151685885943,-0.0053988525624476,-0.00437991318555543,-0.0161683216431518,-0.0121547902527209,-0.00399567747484007,-0.00440689958324822,0.00551622067348758,0.0107661397279924
2021-02-10,-0.00455829285286262,-0.00389723757476669,-0.00557340544038131,0.00534345141060134,-0.0525509443039969,0.0351251428172951,0.000572772915468263,-0.00201211641298704,-0.0116574737055891,0.00898120343199203
2021-02-11,-0.00192057911281012,0.00687747020525602,-0.0074392739100823,0.00108805094284489,0.00849878981173232,0.0329512420697424,-0.0027924995308737,0.0141128547444393,-0.000763074178474783,-0.00544363986319221
2021-02-12,0.00177622693968884,0.00204509975948224,0.00477596949786057,0.00300671278957993,0.00549490090341524,-0.0189825822532555,0.0142166474062777,0.0077534201196648,0.00312428292880161,0.000406651953093476
2021-02-16,-0.0161042103445597,-0.00526557701484343,-0.00267261926930061,0.00747959859127331,-0.0243836608236713,0.0246638107074052,0.0240707621993,-0.00828559535025441,0.00823713633141383,0.0128281871342783
2021-02-17,-0.0176437729959988,0.0043596388443492,0.0121415891695973,0.00375216073421485,0.00242386722726837,-0.0276741742205386,0.00311140940755068,-0.00278488120154163,0.0105725068906807,-0.00145998272159354
2021-02-18,-0.00863651330559377,-0.00167887774231355,0.00592081427429808,-0.00604628411537183,-0.0134936910453256,-0.00516564544551426,0.00337689193748831,0.0127667670286593,-0.0648096656937255,-0.0152794412321164
2021-02-19,0.00123320877045363,-0.0115673536559012,-0.0235350557457474,-0.00807290734399407,-0.00772183353373271,0.00657492466171683,0.0166908284169781,-0.0129999655034334,0.00493982290774455,-0.0290658212316517
2021-02-22,-0.0297987998668957,-0.0268082755697055,-0.0212806096041124,-0.0165405318931798,-0.0854984585555986,-0.0382374623566737,0.00939053749413998,0.010377239956253,-0.00469861510075168,-0.00470243062698801
2021-02-23,-0.0011111175350732,-0.00528760264742396,0.0043260595267092,0.00285258702884588,-0.0219174294299168,-0.0148894002217027,0.00803167208288481,-0.00177758877237739,-0.0161232269547717,0.0212421465889762
2021-02-24,-0.00405209595827565,0.00548729227774839,-0.010946968676519,0.011499171429362,0.0617880726639223,0.0252438955198068,0.0175951361912046,0.00336367610556408,-0.0166828377442815,-0.00583012802284889
2021-02-25,-0.0347827287846406,-0.023705201472314,-0.032400386819549,-0.0325651500128103,-0.0805908249604527,-0.0821779752712741,-0.0135718740987217,-0.0106487065268328,-0.00945853833422845,-0.0363966035836071
2021-02-26,0.00223170888587593,0.0148042439703074,0.0117003879732119,0.00295640126620471,-0.00985015221102031,0.0305841372438442,-0.0265246596194165,-0.0235199990384516,-0.0153848310335557,0.011504274541738
2021-03-01,0.0538512948111015,0.0196230454298104,0.017203798394721,0.023616267328754,0.0635529114819223,0.00927863282717942,0.022626723580205,0.0185751368703106,0.0111610886678794,0.0282972931125739
2021-03-02,-0.0208936721464581,-0.0129569940895879,-0.016404262105027,-0.00250279891401277,-0.0445276364865991,-0.0314627649320843,-0.0032556710305464,0.00400801514172737,-0.00959119989438042,-0.0223092926346172
2021-03-03,-0.0244566170070117,-0.0269808201860889,-0.0289317047982315,-0.0257061883750297,-0.0484237582833927,-0.0448672896918956,0.0193320488192405,-0.00239519135069053,-0.0193685402856643,-0.0138609925913987
2021-03-04,-0.0158119190800683,-0.00364731114749161,-0.00912815798539102,0.0111961812224324,-0.0486221818311275,-0.0339325272049664,-0.015368522727173,-0.000800461877949269,-0.000470501766471438,0.00873102970815838
2021-03-05,0.0107384341944477,0.0214792685183109,0.00768748191664624,0.0310430928193816,-0.0377993135312846,0.00737624020335292,0.00232460156715503,0.0170207113969831,0.0124679709379084,0.0257723108221602
2021-03-08,-0.0416734942236911,-0.0181779082548715,-0.0161674637483869,-0.0427118227759285,-0.0584496728285413,-0.0696745341431881,0.0132529912979446,0.016735418741647,-0.00960342267904355,-0.0339412738867416
2021-03-09,0.0406495997860938,0.0281016684548308,0.0375683736605736,0.016368615965031,0.19641207608178,0.0803333555513142,-0.00706289145114997,-0.0151045409702217,0.00789811245284562,0.0408522473135379
2021-03-10,-0.00916650721033946,-0.005817465251659,-0.00170101731237471,-0.00204379504804117,-0.00819506910832354,-0.00415328549531424,0.021734711915865,0.0114036503223477,0.0255255460731755,-0.00316084799492973
2021-03-11,0.0165024980291598,0.0202650607437999,0.0182984297766018,0.0316030509434558,0.0472113423653114,0.0421269514066647,-0.0052211677499894,-0.0108865035886235,-0.000378361362624931,0.0338994179834613
2021-03-12,-0.0076254452115636,-0.00581977559546135,-0.00774027278504323,-0.0240603448818898,-0.00839050199257191,-0.0105822500000896,0.0118580998273855,-0.00198157403678875,0.0150611076769963,-0.0200085410587947
2021-03-15,0.0244569357375998,-0.00398723749438416,-0.00252794424456889,0.00216581892106403,0.0204834612062211,0.026077295641582,-0.00499509312411203,0.0133041029883314,-0.0051449109583823,0.0199328526253342
2021-03-16,0.0127429993230788,0.0123504438179379,0.00330341039145358,0.0143349240890676,-0.0438737719594032,0.00758080881287186,-0.0119713446079987,0.00372353034899938,-0.00029954137030682,0.0202007966982558
2021-03-17,-0.00645061723389645,-0.00281873323040914,0.0141888485972412,-0.000801548375581603,0.0368307426101182,0.00376188626588235,0.0102924730153574,0.000390451352492348,-0.00832162770130502,0.0169365767734082
2021-03-18,-0.0339051688967316,-0.0266619966439941,-0.0343587837075098,-0.0292379802628559,-0.0693207276395139,-0.0463787630151412,0.0165063620935646,-0.0130759591459622,-0.0130568879813519,-0.0189781671116147
2021-03-19,-0.00448025668980917,-0.00160348881672493,0.015511909856347,0.00278038568431893,0.0026180050626226,0.00968755732118657,-0.0159212381324112,0.00474598914787549,0.0133065601518873,0.041238675743167
2021-03-22,0.0283354949022277,0.0244842456258483,0.0116782117240804,0.00184022840236217,0.0231038302993863,0.0265068386306956,-0.026878820758903,0.00373939284369389,0.00478201716366972,0.0118233600578992
2021-03-23,-0.00688853674506722,0.00673755651382481,0.00856028807599804,0.00523939257108631,-0.0117014645636584,-0.00875908175079594,-0.0100019580176258,0.00764707784299386,0.0118610554961746,-0.00991353011454456
2021-03-24,-0.0199935553117845,-0.00892319828748588,-0.0160733044384957,-0.00431076974187485,-0.0481605872781,-0.0327258173262394,0.00776095012281835,0.00252970980042783,-0.00619719330864447,-0.029212348299759
2021-03-25,0.00416368960533621,-0.0132507673531843,-0.0132196342896715,-3.45161707099011e-05,0.0160566274015571,-0.00852249440660861,0.0128138670966394,0.0097049575462506,0.00676137887629974,-0.0120508239160918
2021-03-26,0.00514136195848169,0.0178188665391551,0.00189411224320819,-0.00380326829459821,-0.0338543824157702,0.0242515420811722,0.0166503503660069,0.0196081381668596,0.00835773406474879,0.01535479223447
2021-03-29,0.00148512685617732,-0.00524362138362642,0.00776530733458742,0.0104014293075083,-0.0119926670211092,0.0084896224875259,-0.0155393953748714,0.0152711626229585,0.0113965553161669,0.0275597369590019
2021-03-30,-0.0122745059069205,-0.0144107791995696,-0.00664559750250408,0.000332396131659794,0.0398010788512095,-0.0059081550244818,0.0117894834321484,-0.0129989425247947,-0.00680481149188792,-0.00969664128946851
2021-03-31,0.0187653758664193,0.01690741801297,0.012696005643074,0.00784276903130935,0.0508322055844409,0.0370191839556783,-0.0145650266626565,-0.0082785063543242,0.000663001437522052,0.0226737485406875
2021-04-01,0.00695865744095473,0.0279085622080546,0.0216284544311025,0.0326105296606809,-0.00925245592312114,0.0347236278007928,0.00972225953069249,-0.00379430847055558,-0.00154603823660761,0.014022333189454
2021-04-05,0.0235772846482755,0.0277284332530707,0.0207940459346953,0.0418728583068039,0.0442765912277222,0.0127246126040612,0.00530051308597077,0.00571322386393108,0.0280929451447919,0.0343201554461902
2021-04-06,0.00246235279280547,-0.00485809177587456,-0.000901890214727615,-0.00437129107250706,0.000824776112797841,-0.00900814264411035,-0.0070302372189218,0.00719563437481,0.00480557166715335,-0.00857886294551009
2021-04-07,0.0133904189166892,0.00823046455575904,0.0172373365564136,0.013475141893171,-0.0298574282089304,0.0203443984744659,0.0156676983966615,0.00169195589307624,-0.00214137311339222,0.0223014210841925
2021-04-08,0.0192338785343203,0.0134054845854021,0.00607124295255057,0.00509131012116153,0.019121596134363,0.0122670922070569,0.00122658241583884,-0.003002923445217,-0.000643746903637213,-0.000223494591667546
2021-04-09,0.0202511419448679,0.0102664204582708,0.022095622425227,0.00899386847572977,-0.00991515573303499,0.00579725648478208,0.00747818354164533,0.00112937423495259,0.000501063067419262,-0.00178923999662634
2021-04-12,-0.0132325663931077,0.000234627909658346,0.00213212187302457,-0.0114723283207597,0.0368674123012959,0.056180480215932,-0.0021117733098012,0.00319676620650679,0.000143026847769876,-0.00294443246747656
2021-04-13,0.0243061488846537,0.010081662428819,0.00609874760522484,0.00437046317012594,0.0859569036478467,0.0309357371714168,-0.011926907183463,-0.00487346120258515,-0.00307581537638935,-0.00571351011064914
2021-04-14,-0.0178528996307218,-0.0112192158569567,-0.0197059182559764,-0.00555354542068819,-0.0394716670464752,-0.0256704255708051,-0.0186905283458942,-0.00018843204494422,-0.00035883783452948,-0.0224043046868772
2021-04-15,0.018708049838929,0.0152981222554402,0.0138284097145749,0.0193317482541881,0.00904093122398243,0.0563099194233387,0.00634883927574485,0.00471003209913163,0.0060295014548657,0.0165115126660079
2021-04-16,-0.00252767060262126,0.00477834238085369,0.0060223423545753,-0.00109405993652874,0.00125870291519285,-0.0139273642163896,0.00742607629203508,0.00656304992011012,0.0032105537937665,-0.00532801447026756
2021-04-19,0.00506803505130656,-0.00767051359239603,-0.00806900981525793,0.00307098245086516,-0.0339965846863082,-0.0346111852400742,-0.0042402515565006,0.00596092859025775,-0.00640073175014224,-0.0128680153218188
2021-04-20,-0.0128300264607908,-0.00185501311409214,-0.0110675672764967,-0.00469483536530021,0.00610101726752274,-0.0124009122538749,-0.0221418241301672,0.00314822273335801,0.00773028820162946,0.00135636648330807
2021-04-21,0.00293009735841649,0.00898302128193715,0.00819566963348177,-0.000289537320176597,0.034951793439895,0.0124743274212873,0.00850808624201635,0.00812238212707454,0.00291209950834311,-0.00389879006218376
2021-04-22,-0.0116852090853942,-0.0130861190133257,-0.015758395892337,-0.0113372273617381,-0.032830696766993,-0.033218277829607,-0.0210578759179288,-0.00311289604896777,-0.0108357089790777,-0.0164194998941374
2021-04-23,0.0180386622315972,0.015476202106881,0.0096221897467715,0.0210474522179238,0.0134919082134499,0.0279457519321874,0.0191354562794326,0.000551278024006621,0.00164675930066113,0.0155470528606823
2021-04-26,0.00297741269507848,0.00153166977214679,0.0203897803642075,0.0043479060676211,0.0120647150060257,0.0139367720440915,0.00246383556874162,-0.0148707353783128,-0.0142242404542794,0.00634270097500287
2021-04-27,-0.00244923637247137,0.00160593355177912,0.00247291755124528,-0.00820359947071154,-0.0453264790736826,-0.00621861745814743,0.00458285242519186,-0.00149062414620953,0.00340763463349708,0.00174888643615923
2021-04-28,-0.00602761392542607,-0.028285616608985,0.0120177867315691,0.0297078951630951,-0.0146720943042301,-0.0068261089047353,0.00647949812219639,0.000186544625609387,-0.00354080043298128,0.0116282247956107
2021-04-29,-0.000748359906104682,-0.00805337968961827,0.00370393476006058,0.0142938244592288,-0.0250575517197453,0.00314204007440141,0.0194440487127496,0.0125021488016972,0.0126185806091619,0.0729731860898856
2021-04-30,-0.0151330973860583,-0.00130673546245836,-0.00112063617179671,-0.0164078158003819,0.0479172395755804,-0.0205714602983779,-0.00889214136984539,-0.00516038516979979,0.00200548838320063,-0.0134442715471289
2021-05-03,0.00821526797846905,-0.00126897119503172,-0.0233401707193153,-0.0044274005155408,-0.0345906327112996,-0.0115092584772286,-0.00292572135091372,0.00926284281817306,0.0157959289432557,-0.00769062864276509
2021-05-04,-0.0353856569960407,-0.0161598475400802,-0.0220345413338013,-0.0154711808530348,-0.016498740899281,-0.032722910502796,0.0138234986222562,-0.00624105032834225,-0.00985089635217708,-0.013081959326377
2021-05-05,0.00195542350027115,-0.00532701990432054,-0.0124794329994917,0.0034420173142624,-0.00394895908037422,0.00747334267959604,0.0131206136565477,-0.00258574939868012,-0.000852775407755224,-0.0104910839686359
2021-05-06,0.012802485064544,0.0132267376404232,0.0109554017694474,0.00975473164335618,-0.0110293385207871,0.00446099259828935,0.0201245498227195,0.0100000309439641,0.00714026004694864,0.0158720589368616
2021-05-07,0.0053275154095808,0.0109320004622891,-0.00446405785027727,0.00623781840647032,0.0133074609534214,0.0199165874860456,0.00342285094433105,-0.000550105961710532,-0.00602614508127052,-0.00293757995497128
2021-05-10,-0.0258045193807001,-0.0209144220699704,-0.0307205263737634,-0.0255873862018014,-0.064443731397841,-0.0368950090808713,-0.000124139848135324,0.00733827235705758,0.00442215011287302,-0.0410867369547148
2021-05-11,-0.00741022988504685,-0.00384332665168913,0.0104748169178807,-0.0094644919763574,-0.018822278764286,0.00283891004940101,-0.0166230217830534,-0.0107449150566798,-0.0090187354874695,0.00183016561281077
2021-05-12,-0.0249386032526455,-0.0293626885735264,-0.0223237967654285,-0.0307525241756822,-0.0442482129268579,-0.038287426476608,-0.00687562678800918,-0.00515468465846577,-0.025868800867045,-0.0129839519953392
2021-05-13,0.0179198230610201,0.0168618992163693,0.00302354400448563,0.0130849820754734,-0.030853203980896,-0.00677768619493838,0.0257225376294187,0.00869719893446044,0.0169193969937657,0.00895716861447425
2021-05-14,0.0198445487405088,0.0210672407556817,0.0194308511844926,0.022134949880906,0.0315730329971176,0.042278744311696,0.0155418861260026,0.00403614256643218,0.00925929994984835,0.0349865081062076
2021-05-17,-0.00925860309215553,-0.011968534615479,0.0147351540352206,0.00462618082066932,-0.0218909829468431,-0.00544128838754806,0.00402427589081235,-0.00164450809579543,-0.00451546117209309,-0.00151922408394638
2021-05-18,-0.0112456111504828,-0.00856500856286981,-0.0116530585697794,-0.0115557496715547,0.00180294585115358,-0.0105713272017974,-0.0140888696224899,-0.00549050858427143,0.0217437630892437,-0.0174348754204347
2021-05-19,-0.00128154643903854,0.00247379067354227,-0.000148514828113159,0.00399128805077496,-0.0249363838658861,0.00356729085275393,-0.00763778814917844,-0.0031284434828404,7.04641627679535e-05,0.0117112169729402
2021-05-20,0.0210121962400937,0.0138205432603045,0.00491370979423563,0.0156064482893179,0.0413871280233607,0.0388710505866237,-0.00173807723495178,0.00886116424300993,0.00352313112114282,0.0160082340660494
2021-05-21,-0.0147670943328693,-0.00531492980208014,-0.013732853548741,-0.00555715795276069,-0.0100549171289226,0.0259537331050817,0.0113784363657569,-0.000549079049439286,-0.00470436339665318,-0.00746996153761237
2021-05-24,0.0133141197474626,0.0228821221012752,0.0130842152610169,0.0291658166553411,0.0440022264046774,0.0413729970987766,0.00541012855872697,0.00329539863873852,7.03722649965429e-05,0.0265627660260904
2021-05-25,-0.00157343623239445,0.00374830192730476,0.00433285122620088,0.000775096611775609,-0.00288566838296928,0.00228969844516252,-0.0103338648658825,-0.000182471911844933,0.00409141785336218,0.00973429345292887
2021-05-26,-0.000394071391568532,-0.000913643772209245,0.00187475624470478,0.0073807967499596,0.0238799575007857,0.00333918049372348,-0.000123565559248349,0.00438036590610106,-0.00119444289136645,-0.000396568175879747
2021-05-27,-0.0123769320578084,-0.00866850151315487,-0.0107345581140303,-0.00740660738174459,0.0189298401542447,-0.0135031706885025,0.0155720360745365,0.00835910544386967,-0.00337600969208717,0.0155343826894875
2021-05-28,-0.00534796675957717,0.00148394124715032,-0.00217942894199531,-0.00246751786287035,-0.00892452280215991,0.0488441267347066,-0.000669534653506742,-0.00360413775713304,0.00239950147445553,-0.0120810874410194
2021-06-01,-0.00264822930100687,-0.00913147043889355,-0.0013714148069607,0.0103230323647242,-0.00211126859962755,0.00123119035980807,0.0110207416865434,-0.00018109334570573,-0.00260505710603035,0.00121668455468772
2021-06-02,0.00627616879305181,-0.000404133784567468,0.00476596283712923,-0.00444732894068178,-0.0301009523377686,0.0315871654230992,6.01681908393136e-05,0.00397984337241667,-0.00218824424040975,6.07836440260344e-05
2021-06-03,-0.0121542153890879,-0.00642955683076262,-0.0145269411420299,-0.00970649601160233,-0.0533447643128265,0.0114137982788094,0.000662225207399205,0.0025225448784097,0.0017685831890809,-0.00944862128946975
2021-06-04,0.0190221202931128,0.0206747157013502,0.00602765782192527,0.019590491739161,0.0457544705755133,0.0358581022132729,0.00162502699135176,0.0107836590831155,0.00176554663086149,0.0132192953774635
2021-06-07,7.93844931405287e-05,0.0120422439473251,-0.0025606925929647,0.00364727535791903,0.0101494316983046,0.00231796849803399,-0.00468636559571532,-0.00355599563303662,-0.00669718436109666,0.018858644862639
2021-06-08,0.0066719295608663,-0.00488571077274793,0.0206691535520895,-0.00160688747670083,-0.00254492174187563,-0.00919454285297028,-0.00398419299815376,-0.00695956517273443,-0.00759405648342897,-0.00861607964176363
2021-06-09,0.00307720613572503,0.00403845143971092,0.00522034930229079,0.00396104625862449,-0.00796898137176267,-0.00542914661368656,-0.0124847995884179,-0.00305472098163225,-0.0053639465216332,-0.0102791656463155
2021-06-10,-0.00802322236234433,0.0143932619649133,0.0208768459454441,0.0112917639721027,0.0189385017402563,0.00384542022983406,-0.0155886923703104,0.00775043881848633,0.00575262565266113,0.00669181330888871
2021-06-11,0.009832643351551,0.00252700293800483,-0.00084182653398665,-0.00202463348296691,-0.000377018031215174,0.0229703148432337,-0.00068548575466586,0.00447130940602339,0.00621934777325238,-0.00360928773899653
2021-06-14,0.024577836313596,0.00775507070360203,0.0110671272164336,0.00769903578145933,0.0127892218490251,0.0108551341853769,-0.0169692159124594,-0.00340845623812593,-0.00134985315803913,0.0166332527199252
2021-06-15,-0.00643767757206842,-0.00588696693830218,-0.000218699679348206,-0.00837920598421579,-0.0296750825796226,-0.012778151510305,-0.0151679845516089,-0.00252012501630286,-0.003984151563555,-5.92222017004414e-05
2021-06-16,0.00393403156260995,-0.00379326171012759,0.00949418357111297,-0.00532873262641785,0.00919315563269813,0.00122239706529896,0.00702405653612489,-0.0133551367595002,-0.0203570494063988,-0.0168375314687931
2021-06-17,0.0126009147161529,0.0136761048922607,0.0216646437778041,0.00803993291520419,0.0193926145867917,0.0475572140061755,-0.0288603619378527,0.0051218599189919,0.0041559431927782,0.0164008742875653
2021-06-18,-0.010092054058302,-0.00563401350947207,-0.000670658313931348,-0.0134093381806863,0.010882243306207,-0.000991808766153724,-0.0253030877957692,-0.0214742630277336,-0.0185155630298544,-0.0203557575029225
2021-06-21,0.0141041269300118,0.0123349219152743,-0.00944680468207444,0.0141661358443206,-0.003978800587379,-0.0113473827278161,0.0169684955973168,0.0109725606034242,0.00909952852016049,0.00797772650082571
2021-06-22,0.0126983500266161,0.0109656917693631,0.0149046610618749,0.00425239006701844,0.00463898362497316,0.0249359259373789,-0.00146217848448232,0.00367924315464893,0.00461883642948248,0.0202834620386114
2021-06-23,-0.00208995124964587,-0.000903836050855146,-0.000462189680417299,-0.00166355733515735,0.0526847661820757,0.00902753127808963,0.00605819365875327,-0.00806448709934072,-0.00780861524361918,0.00460140980945657
2021-06-24,-0.0021689586249686,0.00535292319893156,-0.0156229463919472,0.00305419182773801,0.0354113029841544,0.00777946776222995,0.00919785079516278,0.00498875429526245,0.00698722697696731,0.00760432498859795
2021-06-25,-0.00224881747463574,-0.00626173726236501,-0.0138065616139547,6.94518490868929e-05,-0.0116943120263147,-0.00908622553013921,0.010097574876507,-0.00128669590934214,0.0118326149828847,-0.00527423156544079
2021-06-28,0.0125463542926059,0.0139609471821123,0.0124740891362442,0.000224415615202103,0.0250792656704027,0.0501287785927278,0.00181762048598684,-0.00110476223226801,-0.00310388738894124,0.0418021832997762
2021-06-29,0.0114997213345636,0.00997315804588083,0.00123403414054571,-0.00215030313166029,-0.0115576819313488,0.00208904976357956,-0.0012311276392481,-0.00737188662464603,-0.00579309386140615,-0.0105442335288576
2021-06-30,0.00462144847678769,-0.00184209754068015,-0.00231430325081143,-0.0014967478401719,-0.00155707968615412,-0.00121101291537166,0.00908279575996377,0.00464162657647698,0.0270939424040581,-0.0118787904193145
2021-07-01,0.00226349621896185,0.0025838833846362,-0.00209000209000506,0.00290782037406282,-0.00261882307794176,0.0104738616012921,0.00990075763793141,-0.00277214111503981,-0.0120548550443194,0.0192115158973399
2021-07-02,0.019596286733924,0.0222752309483714,0.0227237492306123,0.0229735984111601,0.00144563705130801,0.0136057349188922,-0.000960421804803531,0.00407720095774272,0.00567032921031973,0.000874775853862485
2021-07-06,0.0147186260380799,3.61131961256525e-05,0.0469271074220553,0.00744468015473796,-0.0284578097859464,0.010323483391385,-0.0167915968910225,-0.0055371990967002,-0.00121319347470161,-0.00541327313675845
2021-07-07,0.0179552719384381,0.00817545808392323,0.00566956407670947,0.00225055555237838,-0.0226356285714012,-0.0157861872962236,0.00117347226994972,0.00816650937332548,-0.00164357742816908,-0.00649110813310315
2021-07-08,-0.00919996949318695,-0.00896655225728056,0.00942222759388141,-0.0113066395609705,0.0126580372905724,-0.0230216721148191,-0.0172537205516427,-0.00349771740053425,-0.000859058936503546,-0.0138092418993879
2021-07-09,0.0130552151419159,0.00187452476353847,-0.00323470420257223,0.00379467349253793,0.00634183707958218,0.00741094694419429,0.03199945353226,0.00609606836768824,0.00508627961385897,0.0137999879264132
2021-07-12,-0.0042036514634825,-0.00223074512481347,-0.00021234814297666,0.0116078217570638,0.0437628194032968,0.0230545421054693,0.014315930349658,0.000367360941982248,-0.00178173279619894,0.00781923279401691
2021-07-13,0.00788907542179324,0.0131979155284454,-0.0110769478237298,0.00288237844627117,-0.0250255268170933,-0.0127971214654368,-0.0148733205740497,0.0099118985962667,0.00378411279914623,-0.00302974111454678
2021-07-14,0.0241008375098213,0.00544504124293728,0.00117477441650838,0.00703222195609219,-0.0226762625356214,-0.0201728646866856,-0.00340527204819152,0.0225373364841923,0.00690012212376218,-0.0126671724889047
2021-07-15,-0.00449223325261635,-0.00523865521490304,-0.0137111431749428,-0.00960709209809912,-0.00425479622657977,-0.0441119840006909,0.00219189093100707,0.00319953578648791,0.000777077142738774,-0.00911906713877247
2021-07-16,-0.0140759677774242,-0.000996185072959883,-0.015854231666681,-0.000275584842517241,-0.00980631657573154,-0.0424570096584291,-0.0228352895138285,-0.000708869193180935,-0.000705713699294888,-0.00958018786032538
2021-07-19,-0.0269145785894,-0.0133218203281778,-0.00672703009230055,-0.0188392050499577,0.00310448205777948,0.0340702256380493,-0.0325193957472024,-0.0118795635307399,-0.00233106635363752,-0.0123399529904832
2021-07-20,0.0259741685587161,0.00833942910580173,0.00664861364987785,0.0130963351527578,0.0220977834283767,-0.00893258945644032,0.0186435058642974,0.00179455518721209,0.00453124693515037,0.0139781801214796
2021-07-21,-0.00513201909927392,0.00744629779874892,0.00336111085251948,0.0106133207500348,-0.00788801985024281,0.0428757492728437,0.0210406001591557,0.012896088334546,-0.00493396852900357,0.0133758727178829
2021-07-22,0.0096287989267831,0.0168446628817867,0.0147356358959682,0.00684051521190371,-0.00920200784797654,0.00947947861095058,-0.0126263477910011,-0.0014145179803063,0.000708249248996091,0.0143256618144034
2021-07-23,0.0119891289756944,0.012336555800046,0.00511538493479076,0.0357688204079808,-0.00905642487598569,-0.00183737033505178,-0.00192116178429718,0.00956252604581912,0.00821156237797787,0.0529628807086049
2021-07-26,0.00289473947396979,-0.0021403028256279,0.0118086361981607,0.00766845176966202,0.0221330699272429,-0.013498297648493,0.00670483338764367,0.000877093393490134,0.00140396720971465,0.00722009330167844
2021-07-27,-0.0149003007625458,-0.00868386043075823,-0.0198468767862909,-0.015928971536523,-0.0195249481968685,-0.00445713129613372,-0.00131900255894917,0.00350506963481567,7.01084611114531e-05,-0.0124844627996207
2021-07-28,-0.0121962746037251,-0.00111666799735348,0.00108373716807035,0.0317968333920752,0.00341203544029609,0.0153580002016332,0.00165073287813274,-0.00908142650638493,-0.00406617604406007,0.0148717598233818
2021-07-29,0.00455229524677072,0.000978232226610201,-0.00837394068998812,-0.00232558586461066,0.0469411880742337,0.00815261472063645,0.00856950667784741,0.00546359440822803,0.00126701574173485,-0.0400770112990359
2021-07-30,0.00151080582144866,-0.0055497859882478,-0.0756489071327819,-0.00774041113966012,0.0145419285085804,-0.0082899820495679,-0.00797370360290806,-0.000350606645890208,0.00217957769187162,-0.00563748726198815
2021-08-02,-0.00233114504566659,-0.000315622992900119,0.00116903694632,0.000949976470411539,0.0326979286660043,0.0128722937017408,-0.00401906655918854,-0.00263012772741444,-0.00231530353071761,-0.0122088114547135
2021-08-03,0.0126444222021041,0.00807510232856219,0.0104337488414437,0.00575069323878964,9.86262123333943e-05,0.00329117102212981,0.0113779233210974,0.000703155560200576,0.0112504631485801,-0.00201742873316183
2021-08-04,-0.00278225065239031,-0.00212461059396926,-0.00342223989041104,-0.00371957800695404,0.00166254883176848,0.0231643484824409,-0.0107918645582178,-0.0144061705394065,-0.00681403300324648,0.0218655224088482
2021-08-05,0.0007484025405208,0.0105056851481803,0.0063403629993809,0.00833292155271691,0.00521864249230536,0.0179048126591615,0.0126286453284547,0.00713009898351089,0.0185521066728907,0.0112839532767913
2021-08-06,-0.00476707279396864,-0.000207357168226968,-0.00919733469385211,-0.00376516652435512,-0.0217315230840957,-0.0131318448673807,0.0284037223452424,0.00247790582891823,-0.00178698754386578,0.00148764356700089
2021-08-09,-0.000342052227880544,-0.00390366152291804,-0.000917733440177535,0.0086527723452265,0.0209697792827438,-0.00348626028422294,-0.00107938433552735,0.000176456713742882,0.00241003387951831,-0.00522695831925587
2021-08-10,-0.00335402846322345,-0.00655496679267129,-0.00634081660980699,-0.000774228723798476,-0.00528189349567685,-0.0176891440931449,0.0122671783987412,0.00264792456874096,0.0212939661323291,-0.00132726678308712
2021-08-11,0.00178578285180394,0.00178071238686675,-0.00860364349386252,-0.00385918631299692,-0.00305635704728835,-0.0118881402520561,0.0119303209121536,-0.00123233228682176,0.00894549186925672,-0.00323986350246747
2021-08-12,0.0207734404877288,0.00996675904014129,0.00345981019294034,0.00671395213261005,0.0203865283920582,0.0104573542239736,0.00390905919127373,0.00193902145271329,-0.00267625546163039,0.00747301283971154
2021-08-13,0.00141027332620411,0.0104895235054598,-0.00288482794636119,0.00388844606144865,-0.00703355704017441,0.0142176885970478,-0.0111874665483288,0.00686135914326678,0.00315292886650272,0.00146141618906176
2021-08-16,0.0135480878881806,0.00597596784155075,0.00152394720577681,0.00422592684481021,-0.0432254973537049,-0.0117891728271589,-0.00656326204808379,0.00436815062329737,0.00815907467340032,0.00930680392021588
2021-08-17,-0.00615441243791073,-0.00515991570425363,-0.0172870261504737,-0.0119154166597149,-0.0298176497163516,-0.0246616466426262,-0.0120809623301965,-0.00347930710893281,-0.000331890083913871,-0.0221246991457265
2021-08-18,-0.025500841429201,-0.00611884506190242,-0.012566487390161,-0.00887217149577924,0.0349701571040288,-0.0214821328696793,-0.00910751839322836,-0.0136173829242907,-0.0106171003836909,-0.00836919016639731
2021-08-19,0.00232280006986798,0.0207752044383275,-0.00420781871231161,0.00170524354724333,-0.0225256882899032,0.0398109750759254,-0.00835590170234547,0.00637173577542693,0.00677410148811057,-0.000928622789550627
2021-08-20,0.0101570361501078,0.0255752289545349,0.00382715471433812,0.0128946095456685,0.0100820565168587,0.051419217642079,0.00285225036703713,-0.00386917657569987,0.00892673891853245,0.0119678777415786
2021-08-23,0.0102572370816394,0.000952717294148144,0.020600355001277,0.0190061248761856,0.0382795175345966,0.0548616637088489,0.0127970166714175,-0.00353090654752197,-0.0066027264092521,0.0110749401260408
2021-08-24,-0.00060134574188066,-0.00666340109871831,0.0122203187690695,0.00871164486265199,0.0031006472789956,-0.00751430402626612,0.00619021928738696,-0.00761900991226013,-0.0103025908309971,0.00594477463452262
2021-08-25,-0.00842150549844908,-0.00201549626637526,-0.00199651415478597,0.00578697464023289,0.00382504587393044,0.0192721918487845,0.0206126326702385,0.00107135042673281,0.000402842449820414,0.00787921590388296
2021-08-26,-0.00552683214006729,-0.00966852219185219,0.00509825726293227,-0.00449400874632828,-0.0141169759972083,-0.00652778510469018,0.00515791004065145,-0.00945257231504339,-0.010807921203727,-0.0108851056481812
2021-08-27,0.00718426329230363,0.00210631021612517,0.010141756724655,0.0181244058276202,0.0153460119080185,0.0257386240394279,0.00803737518169942,0.00198072443782142,-0.00563306596411674,0.0226411377142196
2021-08-30,0.0304172619955877,0.0129118085101307,0.0214769988669936,0.00407261215335327,0.0266743526449445,0.00229746753291345,-0.0160076108971843,0.00952367657285419,0.00805354422125081,0.0215495465063372
2021-08-31,-0.00842492512384514,-0.00563222276942748,0.0143852000227247,0.00074003485346251,0.00658083407543704,-0.0131811894742581,-0.00305423745423763,0.00231404082941645,0.00270830992330331,-0.0033625738075761
2021-09-01,0.00447885093909966,-0.000165860618329593,0.00236540920954815,0.00357994934908352,-0.00221552335983846,0.00250152342930357,-0.00143772961431635,0.00674837187041547,-0.00216086122531762,0.00703774589948707
2021-09-02,0.00747481422783087,-0.00225276293977353,-0.00456447888931689,-0.0132801403055081,-0.00231578814776055,-0.00200521898611084,0.00463294437903689,0.00141102457644862,0.00527828008429299,-0.017720235669215
2021-09-03,0.00423045576493287,-3.33366669978787e-05,0.00431108626473078,0.0031577878177026,0.00161113258427126,0.0199590077230231,-0.0060450593074331,-0.000704364437945791,0.00464422698482095,0.00261147555615879
2021-09-07,0.0154893053191367,-0.00318791191086569,0.00898202436913872,0.00376382387808947,0.0263778385893955,-0.00792356363236386,-0.00175555157749075,-0.0186851997440583,-0.01326587289614,0.0157338909179941
2021-09-08,-0.0100836183782399,9.9700171515553e-05,0.00461917443072527,-0.00408592099621567,0.00126175021224716,-0.0142530235111067,-0.00445952887452203,0.0134725336254751,0.00128988251892747,-0.0120624106504091
2021-09-09,-0.00670467475758032,-0.00985941672879949,-0.0117260043360821,-0.0010438193187245,0.00131323108707811,-0.00725171425894595,0.004353186656683,-0.00992559843017245,-0.00705270548957728,0.00113873969489863
2021-09-10,-0.0331018757601244,-0.00518074819226138,-0.00430800143121225,-0.0185659362978935,-0.0246270383661363,0.013572419489495,-0.0114955303348509,-0.00447559452049657,-0.00361985645416638,0.00182547191017692
2021-09-13,0.0038933090747526,0.00432845678670558,-0.00345328976079984,0.0103387985064611,0.00914066245943939,-0.0145030223912294,0.015886921462996,0.00827190308473398,-0.00568902591622154,-0.00575662986642203
2021-09-14,-0.00956186564665004,0.00942801177218953,-0.00207398096209696,0.001489389759863,0.00200534985866189,0.00406293099617558,-0.0174525312641445,0.000718762271750957,-0.0052395553759298,5.313462886498e-05
2021-09-15,0.00614337587096692,0.0167782824320787,0.00747539133265514,0.0132239723637424,0.0152318990001746,0.00445105349247068,0.00693968526674389,0.0034117075035253,0.00173261940208105,-0.00693170106332063
2021-09-16,-0.00161034729871958,0.00131252888982059,0.00358190535485147,-0.00567410139733143,0.00153476170766893,-0.00443132940823188,-0.000442795077603361,-0.00948451808544492,0.00332089553801262,-0.00230012170830072
2021-09-17,-0.018347980644243,-0.0175287033113356,-0.00737331986616541,-0.0195668208442404,0.00330253335323933,-0.0153764056698971,-0.00259348669634028,-0.0164410558319401,-0.00206879414550841,-0.0223555413138633
2021-09-20,-0.0213608390889143,-0.0185747040490558,-0.0308417443843099,-0.0147761720635237,-0.038604843305944,-0.0359362893607498,-0.0299342029515742,-0.00698000946550014,-0.0137494287207419,-0.0247313797612156
2021-09-21,0.00342772289840204,0.00169906592804212,-0.0036057473697898,0.00225983186566626,0.0126135310896819,0.00629953079413251,0.000131117760438352,-0.00018501565501612,0.0019613711567763,0.00500435258758799
2021-09-22,0.0168723315624832,0.0128218790869715,0.010892348194076,0.00899438042106038,0.0169871810945076,0.0327120286970484,0.0191527745963583,0.00148031899427837,-0.00230727534473342,-0.0399185121048971
2021-09-23,0.00671963154075386,0.00328249306976677,0.0106359407960555,0.00664710298831101,0.00226081461648861,0.0246573185004974,0.0338012740208102,-0.00166274720440813,0.000560527606896969,0.00801268591700252
2021-09-24,0.000612396313796352,-0.000701037188273744,0.00278687304624774,0.00707418387540215,0.0275330599166602,-0.0178366302762895,0.0115399826965572,-0.00277570058023615,0.0028018310768206,0.020233655344778
2021-09-27,-0.0105498776275814,-0.0173039937428391,-0.00575683507792727,-0.00803706181040077,0.0219140632204385,-0.0190662915724016,0.0241661096490164,-0.00519565451718901,-0.00642602031325492,0.00175637870286383
2021-09-28,-0.0238010654522343,-0.0362034310691001,-0.0263784679831085,-0.0371582641075167,-0.0174383561231764,-0.0443674933162648,-0.00539012533469397,-0.0180938439382946,-0.012302181960812,-0.0365688004166968
2021-09-29,0.00648274870922244,0.00169284800481157,-0.00447535178927086,-0.0108702386568468,0.00482277877539332,-0.00879257841856548,-0.000782720824207687,0.00607905837053073,-0.000427013111352184,-0.0030529582987288
2021-09-30,-0.00931145626737173,-0.00732398374400514,-0.00487107924390054,-0.00504258993721648,-0.007461809477374,0.00969947383747772,-0.0136183485503777,-0.00925218497990006,-0.00754772440371653,-0.000647625259431335
2021-10-01,0.00812694271498485,0.0254682006406303,-0.000541877829166883,0.0214474348406645,-0.000335288791083207,0.00125484058376514,0.0210153367008441,0.0104823203101262,-0.0167168938659255,0.0106659850287782
2021-10-04,-0.0246056425945197,-0.0207196973016569,-0.028471678341375,-0.0211180005250623,0.0081396213981263,-0.0486933430933628,-0.00107744695694942,-0.000566015892727328,-0.00963156850120834,-0.0489197871809358
2021-10-05,0.0141583000073598,0.0199571135439578,0.00978753803838508,0.0176830359686435,-0.00120285010341409,0.0364381512685006,0.0163305562448884,0.00169843712230813,0.00655716182633144,0.0206296305018492
2021-10-06,0.00630724388503962,0.0150643399126801,0.012732016728674,0.0113364165798562,0.00276714249053805,0.0121754094839915,0.00213406278940982,0.0118689828810487,0.00731962464317671,0.0020423177315875
2021-10-07,0.00908434967966535,0.0059363526017552,0.0123912031055607,0.0120670232115031,0.0138742603994938,0.0181161397404148,0.00633124252687153,0.0031651164088612,0.0117715101516966,-0.0132478243973851
2021-10-08,-0.00272164046925725,0,-0.00418180526129972,0.00402587691173073,-0.0102318345223709,-0.0115780310246251,0.000764093491251727,0.00445424450412874,0.00301640124161589,0.0025210381322886
2021-10-11,-0.000629675644916764,-0.00210255077270795,-0.0128686033509178,-0.0062348329370921,0.00821152856557388,-0.00652886065060097,-0.0210316327614449,0.00203259564665051,-0.000930933086193679,-0.013937079465609
2021-10-12,-0.00910313537010084,-0.00458842834300674,0.00031727451136,-0.0177444613278659,0.0174002673033598,-0.00115932697158101,-0.00768143754076136,0,-0.00107495424286798,-0.00516233143884544
2021-10-13,-0.00423980710974196,0.011711395302465,0.0113786012039865,0.0083031712293795,0.00665237902231974,0.0129648966124857,-0.0263664969848899,0.000184435644502371,-0.00724642212630188,0.0023782949759666
2021-10-14,0.0202253872829174,0.0217339862179398,0.00474375922754661,0.0259408216479631,0.00892647109950767,0.0385405504084727,0.0153413604168044,0.00682126322546589,0.0108404462579943,0.0122943849853182
2021-10-15,0.00751275308329944,0.00482260185343143,0.0330802393900443,0.00153760767995313,0.0301959995019137,0.00533427974347646,0.0192084683433296,-0.00238042470711084,0.00486162643785932,-0.0114754147430915
2021-10-18,0.011806178648049,0.0101243307079387,0.0110647725290058,0.00997382777568563,0.0321222449364337,0.0164669552787113,-0.000360087581806533,-0.00991191528907207,0.00803999541787373,0.032577949387367
2021-10-19,0.0150799043015306,0.00305918123848046,-0.000751442456080157,0.00321484126323438,-0.00671186064026826,0.00306017685551749,0.0121287124664628,0.00389349070799808,0.0212451180940827,0.0138665947715767
2021-10-20,0.00336143434075371,-0.00266054127743458,-0.00844619575181077,-0.010248617891432,0.00177031404112632,-0.00838946906025172,0.0134660534483263,0.00886398915909801,0.00905372118876033,0.00232358425819695
2021-10-21,0.00147384174159737,0.0108976139397168,0.00584175694513044,0.000825192999010625,0.0325710107334937,0.0266478032201604,-0.00784356712398145,-0.00512551448617221,0.00554809504320383,0.00322782003203388
2021-10-22,-0.00528494214592509,-0.00514853922938571,-0.0289548333172059,-0.0304433175767965,0.01753910755951,0.00149848134630491,0.0134511285105397,0.00184004569708527,0.0104214002466654,-0.0505148219165958
2021-10-25,-0.00033639611688312,-0.00333180631945877,-0.00455098980505889,-0.000868742784478497,0.126615983625823,0.0193612065049027,-0.00488970076672745,-0.00404023593208707,0.0115949832517726,0.0125690213626127
2021-10-26,0.00457497181747856,0.00642585339125646,0.0167752616039333,0.0135432620664965,-0.00627405039250935,0.066951292879977,0.0026907084559602,0.0044254969458291,-0.00872989065673997,-0.039185938481841
2021-10-27,-0.0031477152552802,0.0421142146414518,0.00486363824547188,0.0495950085716234,0.0190784388057122,-0.0107615973414534,-0.0208283442759023,0.0192768386239137,-0.00820161491546544,-0.011367488865075
2021-10-28,0.0249916122503294,0.00365128668681104,0.0159411527591727,-0.00252031784646204,0.0377507487297999,0.0200398389214975,0.0150750088505253,0.00936586472608842,0.00623611062447976,0.015053461387643
2021-10-29,-0.0181558350423088,0.0224141582468467,-0.0215112450537787,0.0150635964720335,0.0343162943617914,0.0250993399153535,-0.00275912875887815,0.00588863718421504,0.00653400551679129,0.0209832502278463
2021-11-01,-0.00560724475871635,-0.00678482354015398,-0.016107099780026,-0.0307269913881703,0.0849102277797457,0.0101693828129937,-0.000529502848531245,-0.00354798524986146,0.00247629272769745,0.0198101601898642
2021-11-02,0.00711609277559545,0.0114155424567727,-0.00161540978055175,0.0134880718934922,-0.0302749952920311,0.022224675835105,0.00394560275792429,-0.00124630508061609,-0.000467203879740346,-0.00575798829143098
2021-11-03,0.00979859745524857,0.00261140912659504,0.0215078111275323,0.00801412471364834,0.0357167380197349,0.0074618805071091,0.000351934004183569,0.00338677360744319,0.00307248675434669,0.0107901404558834
2021-11-04,-0.00349867583263228,0.00730549288751387,0.0274823241084126,0.0113883416527736,0.0132222978796822,0.12042276611815,-0.013135678035776,0.00550726669704256,0.00732445836764561,0.0127556436318852
2021-11-05,0.00358275111299786,-0.00112920990982575,0.0120764292837408,0.0039422206099491,-0.00635816993386236,-0.00164428452394479,-0.0014257695453043,0.00424026608100237,-0.00694071345886625,0.0157213152449684
2021-11-08,-0.00555295172183044,0.00276722279074445,-0.00852794885728296,0.00120255912022356,-0.048400709533862,0.0353588854668789,0.0060100734528521,-0.00897247192115923,-0.00639018878542914,-0.00735797534693662
2021-11-09,0.00245935921083308,-0.00308634984928153,0.0250072380166011,-0.000755045378597932,-0.119903032543598,-0.00477211287233351,-0.00757118027233454,0.002840342179104,0.00348343073282401,-0.00959784661487181
2021-11-10,-0.019163071344034,-0.0153293531490367,-0.0263349942271207,-0.0203130919391583,0.0434294519296243,-0.0390776018390955,-0.000953706329678613,0.00407161933786927,-0.00901264650834146,-0.0230491189912509
2021-11-11,-0.00033818155099816,0.00492739681647191,-0.00274259878259333,-0.000870514294150918,-0.00415752882460113,0.0316031964963125,-5.99238094164185e-05,0.000352525156174861,0.000404335507459763,0.000305112734607464
2021-11-12,0.0143370838698789,0.0129047685281358,0.0151620292251635,0.0199737298864514,-0.0282931020159925,0,-0.00447454537956487,-0.00229129310908847,-0.00498318585427075,0.0401234481081185
2021-11-15,6.6536525381553e-05,-0.00193036284689345,0.00582380446311317,-0.00151998848496669,-0.0193822444993685,-0.0120103577535554,-0.00179804642149536,0.000176911191805442,-0.00575269891510883,0.0195662987823252
2021-11-16,0.00666682814561305,0.0102359910415653,-0.00140448616187856,-0.00388001077809598,0.0407937684260285,0.00592830148083324,-0.00720452759064184,-0.00706479129089732,-0.0254576041970698,-0.0132351085687016
2021-11-17,0.0164901335750065,0.000678712666021153,0.00234413125962956,0.00115629175548833,0.0325012082846674,-0.0311887597674295,-0.00538212168246919,-0.00551396937991835,-0.00859127943747766,-0.00638557382172793
2021-11-18,0.028535752132606,0.00633992541275344,0.0414370073408156,0.0121008534351753,0.00676761026769918,0.0824985716533592,-0.00863354376088237,-0.00894305680250127,0.00859528229610181,-0.00610394618326242
2021-11-19,0.0169762986690698,0.00539164952925741,-0.00527311427582476,-0.0060864618885106,0.037103918009205,0.0413575737038133,-0.0130636707248331,-0.00505305050259612,-0.00537843353429891,0.0195164667097236
2021-11-22,0.00292725756690793,-0.00955970306774947,-0.0282873005220675,-0.0176228574214871,0.0174221220804606,-0.0311959202901376,0.021314742553228,0.00616710465794133,0.0167846010768791,-0.012423839482407
2021-11-23,0.0024224965727673,-0.00632668001856877,0.00209095777363887,-0.00355435833737144,-0.0413529327272908,-0.00657146643948545,0.0239124519086207,0.00739133738382251,0.0071141925566215,-0.0110260678329407
2021-11-24,0.00328331017485057,0.000681331935595639,0.000103315339814703,0.00231857396198094,0.00628477248439967,0.0292318978484741,-0.00784391723612213,-0.00805291026536788,0.00500679170555767,0.011297069985921
2021-11-26,-0.03167857873641,-0.0243559538439217,-0.0211847016698446,-0.0269434812208736,-0.0305375950310806,-0.0358388223432635,-0.030126843211447,-0.030669341294595,-0.0111916048919692,-0.0232802634775271
2021-11-29,0.0218736037757584,0.0210813209539448,0.0162674326887543,0.0235435535126949,0.050900227900225,0.0594548439715025,-0.00432334708354299,0.0158198551852036,-0.0156660138221032,0.0147394509719416
2021-11-30,0.0315774374780023,-0.0179425783402519,-0.0153022740224927,-0.0249638821283518,0.00683382340377479,-0.0209734250260716,-0.0148851854550318,-0.0315730785622612,-0.0140221412862421,-0.040144436259395
2021-12-01,-0.00320595181629376,-0.00154278119635341,-0.0180634873037833,-0.00596205315637452,-0.0434676345619487,-0.0378610303047095,-0.00591831090988644,-0.00285980114974013,-0.0248170322979184,-0.0427170358300371
2021-12-02,-0.00612977992659965,-0.00178756077969967,-0.00184688891248346,0.013573037864889,-0.00949773919092606,0.0219819528449234,0.0210273438279177,0.0147225965618967,-0.012177186623322,-0.000676155668170293
2021-12-03,-0.0117246120679828,-0.0196665278062678,-0.0138390760063802,-0.0067463241782494,-0.064198760771332,-0.0446056009280774,-0.0181131293602007,0.00885644708948107,0.0150584968293294,-0.0114372772468478
2021-12-06,0.02150305770178,0.00984472920462034,0.011086219388701,0.00812314292911374,-0.00587208631576191,-0.0213731367594067,0.0118137623954116,0.0255883348458765,0.0108355275152565,0.0359470899025793
2021-12-07,0.0354460584552695,0.026763552391289,0.0279865042633661,0.0287416276648197,0.042358371411875,0.0795684911256427,0.0150472350031997,0.00546320357435573,-0.00323742041004064,0.0155409422731308
2021-12-08,0.0227830491308739,0.000149602976353047,-3.68987165765472e-05,0.0062266913029287,0.016363195584231,-0.0185338281879494,-0.0114409572067845,-0.00380354126243476,-0.0101045712333041,0.024007800114635
2021-12-09,-0.00297004288646692,-0.00558270655759597,-0.011279643604148,-0.00369800776437204,-0.060956445819052,-0.041978283543685,-0.00155572874387449,-0.00254558402287436,0.0139092132208502,-0.00223842925074031
2021-12-10,0.0280132891006514,0.0283396687032115,-0.0112475646046143,0.00245864979131845,0.0131799270223105,-0.00957696619195775,-0.00398821762320858,0.025884280399783,0.0182670873025478,-0.000212251080170653
2021-12-13,-0.0206744334173608,-0.00916668766196952,-0.015356076499861,-0.0146958633119337,-0.0497724302077288,-0.0674547479856445,-0.0118886757133568,0.026297155968342,0.0180106024781978,0.0143744430488104
2021-12-14,-0.00802317067414446,-0.0325869988987974,-0.00280712937972956,-0.0131628852318592,-0.00817457819767592,0.00624975866808261,0.0076624077491449,0.000692460220745514,0.00954234437360597,-0.00224217182983391
2021-12-15,0.0285092980250112,0.0192181030853225,0.0249775731459229,0.0176086031529488,0.0182366181335567,0.0748844839417238,-0.00747854183892755,0.0044981371171052,0.00572639196378541,0.0237311133723913
2021-12-16,-0.0392637730552511,-0.0291351802271071,-0.0256411746331217,-0.0136298972725359,-0.0502771327902592,-0.0680259027027395,0.0156388106807569,0.0101619958147338,-0.0166701957482295,-0.0197858327695255
2021-12-17,-0.00650189102140434,-0.00338576346689504,0.00678920370502525,-0.0188307262595431,0.00609544944618123,-0.0206432003793692,-0.0227539381203637,-0.0156862969275575,-0.0320215953649897,-0.00331440671293989
2021-12-20,-0.0081217379609903,-0.0120133442117189,-0.0172835563893768,-0.000832722351845446,-0.0349892712173624,-0.0029495686249852,-0.0179893852364224,-0.00329113769482059,0.00324328157215903,-0.0249856422873733
2021-12-21,0.0190868490719747,0.0230690231742615,0.0199786496219178,0.0131737583470621,0.0428805630257953,0.0489195803660622,0.0139667130598059,0.00399718759590018,0.0030172076286487,0.0268857462015042
2021-12-22,0.0153186170671123,0.0180573489906236,0.00363810588202817,0.0205091652621029,0.0749470552371673,0.0111779762633665,0.00390769515353128,0.00709714045916856,0.00128903882625857,-0.0112208623368996
2021-12-23,0.00364374148203656,0.00447169392980138,0.000184136415822135,0.00342531210868256,0.0576188630553104,0.00816320985588524,0.00357383270008615,0.000687387539476018,-0.0022174455899584,0.0144952995757876
2021-12-27,0.0229749665162557,0.0231855046274688,-0.00817802285137196,0.00673854207517996,0.0252483914990662,0.0440283376011593,0.00572299326891945,0.00738589057830929,0.0091045487996448,0.0326335067721036
2021-12-28,-0.0057673225696103,-0.0035040449430532,0.00584371902952022,-0.00824517482470793,-0.00500027534279512,-0.0201324977729204,0.00303503791752765,0.00392153758748567,0.014350686205329,0.000115491092805941
2021-12-29,0.000502010433498147,0.00205132955687613,-0.008554921708634,-0.000218260529654251,-0.00209471027618399,-0.0105863056175734,-0.000504273284142325,0.00118899215339573,-0.000490371964066276,-0.00947370280357191
2021-12-30,-0.00657832227485078,-0.00769115993630219,-0.00328900705462047,-0.00309890608825423,-0.0145922683836447,-0.0138328803780926,-0.000504635073148653,-0.00288403984033353,0.00322349424951836,0.00414059547080343
2021-12-31,-0.00353521790199343,-0.00884114978547264,-0.0114294002163891,-0.00922354290120686,-0.0126688408238603,-0.0059150232314559,-0.000820284884637849,0.00731552502433182,0.0106168087288443,-0.0232606349993065
2022-01-03,0.0250041558847114,-0.00466820277623836,0.0221183208988863,0.000963016635007297,0.135316684189772,0.0241406412544452,0.0211553730248088,0.00151993523886779,-0.000276573054034514,0.0065111560364985
2022-01-04,-0.0126915223615515,-0.0171470667699278,-0.0169155870059813,-0.00408317967868676,-0.0418326968361277,-0.0275885990125223,0.0379099057516602,0.0166948562707128,-0.0183202194992203,-0.00593709735895716
2022-01-05,-0.0265998198725592,-0.0383878101688981,-0.0188930915638459,-0.0458761498230553,-0.053471213676839,-0.0575625241897988,-0.018281892075303,0.00829334503335284,0.0135213079153643,-0.036727961054598
2022-01-06,-0.0166934328205157,-0.00790189989714313,-0.00671098196132385,-0.000199660354058746,-0.0215233738308538,0.0207941256941044,0.0106240540346159,-0.00526398779283129,-0.00277935509511914,0.0255729702079372
2022-01-07,0.000988371449970088,0.000509711715270011,-0.00428777829433525,-0.00530311322377703,-0.0354465674517151,-0.0330400010200177,0.00990802046833681,-0.00231531502842116,0.00954567121376841,-0.00201516331594836
2022-01-10,0.00011611090420801,0.000732318435612852,-0.00657017617060688,0.0120604913193311,0.0303419534137997,0.00561543956562399,0.000957108209010755,0.00165751225535948,-0.0019323406977701,-0.0112118756539647
2022-01-11,0.0167837753397094,0.00225922141556669,0.024002125643924,0.00769103692756426,0.00593502465760083,0.0152190188145706,0.00101606887745502,0.00033096811695053,-0.00283529563705706,0.0192030893551358
2022-01-12,0.00257032019853789,0.0104450670006201,-0.000937330098539553,0.0121261686127378,0.0392897489318411,0.00654269698028114,0.0056718227865354,0.00148882820658997,-0.0052704872696503,-0.00331956850664302
2022-01-13,-0.019028141871426,-0.0423226551577441,-0.024169655027436,-0.0201050625548774,-0.0674910733143583,-0.0508589115714336,-0.00124652050283968,0.00594660157123259,0.0141524116081571,-0.0203443917070677
2022-01-14,0.00511064120733992,0.0177166197516746,0.00573148700356148,0.00644716738601164,0.0174977585750612,0.0138099212736455,-0.0614634551663748,0.0080457500973491,-0.00281836786132313,0.0166011743159539
2022-01-18,-0.0188939716821958,-0.0243394064994543,-0.019862738846189,-0.0249675079469423,-0.0181972412325312,-0.0385643895066966,-0.041928115605134,-0.0079815326800119,-0.0175100686676681,-0.0414281846652512
2022-01-19,-0.0210249952659432,0.00224704830104059,-0.0164771018060112,-0.00648188978231375,-0.0338278969185733,-0.0322743025775815,-0.015468895294982,0.00164178671510035,0.00996347945246393,0.0045261093570526
2022-01-20,-0.0103470495074368,-0.00570325007613134,-0.029632309634159,-0.0133884693127373,0.000622703882880247,-0.0365819193641306,-0.00852741453836925,-0.00409826766451219,-0.0188966683704343,-0.00948067724013565
2022-01-21,-0.0127648179822925,-0.0184679689007538,-0.0595018089614727,-0.0221742504897711,-0.0525660671250736,-0.0321323565777678,-0.0174725614141217,-0.00493822985053276,-0.00729373858979344,-0.0422984651225508
2022-01-24,-0.00486439761937611,0.00114827469404933,0.0133269834831117,0.00347127104511767,-0.0147261298721954,-8.5765565181897e-05,-0.00089607532538342,-0.00810585825954459,7.13842173803638e-05,0.0182735293166628
2022-01-25,-0.0113847100559478,-0.0265886611719811,-0.031533745543569,-0.029578515896073,-0.0124731248424903,-0.0448399411053203,0.0109000803011412,-0.00233479358593719,-0.021754636417973,-0.0277283533410233
2022-01-26,-0.000563308529997668,0.0284933248681083,-0.00795433067055433,0.0181039110937169,0.0206990525827112,0.0200682681857311,0.00948603819083945,-0.00367784535057036,-0.010207834912192,-0.0183907405778733
2022-01-27,-0.00294321760739708,0.0105489127360108,0.00550864572249238,-0.00176434754854427,-0.115541755619704,-0.036360508408647,-0.0176445836035221,0.00083905129651266,0.000662849207088738,3.40027316926269e-05
2022-01-28,0.069777542991211,0.0280816990780099,0.031084056738276,0.0336887088196193,0.0208056927668702,0.0408312202330195,0.00894668846980888,0.0199495665365306,0.0123677110255119,0.0239953081997729
2022-01-31,0.0261259346989862,0.00882379664452736,0.0388636103021881,0.0146417935002952,0.106776113839309,0.0720665799445745,0.0135731558808134,0.00279437676891708,0.0166520921771739,0.0382816894895435
2022-02-01,-0.000972561385519419,-0.00713867340177748,0.0108307628022377,0.0172979581477831,-0.00583952663739625,0.00620765155608272,0.0171601237635245,-0.00737609354916176,0.00786774136352566,0.0183233815955098
2022-02-02,0.00704406979824268,0.0152222095721432,-0.00384271589062478,0.0752376409068329,-0.0274791915989149,0.0245149190203395,-0.0080050418619374,0.0102377756033457,-0.000425774557164932,0.0125393045408289
2022-02-03,-0.0167199588029044,-0.0389525702980298,-0.0781276325178149,-0.0331757766777371,-0.0160324950248803,-0.0512639141546185,-0.0082704269455416,0.00702861850550231,0.000994011278930657,-0.263900908450519
2022-02-04,-0.0016791155828225,0.0155688493312294,0.135359017357118,0.00141892927126397,0.036111109684215,0.0154919975648323,0.0259588025100246,-0.0105501337516794,-0.0117739900177647,-0.00281806266625176
2022-02-07,-0.00423448072255335,-0.0163104435836792,0.00187773531898631,-0.0285567592081978,-0.0173071864213371,0.0168182663656099,0.00334278356976363,0.0104985453453171,-0.00983255987508412,-0.0513727511957922
2022-02-08,0.0184664280454223,0.0119954382923164,0.0220216278289447,0.00142209825972715,0.0161571905234097,0.0153670187402478,0.0188148757605979,0.00649356766344396,0.000217177223956439,-0.0210307720139356
2022-02-09,0.0082938455117937,0.0218344486692725,-0.00138773415059974,0.0157317842367623,0.0108459204271745,0.063605369067037,0.00416808686548679,-0.0154839742900907,-0.00217409672362572,0.0536833533396813
2022-02-10,-0.0235985200998411,-0.0283732010709963,-0.0135617062747346,-0.0209898463671844,-0.0294527710174702,-0.0329902376856865,-0.00415078602875887,0.00557023052927986,-0.0116926014313104,-0.0169396659262381
2022-02-11,-0.0202186440550675,-0.0242738584006091,-0.0359111067436313,-0.031290444056809,-0.0492510296962621,-0.0726068516357086,-0.0130168886191904,-0.0177582692158198,-0.00551170560738926,-0.0373568586800943
2022-02-14,0.0014231796072786,-0.000135538173338623,0.0122216832700552,0.00926021401893061,0.0183256643721323,0.0132783568202006,-0.00929061752190217,0.00646868649823939,-0.0101971323227006,-0.00842635666889824
2022-02-15,0.0231523828748839,0.0185423138420187,0.00865835220190763,0.00798749010248288,0.0532907642827685,0.0918118960805769,0.0146238892778062,0.00379055851925637,0.00313519324855596,0.0151585047604431
2022-02-16,-0.00138872803129686,-0.00116707806703457,0.0101590395387713,0.00826825095020215,0.00104075324094086,0.000603859376932548,0.00180966482426085,-0.00016421522342149,-0.00625105825620278,-0.0201811348365974
2022-02-17,-0.0212692888765189,-0.0292821419697254,-0.0218089011061767,-0.0377457163141246,-0.0509426990066602,-0.0755913468396926,-0.0230323386892343,0.020032607051574,0.04006583205476,-0.0407775729912235
2022-02-18,-0.00935588138710364,-0.00963113404408819,-0.0132619577544089,-0.0161160801655417,-0.0221030352967225,-0.0352960148423058,0.00468911730068903,0.00676117541434701,-0.00640860745660188,-0.00746239011455036
2022-02-22,-0.0178122910756725,-0.000729148702729481,-0.0157534947882662,-0.00452050935129933,-0.041366242234528,-0.0106589858488041,-0.00177483627869302,-0.00415735457867386,-0.0111600486266505,-0.0197903761879003
2022-02-23,-0.0258639391605319,-0.025893305214764,-0.0357562466328795,-0.0171438492863006,-0.0699791759952697,-0.0428818044563857,-0.0209390975365,-0.0110790495701298,-0.010260201683674,-0.0179632254424085
2022-02-24,0.0166800249302356,0.051093455184664,0.0450952242781927,0.039996069004639,0.0480734550026289,0.0607945339723156,-0.0278431386831588,-0.0175351811545322,-0.0038504893439961,0.0461074340626332
2022-02-25,0.0129657012950772,0.00923315282382449,0.0160579301284256,0.0133280307672551,0.0113640313248276,0.0172224046248701,0.023659560638434,0.0386712203588052,0.0137516541141463,0.0138727280653555
2022-02-28,0.00163756758012742,0.00497813233666153,-0.00146626300281735,0.00444362773759016,0.0747774685335888,0.00943829387176766,-0.0416976794295181,-0.00970546836471145,-0.00894554019490283,0.0026131652544495
2022-03-01,-0.0116278674952204,-0.0128518326985422,-0.0157655502511174,-0.00737104179714432,-0.00696214334555853,-0.0372359972084738,-0.0377292029311665,-0.00433816768493256,0.00614074635607854,-0.0357295396882207
2022-03-02,0.0205881884228267,0.0177655538573279,0.00602418396238799,0.00380406560371541,0.0179552971145164,0.0318236711829935,0.0207401554412563,0.00742295743298043,0.00125021323046779,0.0227038923202
2022-03-03,-0.00198139132174463,-0.0142241604437121,-0.0273195561265827,-0.00499349318501525,-0.0461421044882559,-0.020891674200017,-0.00710765625103794,0.000640730507137448,0.0229874726566796,-0.0246985234665864
2022-03-04,-0.0184082192137641,-0.0204785361070441,-0.0152637929917347,-0.0148843456594977,-0.00119151962658742,-0.0328074763740633,-0.0281294788656311,0.00160073177882626,0.0253429235770309,-0.0143371813011337
2022-03-07,-0.0237175815639339,-0.0377768940415499,-0.0562204542423355,-0.0419084411253772,-0.0402128050420013,-0.069061989018872,-0.0386160849757042,-0.0238132939816988,-0.00805227367701375,-0.0629312247708981
2022-03-08,-0.0116759130755416,-0.0109711872585025,-0.0104654467302897,0.00574469450111751,0.0246339421032327,0.00758721118310324,-0.00704274420861052,-0.0396201232148468,-0.0206817584524479,0.0150425307967376
2022-03-09,0.0349974108268442,0.0458581498966171,0.024001199930988,0.0496874197533597,0.0419335751788554,0.069721926352374,0.0400623078312614,0.00511417365386903,0.00518946884137423,0.0431447400050567
2022-03-10,-0.027186021724884,-0.0100867661999251,0.0541251556099678,-0.00742377485229324,-0.0240637553301469,-0.0154687290753179,-0.0118405322634002,-0.0183175803512896,0.0227306503780302,-0.0165744021669106
2022-03-11,-0.0239087196813358,-0.0193283791966903,-0.008806846762653,-0.0193238471620605,-0.0512345859010529,-0.0246269913464491,-0.0225238102663549,0.000691098963202889,-0.00392617124294382,-0.038932469557924
2022-03-14,-0.0265626104007527,-0.0129609070945374,-0.0252294881438695,-0.0301799234560326,-0.0364368023686898,-0.0348418059826222,0.00993073432617756,0.018441216562809,0.0139368552337373,-0.00522354040379198
2022-03-15,0.0296772449812256,0.0387424793406544,0.0388677303383044,0.0257799226216921,0.046348355546255,0.077027732642451,0.0177459647593719,0.0184489045935564,0.0120096764424887,0.0289342152267484
2022-03-16,0.0290155944058648,0.0252136891576544,0.0389335637237065,0.0315988412559476,0.047812040425279,0.0662954131294192,0.0446861388284245,-0.00268357830665329,-0.00294966855101064,0.0604073845348268
2022-03-17,0.00645389261865147,0.0028193733275682,0.0270077489898172,0.00419019998797387,0.0373350104690209,0.0110220380700473,0.0126445151200601,0.0105953943118225,0.00151951201748313,0.0206746277161973
2022-03-18,0.0209190878641222,0.0176474655143635,0.0255121513583691,0.0170839937737971,0.0387677942765058,0.0681174059942019,-0.000356572769375466,0.000166256467994342,0.00296517067456204,0.0416187022303984
2022-03-21,0.00853775723582718,-0.00422730772748352,0.00149455232177394,-0.000176198190071855,0.0174179638887497,0.0106228212970432,-0.00321217191198191,0.00798679140879405,-0.00831971845780839,-0.0230958990582397
2022-03-22,0.020800446886843,0.0163792049845487,0.021038300442376,0.0276742080875083,0.0790524377817931,-0.00785521256645246,0.0212676231454067,0.00363157849523164,-0.00298120723570687,0.0243983934393795
2022-03-23,0.0082337588633614,-0.0150299023093701,-0.00898181649254593,-0.0113857830331332,0.0051611360578397,-0.0335543342188653,-0.0199131399111739,-0.00657898429479782,-0.0128649555933551,-0.0147243065775808
2022-03-24,0.0226777668968146,0.0153930227369787,0.00147790100519015,0.0238403674160991,0.0148231284201365,0.0981507543696473,0.00650999820636609,0.00960263616788314,0.00619914374887567,0.0286236837286226
2022-03-25,0.00373401762886781,-0.00138116961850014,0.00686829401467716,0.000713213743517863,-0.0032349379803195,-0.0162700835774384,0.00874279901040635,0.00901932298345736,0.00434065100094643,0.0102473631762804
2022-03-28,0.00503664640247899,0.0231165690975866,0.0255926789001101,-0.00153519986213171,0.0803450783611853,0.0190308661116101,-0.00739875254748174,0.00633849598474452,0.0177763614932633,0.00797936930613007
2022-03-29,0.0191345307813562,0.0151592010047832,0.00192027764251151,0.00742285878111827,0.00707985809594021,0.015486028786641,0.00220082174022651,0.00387581145066052,0.00842477842909176,0.0280423792741728
2022-03-30,-0.00664959277640556,-0.00491419880695975,-0.0178011843303847,-0.00397897585851548,-0.00507475414515242,-0.0337103382389063,-0.00453324240916864,0.000804354673677534,0.017931303743517,-0.00874448105487961
2022-03-31,-0.0177756666816787,-0.0176831166993255,-0.0198645673585708,-0.0202270169976039,-0.0149818131423402,-0.0145900461187546,-0.0300269186053884,-0.00337549218642112,-0.00633892195692182,-0.024094678508224
2022-04-01,-0.00171817260071253,0.00360018532487617,0.00345097322612449,0.00778762056629503,0.00648659936827351,-0.021036312671752,-0.00740915780743748,0.0140320662174161,0.0140343827982291,0.0111980805304316
2022-04-04,0.0236932314855289,0.0179370661133373,0.0292644845615277,0.0201282996465707,0.0561134129875912,0.0242587171125105,0.00443436614690523,-0.00524874796212366,0.000198678730765082,0.0402044589177302
2022-04-05,-0.0189418806584652,-0.0129855847599577,-0.0254920891933077,-0.0166499999515799,-0.0473089715441998,-0.0522297746938421,-0.0116374223422645,-0.00111929502284072,0.00284703027141594,-0.00876481460739125
2022-04-06,-0.0184508137984743,-0.0366056411976825,-0.0323001201319811,-0.0287570534604818,-0.0416948942943694,-0.0587711439189835,-0.0138741961846716,0.0100848749477966,0.0232387252670458,-0.0368357476716647
2022-04-07,0.00180433906021408,0.00624341612630659,-0.00611943235027976,-0.00482983634868867,0.0109968161052117,-0.00815352816959961,-0.00304216488438035,0.00538814367725127,0.0100005928194467,-0.0015672959819594
2022-04-08,-0.0119091012638645,-0.014599635825592,-0.0210667405504431,-0.0191408204321561,-0.0300494479654162,-0.0449851427627905,0.0183079825556506,0.00614766168576225,0.00555791401027201,-0.00278086073118252
2022-04-11,-0.0255159556097475,-0.0394317056637886,-0.0216139471563103,-0.0334915599029721,-0.0483280860738049,-0.0519918774442838,-0.00367065322249555,-0.000313364107038354,-0.019820957328768,-0.0264022796568746
2022-04-12,0.0115233497626047,-0.0112178705609235,-0.00221336356240731,-0.00860865952315005,0.0112918135664993,-0.0188438102875044,-0.0109773153292177,0.0117534671213845,-0.006870227462632,-0.0107179285036542
2022-04-13,0.0163426389248303,0.0197123143805901,0.0315244570689545,0.0170653648605671,0.0358883560359124,0.0325056635586666,-0.0322335407689514,0.00263337824601638,0.0260393208975317,0.00396942480939058
2022-04-14,-0.0299882622081797,-0.0270846783100788,-0.0246526842748851,-0.0243582457889061,-0.0365523188084342,-0.0425616854729332,-0.00926945927307679,0.00448010917329274,-0.000890519976728666,-0.0223730989644824
2022-04-18,-0.00133095120140905,0.00246586368924642,0.00710916466786727,0.0074685911815844,0.0195837334311655,0.0246963259627782,0.0185539371749203,-0.00892025463198235,-0.00763951502502451,0.00280704304110814
2022-04-19,0.0141151294760371,0.017040003517691,0.0348888306086219,0.0182688075740903,0.0237580934452498,0.0190516564907323,0.0207065071485098,0.00977650302943916,0.0113549795874491,0.0310289910392821
2022-04-20,-0.00101544830391172,0.00371517637219079,-0.0260410449190735,-0.0151450926681029,-0.0495550367137016,-0.0322550490750162,0.00350818619484434,0.0136775578938971,0.0125594378018544,-0.0777230307784802
2022-04-21,-0.00484362497709268,-0.0193811716350038,-0.0370264276739409,-0.0251913365117678,0.0323168406624543,-0.0604692954555492,-0.0077519127478823,0.00379014057718593,0.00150360099798769,-0.0616205129085821
2022-04-22,-0.0278213939500946,-0.0241443298830103,-0.0266089375696991,-0.0414936117545714,-0.00369757667239585,-0.0330971767045187,-0.0287223379099209,-0.0144992477139729,-0.0188278731827468,-0.0210560466515271
2022-04-25,0.00673721048048526,0.024413144675143,0.0119431863563671,0.0287414922682925,-0.00699464538789307,0.019831028510571,-0.00031554316344452,0.010574577174141,0.000510178649816849,0.0156427895064456
2022-04-26,-0.0373277321337464,-0.0374036975986574,-0.0457507730510834,-0.0359459004541491,-0.121841218819487,-0.0559742710768906,-0.029581040550425,-0.0134969709331608,-0.0104499236767642,-0.0323011465978075
2022-04-27,-0.00146697877460072,0.0481091199382093,-0.00878104731745238,-0.0367087172238472,0.00580767847047159,-0.0198533401200321,-0.0130060024394796,0.00784003382685204,-0.00682562367138147,-0.0331583885401406
2022-04-28,0.0451554288031074,0.0226324274748462,0.0465341853643417,0.03699210553662,-0.00453770288852472,0.0742329787342212,0.0158128235841988,0.00960942105461854,0.0127723974243866,0.175936071599587
2022-04-29,-0.0366045669794019,-0.0418121351216537,-0.140494377749229,-0.0372334187260515,-0.00769222021359139,-0.0624303112397574,-0.0322684044821535,-0.0238705258029961,-0.0206133117043639,-0.0255676331226528
2022-05-02,0.0019663355063288,0.0250434944717556,0.00175809132387478,0.0216765478235823,0.0369562847143312,0.0531622907760525,0.00913200269682436,-0.0181087417131458,-0.0066017078460865,0.0531750771679718
2022-05-03,0.00962259321788586,-0.00945604639028777,-0.00197990448120482,0.0064417508434404,0.00698827976196236,0.00353237709091455,0.0214197263901523,-0.00567469222019594,0.00348724622691059,0.00426297713234244
2022-05-04,0.0410080821093233,0.0291008779982765,0.0134804685329326,0.0419912365556364,0.0476986457646873,0.037343117809468,0.033081082763842,0.0309132609871421,0.0138351455285982,0.0536714860736985
2022-05-05,-0.0557159789068546,-0.0435552648701854,-0.0756103649042447,-0.0470755175987784,-0.0832861531754811,-0.0732763181312221,-0.0250194616813016,-0.00799653126144838,-0.00856805800446862,-0.0677229282979357
2022-05-06,0.00472711948997736,-0.00944628949148167,-0.0140412400350268,-0.00651470357531444,-0.00873718069818871,-0.00896832795559476,-0.00161403601998947,0.00356553634471917,-0.0208197282730422,-0.0216535380791018
2022-05-09,-0.033189344361251,-0.0369453636766264,-0.05213354825728,-0.0279532529386392,-0.0907294880724957,-0.092369468050037,-0.0150339259267786,-0.00200800553425397,0.0117010484734732,-0.0371007044003247
2022-05-10,0.0161121169103864,0.0185954604868008,0.000643444593492407,0.0167449305552462,0.0164271739863697,0.0380531556038919,-0.0243721635900541,-0.00928650712558077,-0.0140770603344716,0.00733905999857784
2022-05-11,-0.0518411021431312,-0.0332096785729284,-0.0320322570901093,-0.00692767811223981,-0.0825458284364585,-0.0548455777447629,-0.00630837448828915,0.0046867107123863,-0.010457133070402,-0.0450796745105615
2022-05-12,-0.0268945478585184,-0.0199577075890873,0.0147904048845724,-0.00667684629995711,-0.00817438675104734,-0.0273598120854819,-0.000846465841590498,0.00310978806173834,-0.000948482946114193,0.0132457782053446
2022-05-13,0.031916499679844,0.0225965555399205,0.0572755603508543,0.0284153198423475,0.0571290936914562,0.0946521755308789,0.00889527869479935,0.0187569390120773,0.00386488310250017,0.0385901199285098
2022-05-16,-0.010672008749279,0.00145507527574315,-0.0198531617397222,-0.0138344879252256,-0.0587585616183751,-0.0249633255685905,-0.00696949483046493,0.00365190301644237,0.00108087852176611,0.00714936428090466
2022-05-17,0.0254226295391507,0.0203442301797302,0.0411332735799914,0.0177203645863754,0.0514101777895335,0.052884742556099,0.0331473509477515,-0.00272888052067813,-0.113757439569018,0.0128974228197799
2022-05-18,-0.0564193538471324,-0.045529585413338,-0.0715619664082676,-0.0392666159793899,-0.0680137981240619,-0.0681633342545135,-0.0171059957431835,-0.0696261580727792,-0.0679103397908588,-0.051228843410714
2022-05-19,-0.0246413754468124,-0.00369981663808634,0.0019278532990982,-0.0135434488622215,-0.000549463447651384,0.0109816103797441,-0.0148221700491203,-0.0196078855048703,-0.0274441772381921,-0.0049417140387126
2022-05-20,0.00174709797300767,-0.00229113282795388,0.00253452951676058,-0.0133716134718881,-0.0641650571614188,-0.025111140518974,-0.00819876441356057,0.0163334309475851,0.0010918834386301,0.0117621553262847
2022-05-23,0.0401193879783754,0.0320318792224393,-0.000316050695186002,0.0236898823219043,0.0165687141598567,0.012219942016912,0.0618713491733732,0.03082976596237,0.0285232561268123,0.01389894180234
2022-05-24,-0.0192159743381298,-0.00395160197730163,-0.0321411043253771,-0.0494940720353154,-0.0692546469050733,-0.044028944132139,0.01412530226518,0.0184537503285309,0.0124799482740136,-0.076186053941296
2022-05-25,0.00113993919733349,0.0111700991137837,0.0256964754175574,-0.00155714597232812,0.0487773791179589,0.0508235166652036,0.00696427859241338,0.000781051980136092,-0.00612295384150236,0.0140665067858362
2022-05-26,0.0231996626018698,0.0128753255157985,0.0402949922948603,0.0187845439635172,0.0742713893682896,0.0516054756724836,0.0172900180949643,0.00358968889229713,0.0213181620077886,0.0424305264750448
2022-05-27,0.0407566814329385,0.0276040891124085,0.0366320836037854,0.0419694531335529,0.0733330625374266,0.0537782775691991,0.0141379820955255,0.00591000080803501,0.019682552768256,0.0182645373929176
2022-05-31,-0.00534632985668185,-0.00501370946079542,0.0439701037907477,0.0128700541221108,-0.001803563389053,-0.00738923986827355,0.00731285627787693,-0.0200990761070249,0.00116746271901348,-0.00763607093664543
2022-06-01,-0.000873241997107364,0.00202325311362753,0.0122660429928724,0.00114262260219421,-0.0235934902002742,-0.0188517601484394,-0.0175449918656294,-0.00489112515060139,-0.0247221112779238,-0.0258211180938378
2022-06-02,0.0168111630062551,0.00792878924102708,0.031450343007387,0.0327547199274777,0.0467739800387384,0.0694322706877974,0.0160880789217925,0.0104646797191716,0.0164210160005222,0.0541774538175225
2022-06-03,-0.0385556430285567,-0.0166073028804803,-0.0251850680245275,-0.0261981857004158,-0.0921935998852692,-0.0445078663020253,-0.0139395106342113,-0.0119253155726691,-0.0171753332317216,-0.0406317034209161
2022-06-06,0.00522733880330529,-0.00470318694241555,0.0199428072892221,0.0199011393647269,0.0160472016783621,0.00352543734713775,-0.00330349478166577,-0.00158828675438139,-0.00359051203375387,0.0181883755830203
2022-06-07,0.0175862930153622,0.013953372895628,-0.0143441053160877,0.0028162733438595,0.00254605588989425,0.00745247157570788,0.00262077588536168,0.00604429037345382,-0.0120128106490391,0.00720729172417617
2022-06-08,-0.00504356850118219,-0.00766947798855549,-0.014796745486374,0.000379929280362074,0.012474516432601,-0.0144805070640849,-0.0159145364768794,-0.00569167129490542,-0.00867292256537994,0.00506008989275523
2022-06-09,-0.0359556393141857,-0.0207832388601846,-0.0415084895744314,-0.0201247317350094,-0.00893055530846501,-0.0321750842523451,-0.0210155823167916,-0.0173319490890004,-0.010465976110619,-0.0642800011627158
2022-06-10,-0.0386284665440463,-0.0445637290327488,-0.0559621172157433,-0.0319936507328279,-0.0311909112343814,-0.0595077448270009,-0.0459660405110562,-0.006310527891011,0.00561866194759675,-0.0458150472811067
2022-06-13,-0.0382851858340915,-0.0424127914209636,-0.0545371935587492,-0.0429016537232582,-0.0710215399070609,-0.0781785214753312,-0.0297782429118174,-0.00113982164073111,-0.0188166671714416,-0.0644188777858849
2022-06-14,0.00667287062437121,0.00920500787453454,-0.0131185553619349,0.00303605765841841,0.0238871570556403,0.012078978116977,-0.0166394077844278,-0.0274220545445199,0.000418713171556406,-0.00322657953944775
2022-06-15,0.0201115166826399,0.0297352735168883,0.0523898029347647,0.0285712514514029,0.0548236708036295,0.043634918695249,0.0118358297772432,0.00742854217353426,-0.000669881067311453,0.0343249552472724
2022-06-16,-0.0396514758360817,-0.0269701592744243,-0.0372433786108542,-0.0339908184934733,-0.0854076991265408,-0.0560296245985812,-0.0171561305107148,-0.0100553094542204,0.0103873599820061,-0.0500740641003311
2022-06-17,0.0115330486424246,0.0109401043068521,0.0246960975125814,0.0104682213904517,0.0171749802838678,0.0178834320408441,-0.00352638181289741,0.00609452478601903,-0.0193170103131161,0.0178406308296527
2022-06-21,0.0327605182534188,0.0245912452284657,0.0231594714385442,0.0410710667719511,0.0935443480214774,0.0431988374512926,0.0247721769402347,0.0213696601593218,0.0328008181615038,-0.040857319330139
2022-06-22,-0.00382709032404819,-0.0024039853987144,0.00248432685229896,-0.000506398147147159,-0.00400780588415266,-0.012434800698167,-0.00561168228863006,0.00741344291011325,-0.0121143238437666,-0.00764091065942705
2022-06-23,0.0215739242450505,0.0226364500845985,0.0320330939965236,0.00676742492378697,-0.00430631088994743,-0.00825183070744856,-0.0109395164298439,0.0119379613026905,0.0242770782509852,0.0186075332238651
2022-06-24,0.0245171748998676,0.0341497962540906,0.0357523706490657,0.0510771365672319,0.0452488934505899,0.0555313144252548,0.0298455059804119,0.0187460915842118,0.000809003765639889,0.0718740532750324
2022-06-27,0,-0.0104967599493834,-0.0278206928493955,-0.0181520353260041,-0.00320165051278493,-0.0150065510186373,-0.00801243593172777,-0.00206234464225631,0.00323301232131203,-0.00393742275435999
2022-06-28,-0.0297896145317067,-0.0317491209909908,-0.051404342272342,-0.0330302534042545,-0.0500435578248102,-0.0525815459265927,-0.00481163568548794,-0.0100142032927568,-0.0140992328213987,-0.0519796439827375
2022-06-29,0.0130241086707356,0.0147379104846827,0.0141526687287778,-0.00273187377916193,-0.0179371823809092,-0.0275308987207794,-0.00448970489853861,0.00722530027442729,-0.0036771666541499,0.0202888400382638
2022-06-30,-0.0180279645720056,-0.0131791077635003,-0.024880638358702,-0.0245162084726846,-0.017579227799376,-0.0246430130009372,-0.0233303939598213,0.00286946893692866,-0.00278888705120303,-0.0164083557509396
2022-07-01,0.01616451967778,0.0107075115505665,0.0315412720365116,-0.00206961900118527,0.0124291316669803,-0.0419550809643538,0.012787506128264,0.0233666987516466,0.00863623308262091,-0.00756567280716122
2022-07-05,0.0189302307463955,0.0125973899136361,0.0359620530230373,0.0416185788940084,0.0255357048139726,0.0303656758588289,-0.00380370779211522,-0.0170861258944723,0.0132105532189968,0.0509900309909454
2022-07-06,0.00960740127029408,0.0127829446267592,0.00731279146303965,0.0115572530510593,-0.00572080200038401,0.0110931343665831,-0.00648195187324361,0.00205459030168287,0.00708230685970438,0.009394358889889
2022-07-07,0.0239991260581643,0.00822665624368604,0.0174932210965534,0.0367541282503986,0.055279044880594,0.0481165541521581,0.0252928304178596,-0.00788532792817462,0.00151843404949371,0.0142544919533869
2022-07-08,0.00471496023635525,-0.00275721142768092,-0.0067910332940191,0.00480290096150954,0.0254351696875997,-0.00126131530713928,-0.00313814029571409,0.0036561125524439,0.000638461794087902,-0.00760773075013779
2022-07-11,-0.0147580012058648,-0.0117685088001289,-0.0328025003072133,-0.0308076386026636,-0.0654800594814711,-0.043313633347966,-0.0131165404855174,-0.00316763245080235,0.000398712439387169,-0.0468166439156395
2022-07-12,0.00683388047815266,-0.0409815398758447,-0.022639810105566,-0.0143157208460051,-0.0054336116369863,-0.00461976500440673,0.000974714016641198,-0.00428977485680128,-0.00302912130870414,0.00239442529642508
2022-07-13,-0.00253667506752113,-0.00374512782877859,0.0108038847462706,-0.0233906288655625,0.0170334484796726,0.00543689593387905,-0.0093829427464856,-0.00462736137412238,0.00239877816363575,0.00134747019482222
2022-07-14,0.02048235705564,0.00538163698904992,0.00208329460471138,-0.008854572951436,0.00537186121891226,0.0137166180868207,-0.0349388212042486,-0.00320629282321586,0.019542251101159,-0.0332741362062759
2022-07-15,0.0114505076074365,0.0103903431664167,0.0263943403311418,0.0127753892871109,0.00735723154086155,0.0253707524732197,0.0458330696249479,0.005146460949899,0.00977937081082734,0.042075170467685
2022-07-18,-0.0206433627842102,-0.00962127877017215,0.00184939743573835,-0.0245800593401434,0.00199942681021769,0.0215075774460782,-0.0102699435133942,-0.0136001410537589,-0.0023244372998124,0.0153612720106396
2022-07-19,0.0267217923888696,0.0207669151450676,0.0391174126641984,0.043841117680817,0.0207167182193177,0.055338236246774,0.0247786386059251,0.0142740947695201,0.00613493853723597,0.0511271128197037
2022-07-20,0.0135098074372024,0.0105573081911049,0.0385753962770477,0.000790874066230212,0.00802346446665287,0.0479634674982428,-0.000174637135576994,-0.0164719268925779,0.00833586573499021,0.0415861706354144
2022-07-21,0.0150943273524563,0.0097989937537276,0.015150286399043,0.00386290714948243,0.0978047072285333,0.0136465117267063,0.00680992998975281,-0.00227650634161869,0.0146203986462087,0.000436984626486019
2022-07-22,-0.00811092366550317,-0.0169155068418902,-0.0177324812097947,-0.0563232272292082,0.00197522621990091,-0.0404986543664362,-0.00485609777316557,0.00374839974500897,-0.0025650489220048,-0.0758858474293787
2022-07-25,-0.00739814593725362,-0.00587667421871909,-0.0104557980594849,-0.00361431172481738,-0.0139949354715407,-0.0170334398148519,0.004008348240742,0.00974177699980493,-0.00143702935727235,-0.0154783001156641
2022-07-26,-0.00882647162678198,-0.0267743968932905,-0.0522536062650411,-0.0231608524303018,-0.0356637312112554,-0.0288415477180738,-0.01562225305406,0.0164014683714796,-0.0760493531721372,-0.045004468084087
2022-07-27,0.0342347718888866,0.0668518257986475,0.0536538959419905,0.0765569690125724,0.0616550369922235,0.0760297589789871,0.0160465000708794,-0.00316412463562241,0.0377931010125152,0.0655356757705527
2022-07-28,0.00357164854327255,0.0285407979908719,0.0108291108983622,0.0102600267732161,0.0221235223427242,0.0109051119423578,-0.00373113436382899,0.0166640296482416,0.0249627345680262,-0.0522466314278368
2022-07-29,0.0327931001426137,0.0156651125591216,0.103614640950504,0.0183856465397224,0.0578497698579103,0.00995319816107,0.00479035880374247,0.00171706166401485,0.0177263381659203,-0.0100797513853196
2022-08-01,-0.00615322872503238,-0.00972410658691955,0.00326048500449229,-0.0125516175243398,0.000426311524142839,0.0153058611185013,-0.00996871474689529,0.00545433113874359,0.00371075201861571,0.00521688843287373
2022-08-02,-0.00928751760907145,-0.0114744945068312,-0.00908483442709175,0.00235073171714284,0.0111344005982046,0.00460915945874419,-0.0155853780186268,-0.013639148889803,0.00105621782104174,0.0016257919274583
2022-08-03,0.0382474483996991,0.0278360704551166,0.0399522992251216,0.0256231516786666,0.0226556871612569,0.0198099976685644,0.0104955353265107,0.00439964409945783,-0.0164305882575773,0.0537485990929073
2022-08-04,-0.00192594432818089,0.0041777815116656,0.0218606863414498,0.000931654379348603,0.00402302285348493,0.0170435862663641,-0.0110025343957869,-0.00391107484359117,-0.0377777948954664,0.0104857771048207
2022-08-05,-0.00138907437808375,-0.0026090852622958,-0.0124149833873251,-0.00609186917249219,-0.0663030068235917,-0.0117615280203685,0.0302598965286508,-0.00455468438253563,0.00804341206726026,-0.0202849634607263
2022-08-08,-0.0029030723579824,-0.00915468514290971,-0.00987215454205667,-0.00144727040126602,0.00781943405288109,-0.0629842117700669,-0.0121804394906323,-0.00646890712829356,0.00813721113467864,0.0187899685079238
2022-08-09,0.000303293637035924,0.00706311647046107,-0.0113334896316586,-0.00571182555382694,-0.0244126258643864,-0.0397344949750773,0.00900730687399561,0.00127047369366258,0.00987386391812613,-0.0101027020953368
2022-08-10,0.0261945534055818,0.0243004649779312,0.0352608325167704,0.0263225221953601,0.0389058177667679,0.0591714295936537,0.0260877640654068,0.00951619360316478,0.00209496175626884,0.0582092758260586
2022-08-11,-0.0044315656375621,-0.00740055423612215,-0.0143668303082397,-0.00718456980334955,-0.0262492925442086,-0.00856521804301848,0.0147817294066479,-0.00675565843200452,0.00964392179480935,-0.00476616136573602
2022-08-12,0.0214256668550549,0.0170372527750671,0.0206911524085529,0.0238976052164774,0.0467501436284159,0.0427491060907815,0.016564031100641,0.00759249706916689,0.0184870150247032,0.0169585300212184
2022-08-15,0.00633358448343587,0.00534394387888395,-0.0025775713557011,0.00328737249420031,0.0309635989158396,0.0172641948685309,0.00270178240743083,0.0125587425752973,0.00287408604955828,0.00216094250292798
2022-08-16,-0.000924004673015438,-0.00258966779710921,0.0111747882760343,-0.00311277103162231,-0.00891207579314627,-0.00803913774898147,0.00955411977479513,0.00821721670592869,0.0510560232078697,-0.00785027981136416
2022-08-17,0.00878486149458288,-0.00263628313969166,-0.0185107936066941,-0.0176663440514389,-0.00837233351122453,-0.028814890877643,-0.00841207518057721,-0.00230682407941138,0.00107601876817576,-0.0257424643985905
2022-08-18,-0.002291790682999,-0.00394752006237375,0.00140743799895635,0.00518608267953659,-0.00370621972113357,0.0238886631450639,-0.0077494214726077,0.00524065606507115,-0.00322518439873242,-0.00108669288930683
2022-08-19,-0.0151018885698188,-0.0138539753033889,-0.0286015968863939,-0.0246317839778911,-0.0204818526861559,-0.0492196083495371,-0.024745132696356,-0.000766701255994627,-0.0147409409283693,-0.038360044598833
2022-08-22,-0.0230292419167767,-0.0293551271566722,-0.0362439026382598,-0.0253391494331412,-0.0227640224075853,-0.0456608777169067,-0.0165219376519311,-0.0148841303117192,-0.0178806343738105,-0.0292333660626667
2022-08-23,-0.0020291654538072,-0.00471627814201771,0.00300250632652629,-0.00332619079138518,0.0225584954757327,0.00862972039818518,-0.00985685481640481,0.00109025082761653,-0.00423571087302213,-0.0118981080842428
2022-08-24,0.00179398773134628,-0.00235141958280563,0.00134716315782027,-0.00149315695510966,0.00217012588706598,0.00238664174433644,0.00242402542596049,0.00140035626022706,0.00723893206323335,0.0133449216624229
2022-08-25,0.0149225078897393,0.0110953831016651,0.0260089360849477,0.0260357237196769,-0.0034556844067087,0.0401227960459121,0.0237478144391129,0.00481677735425714,0.00666808268411803,0.0338109813973157
2022-08-26,-0.0376991576712897,-0.0385871682533744,-0.047567007847918,-0.0540934622605274,-0.0269531218594163,-0.0922793791441884,-0.03272885912818,-0.0241225959035418,-0.0314270437707296,-0.0414740494162872
2022-08-29,-0.0136903144477681,-0.010667933138623,-0.00734230756303624,-0.00833781141740026,-0.0113505816072724,-0.0282286512112946,-0.00244192079473195,-0.0060211958172065,0.00972628349204579,-0.0161329814625788
2022-08-30,-0.0153053742308059,-0.00852091305765229,-0.00816702067513904,-0.00438670770900766,-0.0249982267189645,-0.0210746274322711,0.000174896672316347,-0.00924587153485721,-0.00301027534097504,-0.0126280480246951
2022-08-31,-0.0106351208279217,-0.005704328231076,-0.0152256595162281,-0.00660919477328127,-0.00752620368597923,-0.0241790315382706,-0.00594340946230687,-0.0070797306848488,0.000528485465525118,0.036714120484661
2022-09-01,0.00470676411152468,-0.00409212174674589,0.00828274102360674,0.0140454401934247,0.00562395556376457,-0.0766529029300626,0.00685820997682419,0.00469934783972325,0.0145606417437072,0.0149144983137485
2022-09-02,-0.0136109569540509,-0.0166667722002785,-0.00242526646326192,-0.0172225667103185,-0.0250758122211019,-0.0208079201064701,-0.00698635410687513,-0.0137096849112712,-0.0110055269961605,-0.0304789377447611
2022-09-06,-0.00821499723373079,-0.0109739225145076,-0.0109795427999621,-0.00964298894212399,0.0155805562554702,-0.0133362925211755,0.00026380404257831,0.000490763384314013,-0.00496236989692009,-0.0111029027833299
2022-09-07,0.00925380564817878,0.0191115204433515,0.0267226635546489,0.0247166717044647,0.0338167710998267,0.018794992664839,0.0189908580834788,0.0184699154412598,0.0256914312796756,0.0116691196609567
2022-09-08,-0.00961772742194935,0.00166610973507317,0.00262597781819113,-0.00977612610082801,0.01959815762904,0.0201254480973011,0.0232957455155025,-0.00304914913575256,0.0050831422224708,0.0104121281375974
2022-09-09,0.0188397319801053,0.0229770070781352,0.026575233042668,0.020945003298993,0.0360228948294612,0.0283773454373147,0.00480617729090507,0.00321950824419886,0.00300522075228607,0.0437491289066454
2022-09-12,0.0385079102497868,0.00828113018407726,0.0238612784110048,0.00189770285283414,0.0158169409630262,0.00820194173725921,0.0118319028364119,0.00288841495043966,0.00898891060320892,-0.00112322133155924
2022-09-13,-0.0586796180860498,-0.054978504628865,-0.0705752837581288,-0.0589932505431351,-0.0403718809632058,-0.0947258608638115,-0.0347488012178654,-0.0324799725481834,-0.0206417709372777,-0.0936908741977026
2022-09-14,0.00955554530415247,0.000912515938492509,0.0136414079884642,0.00651837903712234,0.0358743720041837,-0.00022848308537608,-0.00231963858617941,0.00529185425780388,-0.00221887846932704,-0.0108403525939279
2022-09-15,-0.0189300022267438,-0.0271189104171302,-0.0176585314552427,-0.0199047674516999,0.00376727373061924,-0.015158611282183,0.015070476541183,-0.0135874796019904,-0.0107468243703604,-0.0126759531818047
2022-09-16,-0.0109602287603764,-0.00260835908755947,-0.021777003694831,-0.00106884037658368,-0.00131685233410363,0.0208060315438351,-0.00670237016642507,0.000167953296269551,-0.00209799355541542,-0.0217986996708126
2022-09-19,0.0250832131202853,-0.00089886801275693,0.0091476151054685,0.00262643325215766,0.0188561104520006,0.0139415977594673,0.009224512609294,0.00755797087735463,0.00855919501556255,0.011825952878737
2022-09-20,0.0156652071018556,-0.00846559235930633,-0.0198139030013023,-0.0187251144687795,-0.00110006254192858,-0.0153938509223373,-0.0197188473432992,-0.00150040947974521,-0.00580654489201884,-0.0130388742355037
2022-09-21,-0.0202676347227401,-0.014435924356821,-0.0298715234712372,-0.0183903884672547,-0.0256859485996333,0.00645111916775023,-0.0288354274686986,-0.00834698737538901,0.00913496059372749,-0.027175020265075
2022-09-22,-0.00637513420856555,0.00849534605609887,-0.0103762725445693,0.00866245332945287,-0.0405917285591172,-0.0527863921102008,-0.0113788937596205,-0.00235712900399111,-0.0102396338494095,0.00492541867194409
2022-09-23,-0.0151237343765028,-0.0126982002406146,-0.0300912015408903,-0.0139805336597333,-0.0459475724518868,-0.0035826940271803,-0.0186133917750295,-0.011137268713515,-0.0249644080208383,-0.016874373246557
2022-09-26,0.00226016252440911,-0.00197540006817864,0.0120408047220975,-0.0057726886029565,0.00246984791531412,-0.0230104191517288,-0.0215319189772271,-0.0124573228852659,0.00961113605533676,-0.0287729026577469
2022-09-27,0.00656630556501246,-0.00437975822380128,-0.00642638171050038,-0.0068250228689202,0.0251077585253725,0.0151292905263569,-0.00880234473476169,-0.0257473891266579,-0.00274164948863363,-0.01444584360734
2022-09-28,-0.0126516504019029,0.019711585086385,0.0314657666190886,0.0261538638753139,0.0172121123742355,0.0260211981385338,0.0202171799111689,0.0106420844868396,0.0164947568092509,0.0536458525662496
2022-09-29,-0.0491190723935968,-0.0148090877657705,-0.0272010764033916,-0.0262868115159355,-0.0681005047419372,-0.0405152296111472,-0.0169457955960871,-0.00719558341884246,-0.00646085074626431,-0.0367207614090733
2022-09-30,-0.030039322182278,-0.0193684111416526,-0.0156794686751573,-0.0181686990494501,-0.0110360968993721,-0.00662847694590518,-0.0156368581134679,-0.00972241195372488,-0.0192814621368518,-0.0053513553151001
2022-10-03,0.0307528717782526,0.0336626597706523,0.0254867013576814,0.0312599020706327,-0.0861451690990235,0.03072758368376,0.0309091855001273,0.0112460535126641,0.0218196142817818,0.0215948757016087
2022-10-04,0.0256228983941538,0.0338124064035247,0.0449602969275124,0.0304134879289167,0.0290429402730447,0.0523493602228226,0.0467833554695109,0.00229476428735588,0.0129781590259408,0.012048312973462
2022-10-05,0.0020533402918916,0.00128564963006129,-0.00115615983056384,-0.00206607864267146,-0.0345975176328793,0.00318987339568668,-0.0123467326592314,-0.00951036510874753,-0.00990697087817683,-0.0092673099794543
2022-10-06,-0.00662579079307418,-0.00967088833173261,-0.0053740712102883,-9.85920000667714e-05,-0.0111290756320444,-0.00598059110918814,-0.0203822414036959,-0.0215149295016523,-0.00932885625683715,0.000647428731706353
2022-10-07,-0.0367185520375541,-0.0508528921135219,-0.0477140926646062,-0.0270163407323557,-0.0632427550068891,-0.0802741453284994,-0.0199740466580224,-0.00944942747829021,-0.0236939558750148,-0.0404111561908948
2022-10-10,0.00235559587596602,-0.0213030992829067,-0.007768849586382,-0.00830984269686001,-0.000493121471915935,-0.0336203751395799,-0.00934152801130906,-0.00220127925493939,0.0059118182052425,0.00254769340311296
2022-10-11,-0.0102553304339324,-0.0167501361589494,-0.0128441902699958,-0.00694843973943193,-0.0289738362008455,-0.00719795959897004,-0.0288598438819308,0.00165465965842352,0.0259045125196244,-0.0392406868860073
2022-10-12,-0.00460445674047285,0.00150826767550786,0.00614920637229991,0.00391010456127986,0.00341803922939495,-0.00742289003818684,0.0161828229980825,0.0121144347718709,-0.0113062890682842,-0.0080906717541985
2022-10-13,0.0336126133791702,0.0376080995746595,-0.00327726077574224,0.015375046826103,0.0206223329693295,0.0400001394945332,0.0555930539802893,0.013239088055778,0.0084623678115527,0.0218822236097298
2022-10-14,-0.0322401099239979,-0.0242486264385457,-0.0500310789522002,-0.0252371606480046,-0.0754555098116103,-0.0612878460297429,0.0166409463506949,-0.0159298487327002,-0.0139854149514754,-0.0270933160429097
2022-10-17,0.0291228044581042,0.0392455140259443,0.0644527529588484,0.0353148539760591,0.0700521987684461,0.0588760612302905,0.0419998998120553,0.0129136803981502,0.00720685858341837,0.0574312462737318
2022-10-18,0.00940944446994863,0.00408375738735392,0.0225854615884296,0.00800239645604037,0.00382947943704906,0.00664531696040254,0.0257207485999543,0.0134675576838589,0.0210854801097154,-0.00925075095935666
2022-10-19,0.000765062836270528,-0.00846963139869314,-0.0110862917562862,-0.0113128733104302,0.0084017931069296,0.00701932000607096,-0.0196060963445766,-0.00850461595398404,-0.00283285942836644,0.00323783621736867
2022-10-20,-0.00326678855999375,-0.00139543003635435,0.00156426788609865,0.00341261327314218,-0.0664744863679377,0.0118662277308103,-0.00326147396100755,-0.0157256357344932,0.00246731001298483,-0.0127597325873205
2022-10-21,0.027059183469026,0.0252805815186099,0.0353145309746118,0.0116034671664986,0.0345426654972759,0.0223060870782717,0.0525273579471228,0.0159768823667658,0.0202102617195138,-0.0115564482703368
2022-10-24,0.0148025587372014,0.0211878521623219,0.00419041234729143,0.013744714054235,-0.0148759671940297,0.0106689045598663,0.00122713360707807,0.0287705007023126,0.0190788728181684,-0.0022305265037709
2022-10-25,0.0193374617757799,0.0137916825262023,0.0065097544757437,0.01911827789334,0.0528757309772544,0.0525440299763036,0.00261477086957437,0.0239708091909097,0.00473420228892427,0.0600521797346242
2022-10-26,-0.0196270973822703,-0.0771563499571838,-0.0409618148798902,-0.0914049892112083,0.0099811223764904,-0.0275243402295045,0.0114914909179315,0.00746386605566776,0.0076390190281765,-0.0559230066127807
2022-10-27,-0.0304654070079659,-0.0197561315702299,-0.0406363862080333,-0.0285473942219189,0.00200319154854717,0.0217121848070646,0.00394796759686509,0.0023573847365312,-0.00290493296620358,-0.245570825717913
2022-10-28,0.07555287917575,0.0402205138429901,-0.0680424971580636,0.0441335803837327,0.0152383846033792,0.0499391572722318,0.0118781232251357,0.0206618574674015,0.0126485082751125,0.0128650120150847
2022-10-31,-0.0154106356928327,-0.0158561942084725,-0.0093801487897871,-0.0184859285029465,-0.00428851290042657,-0.024360105816026,-0.00158628110638744,-0.0149769815648382,-0.00126317384216892,-0.0608870856256513
2022-11-01,-0.0175427083352295,-0.0170594963600689,-0.0551542502071923,-0.0427467041942627,0.00123061460116101,0.00340802761286085,0.018033161288016,-0.00350872337081902,-0.00449668616982928,0.0218978878710178
2022-11-02,-0.0373051247902311,-0.0353682718727894,-0.0482487666574257,-0.0386869827183862,-0.0563603335259616,-0.0239239361620392,-0.00920811925828828,-0.0139168794110855,-0.00663421947408608,-0.048949695101407
2022-11-03,-0.0424047935686028,-0.0265787732825567,-0.03061224067244,-0.0407034812303111,0.00153503506192845,0.0152810805188207,0.00181146563577365,-0.000510028559882332,-0.000213076911874666,-0.0180031509714479
2022-11-04,-0.00194752321160573,0.0333256569298524,0.0188129926961153,0.0377559805043461,-0.0364125977743204,0.0547650926873169,0.0273584043346227,0.00816583714333223,0.00177661207308655,0.0211451518396068
2022-11-07,0.00390242284754748,0.0292694355359117,-0.00494619214148881,0.0220604025396631,-0.0500795263340039,0.0102429645049079,0.00528017810908267,0.0038814488992455,0.0104986847800567,0.0653154534905461
2022-11-08,0.00417506968586356,0.00438850354172423,-0.00607528366043773,0.00463346622931556,-0.0293281851308883,0.0210475402148741,0.000608911680608758,0.00184894028532768,0.00238688877379189,-0.00258472582723369
2022-11-09,-0.0331901160038197,-0.0190502622722483,-0.0426761927542126,-0.017772850993841,-0.0716675718513065,-0.0565676369922912,-0.0130086181954317,-0.0139261493916163,-0.0232508790164889,0.0518295938862831
2022-11-10,0.0889744918462808,0.0822681782576553,0.121778476179444,0.0758132904815959,0.0739343721694225,0.143292674051225,0.0411592174995634,0.0359026463057255,0.0207212803389407,0.102493280960515
2022-11-11,0.0192689918196887,0.0169971966152036,0.0430508514990345,0.0262933761808996,0.0275272649244829,0.0366347575313101,0.0016286079836803,0.00722724869376531,0.0015452268877163,0.0102797763580254
2022-11-14,-0.00948549886147658,-0.0225000127096461,-0.0228197542500784,-0.00736451819813863,-0.0256161873816975,-0.00195969237718728,-0.0102734320586604,-0.00962156019366626,-0.0293867187153974,0.010617703927043
2022-11-15,0.0118692354677898,0.00173865353687869,0.00456903835310396,0.0286311929159989,0.0181723030958915,0.0227676448779041,-0.00724364401819028,-0.00164648450426997,0.0653945637610138,0.0250392928914086
2022-11-16,-0.0083312090617019,0.00182363774584767,-0.0183949833223627,0.00416505137430749,-0.0385762785239959,-0.0453619207836861,0.00135384008039412,-0.00181445273844749,0.00718944983814585,-0.0328834550994897
2022-11-17,0.012971388839601,-0.000206972116484587,-0.0233731899533003,-0.00495701993912808,-0.0200620588312365,-0.0146447919252414,-0.00435710238371906,0.00313960640012242,-0.00336714871227227,-0.0157202331797243
2022-11-18,0.0037817506589335,-0.00190311220269395,-0.00748549389451403,-0.00945516081648858,-0.0162690165274252,-0.0170950145469371,0.00980843533033387,0.00708279657682853,0.0150678257049977,0.00538360327522117
2022-11-21,-0.0216802806756366,0.00344072870585926,-0.0178457649890364,-0.0187826724901804,-0.0683723134318964,-0.00597060634104023,-0.00590238905753452,0.015374486370986,0.00612360419886672,-0.0195448818110533
2022-11-22,0.0146612188873708,0.0123114668754833,0.00800343793096332,0.0151673252992802,0.0121523119333916,0.0470719392890866,0.0149568339969503,0.00434907932804663,0.00357274926138018,0.0143819981451353
2022-11-23,0.00592638106729368,0.010406964033269,0.00997854437368987,0.0145286274922599,0.0782178388540447,0.0299910430777716,0.010663392353942,0.00449087350682637,0.00481258391564171,0.00717859767506311
2022-11-25,-0.019593680959377,-0.000363620424806863,-0.00764892820904071,-0.0101565202119044,-0.00185587523773844,-0.0150732302732127,0.00190507952886145,0.000958109173693942,0.00426436432164586,-0.00739472511935831
2022-11-28,-0.0262641183636554,-0.0231524254756181,0.00578089353348179,-0.0144672720335553,0.000328106520795967,-0.0272282611438725,-0.0174784514804713,0.00015942023347934,0.00287468856567447,-0.0236064913575727
2022-11-29,-0.0211481346590406,-0.00591491152440606,-0.0162852456518949,-0.00895367615047201,-0.0114257399891273,-0.0118783896734966,0.0164496278285723,-0.0035087648711777,-0.00351766700127912,0.00625102981423515
2022-11-30,0.0485935236822577,0.0616236252283586,0.0445791260355856,0.0609306903649235,0.0767018469100353,0.0823792029473561,0.0118628960268221,0.0253062347875169,-0.00359551429991862,0.0789330650124203
2022-12-01,0.00189177473354377,-0.00176380070635442,-0.0107727460706915,0,0,0.012527342003046,-0.0140396061409683,0.00282973872615056,0.00623277300393983,0.0198135936608817
2022-12-02,-0.00337133502818458,0.00129576796955355,-0.0143455784982409,-0.00544610923372425,0.000821795914832679,-0.0151151738945831,-0.00792707183552293,0.00877881899831341,-0.000978108015911568,0.0253238495119133
2022-12-05,-0.00798322716755811,-0.0189005463183004,-0.0331455987275534,-0.00955781730443173,-0.0636867680552122,-0.015761899827089,-0.0280410183335817,-0.0136752253199103,-0.0102466724404838,-0.00858372009107864
2022-12-06,-0.0253701755689942,-0.0203037911145857,-0.0303263605257269,-0.0251307592853785,-0.0144148515648869,-0.0375076036964886,0.00167485259456541,-0.000472740153084068,-0.011605637742403,-0.0678754858470821
2022-12-07,-0.0137846581374215,-0.00305979309471396,0.00237959302518639,-0.0210353398246159,-0.0321433311236859,0.00831913113539558,-0.000684146752049937,0.00157643612640227,-0.00520384984568615,-0.00166485180091752
2022-12-08,0.0121328415135091,0.01239919387137,0.0213655822881434,-0.0129555502853709,-0.00344743086573552,0.0650745522659451,0.0104943780924148,0.00424918541017676,0.00154831343630276,0.0122882548874835
2022-12-09,-0.00343478393651066,-0.00800300273214269,-0.0139457903432217,-0.00939060284654474,0.032345482768586,-0.00978515538339396,-0.00541842648779978,-0.0104998634546026,-0.0233229968824688,0.00494222063057222
2022-12-12,0.0163896685521457,0.0288891259636428,0.0163879983598815,0.00517067289266636,-0.0627198857086461,0.0314099400910039,0.0155115417791416,0.0131454300771142,0.0186497105376582,-0.0102674265126619
2022-12-13,0.0067823030924476,0.0174648227617402,0.0214245692615031,0.0248632469070882,-0.0409367779534447,0.0306243464316343,-0.000968865884007872,0.000312544460412488,-0.00358054415963193,0.0474239083312118
2022-12-14,-0.0155357749764403,0.00116761878663578,-0.0098388588359052,-0.00585569142542952,-0.0257843676618306,-0.022022922086374,-0.00499691696876072,0,-0.00555961324639457,0.0119849944907218
2022-12-15,-0.0468541605321025,-0.0319181972686922,-0.0341778207057331,-0.044283174756268,0.00554843813937817,-0.0408510360647112,-0.0248106903350012,-0.013752096000048,-0.00893177478881165,-0.0447403688373092
2022-12-16,-0.0145784955945753,-0.0173487052976445,-0.00667039410115346,-0.0066034349341917,-0.0471871790943636,-0.0224748928379297,-0.00622606405902855,-0.00570438176510948,-0.0179553726025845,0.028239284734164
2022-12-19,-0.0159097633400359,-0.0173281032092387,-0.0334623539834112,-0.0201641732112009,-0.0023963297649552,-0.0191301362208225,0.00595571688506986,0.00143416067469664,0.000350168065704621,-0.0414468901934636
2022-12-20,-0.000528690043338845,0.00561447871364784,0.00317951340417755,0.00655815415954688,-0.0805364146171627,-0.0103974344005222,0.00484396934445369,-0.000795511545015886,0.00875354794089605,0.0227986863193576
2022-12-21,0.0238093787242644,0.0108767171122287,0.0185467091956821,0.00629075219073302,-0.00166905458958966,0.0258628814332299,0.0112479623119464,0.0160853315191462,0.00784463735115602,0.0228030653068524
2022-12-22,-0.0237726870715869,-0.0255288471610112,-0.0343436192558298,-0.0203170701568201,-0.088827565599371,-0.0704201477652753,-0.0113501263896679,-0.00720996781879018,-0.0117096260005312,-0.0220441056603078
2022-12-23,-0.00279808321041384,0.00226713973417167,0.0174245025482765,0.0167502776636583,-0.0175508334664734,-0.00867070010235003,0.00474530954022009,0.00757798210973798,0.00202115436291315,0.00785514196966966
2022-12-27,-0.0138784116235885,-0.00741409751646925,-0.025923742926366,-0.0206209065695241,-0.114088533314435,-0.0713534644162184,0.00350392537697642,0.00611106866314084,0.000278246062321594,-0.00982725470865322
2022-12-28,-0.030685216711585,-0.0102550506200305,-0.014691729374427,-0.0156769673978786,0.0330889153147725,-0.00601948346462071,0.00546537764221599,-0.0099673565318739,-0.0175231400008835,-0.0107800854547981
2022-12-29,0.0283241703227656,0.0276296383491314,0.0288438110383039,0.0282493277376302,0.0808269069678842,0.0403961289230893,0.00573774474686476,0.00597781268259352,0.00608670666892946,0.0401313778118058
2022-12-30,0.00246906196518708,-0.00493733951534778,-0.0021382787422576,-0.00248741442745624,0.0111640175156705,0.000753479104454315,0.00660557057417471,-0.0053167452569985,-0.00253233624281347,0.000665160069319364
2023-01-03,-0.0374048155171789,-0.0010008560296548,0.0216666630336215,0.0100873746826854,-0.12242248574196,-0.0204600483154355,0.00760615608335272,-0.0103758180498007,0.0127653218982706,0.0365631248688464
2023-01-04,0.0103142092124508,-0.043743082318308,-0.00792356452568038,-0.0116695322027769,0.0512488528559348,0.0303180612232394,0.00932520410354267,-0.00047657895628715,0.00111405374207755,0.0210839106743645
2023-01-05,-0.0106045357743467,-0.0296378505120024,-0.0237255891184795,-0.0213444548984217,-0.0290390977603051,-0.0328158958372928,-0.000221511588790088,-0.0114429504974192,-0.00340846252239362,-0.00337605186083086
2023-01-06,0.0367940410684711,0.0117852732124174,0.0356111523900836,0.0132252177869846,0.0246510903659416,0.0416403638980389,0.0191353735675614,0.0192925468775538,0.0244991076651312,0.024263593074862
2023-01-09,0.00408901021840155,0.0097364852008978,0.0148698739785008,0.0077856344396356,0.0593490114042722,0.0517532435159197,-0.00413215582678179,-0.0124605494186516,-0.0124674579388459,-0.0042302641149787
2023-01-10,0.00445616321357352,0.00761700258165267,0.0287317092341341,0.00454450671389691,-0.00768137425674932,0.0179804136131067,0.00895398786413538,-0.00766647100349867,-0.000621079914165838,0.0271878275170912
2023-01-11,0.0211123917688354,0.0302381687470911,0.0580838258793435,0.0350598979362621,0.0367690601824749,0.0057828597721309,0.00743136088429274,-0.00193154255696602,0.00876706132427594,-0.000752151256571188
2023-01-12,-0.000599280514959248,0.0116216150696167,0.00189294680942253,-0.0042614431515922,0.00275926257525376,0.0318730150548098,-0.00100280437935269,-0.0129011078665305,-0.00903285540924497,0.0287459427259485
2023-01-13,0.0101190389725221,0.00301879696804696,0.0299150436017467,0.0108636362024863,-0.0093881195826741,0.0234995682747452,0.0252348009895066,0.00359430648429983,0.00331456296911287,0.00197464887575686
2023-01-17,0.00875619992588836,0.00468161306646642,-0.021096612687328,-0.00901007200107908,0.0742647373690032,0.0475176933170444,-0.0154535000860291,0.00406966893723759,-0.00605680073662403,-0.0118264508633785
2023-01-18,-0.00536988022378812,-0.0188892439670094,-0.00614267515397337,-0.00186197959347293,-0.0206099825131417,-0.0183592698830267,-0.030042478259969,-0.0303178514888996,-0.0247211437395427,-0.0172871845307329
2023-01-19,0.000443972188903287,-0.0164538908754337,-0.0186465409215202,0.0211808316829012,-0.0125019461532315,-0.0352192465283521,-0.0133266341290993,-0.00150472749822706,-0.0142716004514904,0.0235302108344077
2023-01-20,0.0192206680031158,0.0357436918815834,0.0381084509307689,0.0534119801343804,0.0491468120625188,0.0640620127918608,0.00244905348107165,0.00602819018324467,0.0123172116134661,0.0236504932382204
2023-01-23,0.0235004737518061,0.00982429832167588,0.00277631509579852,0.0180575640573988,0.0774246887484925,0.0759012224645752,0.0162125679738124,0.00249658533168614,0.0149423817502782,0.0279831314916518
2023-01-24,0.0100628137556589,-0.00222623985847733,-0.012305137300551,-0.0209439121671405,0.000973908797551382,0.00375126944808596,0.00859632981865242,0.00531289579160488,0.00266402849175456,-0.000907529870356587
2023-01-25,-0.00470053684059697,-0.00590781084860703,0.00892857779356704,-0.0253837505667958,0.0037528201294289,0.00301081027564153,0.00483915054543389,0.00627582492199178,-0.00475449022276678,-0.0114572644668664
2023-01-26,0.0148036043786564,0.0307134739150915,0.0209919830121533,0.0241543918948941,0.109672591566476,0.0247889298424144,0.00618184293248465,-0.0019693098466944,-0.000913426239893244,0.0409892870204523
2023-01-27,0.0136841107686431,0.000645124056783289,0.0304373776044336,0.0189705870984827,0.110001804168245,0.0284315737022573,0.00242894169346093,-0.00526235861315843,0.00766475381011062,0.0301426372351057
2023-01-30,-0.0200780305301512,-0.0219615344545958,-0.0165296835614555,-0.024454052331737,-0.0631815099494343,-0.0590719609751969,-0.00848058005776007,0.00247980166003832,-0.00802519021721915,-0.0308422432235784
2023-01-31,0.00902085564668372,0.0210126219995249,0.0256588177360069,0.0195996418018939,0.0393615589490441,0.0195701429601965,0.00596544417960883,0.0112136378457219,0.0120999326269118,0.0129879546975251
2023-02-01,0.00790076827590077,0.0199346229699188,0.0195869710681492,0.0160866728580883,0.047280928205115,0.0719658297902212,-0.00264361062079057,0.000163059722068712,0.00556047579514476,0.0278579837762615
2023-02-02,0.0370626220953625,0.0468842604220768,0.0737993535294448,0.0727869208563709,0.0378148970391363,0.0365754678356643,-0.00465644953351787,-0.0171204535792913,-0.00725782424945649,0.232823883606871
2023-02-03,0.0243999366785403,-0.0236205844968033,-0.0843149762083994,-0.0274736349306744,0.00908265478447295,-0.0280528734908399,0.0154742748449261,-0.00746511421582464,-0.0132990107815202,-0.0118663491410482
2023-02-06,-0.0179290444459117,-0.00611581387632608,-0.0117032507168498,-0.0179420332052829,0.0251605373554816,-0.000521200273557755,0.00588269035518501,0.0056825865429663,-0.00726827793605302,-0.00251968140709518
2023-02-07,0.0192448344377788,0.0420221898551317,-0.000685062581864619,0.0460639473618028,0.0105257912794101,0.0514010306678103,0.0121901737286175,-0.0016619703670674,0.00213242932910556,0.0298829585362746
2023-02-08,-0.0176528142850579,-0.00310212283900863,-0.0201742977796551,-0.0768301124467186,0.0227630495559822,0.00144298678114708,-0.00703109238646731,-0.00582640613747594,-0.00539070962057633,-0.0427408744327615
2023-02-09,-0.0069115601550762,-0.011659825190098,-0.0180910058248788,-0.0438763884944096,0.0299568495166789,0.00594488300686663,-0.0155636455017137,-0.00167449338937555,0.00927100997322968,-0.0300388368821605
2023-02-10,0.00245618214015954,-0.00197222959123683,-0.00641283863107898,-0.00463109673898623,-0.0503087380189986,-0.0479924029707737,0.00441530644233925,0,0.015545500411634,-0.0211892294848424
2023-02-13,0.0188068699312652,0.0312427090068827,0.0197725672892888,0.000422974992986342,-0.0114277007820352,0.02459464283534,0.0108480916381656,0.0164373917417889,0.0152379100694787,0.030318716652655
2023-02-14,-0.00422488545067181,0.0031328929052994,0.00160735414148407,0.000739730667462456,0.0750616556523121,0.0542959926524914,0.00441893112564117,-0.0166666333687189,-0.00287849031798189,0.000278739903811201
2023-02-15,0.0139031626673889,-0.00799297614143561,0.0146439995843204,0.0238700004850436,0.0238470991310108,-0.0090114380931976,0.00418990338991603,0,0.00742325813337119,-0.0129262461980324
2023-02-16,-0.010429189292728,-0.0266228028151984,-0.0297548638519627,-0.0147514296381559,-0.0569455372209663,-0.0334739136838199,-0.013769309439432,-0.00620899477534689,-0.0156920519935232,-0.0266427426137385
2023-02-17,-0.00754686426671447,-0.0156016185608968,-0.00967910914791193,-0.0121454714970948,0.0310334808989094,-0.0279064770725902,0.00296149547609182,0.0151974689637438,0.0150412582040832,0.00255171847818135
2023-02-21,-0.0266797256835284,-0.0208866052727785,-0.0269546831218793,-0.0271327926032451,-0.0525178943383587,-0.0342715727489968,-0.0183490486284217,-0.0053228249477998,0.00607740713723754,-0.00462756648804914
2023-02-22,0.00289611144988216,-0.00459102625732902,0.0127933924830535,-0.0015251651836271,0.0176825534757286,0.00479306481337285,-0.00766317599539399,0.00301016805264718,-0.0209732356764728,-0.00557878934967231
2023-02-23,0.00329036345148112,0.0129617231536702,0.000313172345862675,-0.00829265455341413,0.00602412979284167,0.140213898705743,0.00801084539401323,0.00183407668542742,-0.0149056354710014,0.0053762658792232
2023-02-24,-0.0180052175581681,-0.0217844564293397,-0.0242120611794316,-0.019363922475248,-0.0256841800034169,-0.0159737376984189,0.00902124886429499,-0.00416035236512234,0.00267442380172732,-0.00959059000053951
2023-02-27,0.0082477577120899,0.00377197590252403,0.0027807715104866,0.00830246168791708,0.0546017865369247,0.00923300066576873,0.0087277471799056,-0.000334394470080688,-0.00722975407238122,-0.00498853931809908
2023-02-28,-0.00344811600002424,-0.00295818694909809,0.00501281154004454,0.0021142043547122,-0.00924720957372544,-0.0121270920415799,0.00837104664242548,-0.00518223092340331,0.00487843524827357,0.0318508443842021
2023-03-01,-0.0142459536703038,-0.0126292606031416,-0.0218614572280679,0.00333108920356152,-0.0142919758176636,-0.0223121513636432,-0.00558080649642244,-0.0109226505585255,-0.0139309357122927,-0.00868880660372234
2023-03-02,0.00412930843831394,0.0196531473673043,-0.000433990629510271,0.0181495364480945,-0.0585392815794752,0.0271390032021166,-0.0103821987795959,0.0146110660830925,0.00249732713579599,0.00640061638715506
2023-03-03,0.0350901556853595,0.0166461475070455,0.0300662580597021,0.0179348676764512,0.0360921928231445,0.0247059481565337,0.0183597787805524,-0.00468862343472828,0.00120985715912587,0.0614222478668869
2023-03-06,0.0185392206412121,0.00618907567447049,-0.0121180348512988,0.0158034077270986,-0.0201223310715287,-0.0140642572129844,-0.00584735502291419,0.0154780076018662,-0.000142104572087872,-0.00188938140114774
2023-03-07,-0.0144964929592541,-0.0105890693148474,-0.00213330078125015,-0.0133499985606469,-0.0314740773002839,-0.0111253954654131,-0.0294079354957834,-0.00579861909644646,-0.0099537132374526,-0.00210926985125592
2023-03-08,0.00837729159902142,-0.00177061117338252,0.00395505189863858,0.00415503804304561,-0.0304192984371417,0.0383461457657337,-0.00591518421678227,0.000499718625646856,-0.00825851252322442,0.00249305347710852
2023-03-09,-0.0149147044045336,-0.0054394685726544,-0.0177810711403685,-0.0204775098428691,-0.0498901199508517,-0.0308093717342062,-0.0541363957194752,-0.00966006344918611,-0.00673427009936381,-0.0177325281234061
2023-03-10,-0.0138788192965672,-0.0147828671401629,-0.0164769283801236,-0.0183058191248922,0.00300719568567739,-0.0200973999290208,0.0253950760998236,-0.00420450335857621,-0.00145808345405391,-0.011998507861175
2023-03-13,0.013266072615807,0.0214409921090587,0.0187368773872341,0.00529627353654179,0.00599627116866743,4.35567765494742e-05,-0.0179573010763749,0.0101333576262414,0.00292025180238624,0.0077432051795306
2023-03-14,0.0140892625505073,0.0270556668892914,0.0265065123894088,0.0313905369932098,0.050320947926933,0.0477661541847722,0.0256759670614219,0.00367830033151928,0.00531426985886431,0.0725264564387273
2023-03-15,0.00262149989033509,0.0178304123493996,0.0139123074729711,0.0227732431031731,-0.0153333932272337,0.00685710577571698,-0.0472440250167853,0.0066633154547943,0.0111512657034257,0.0192248555110589
2023-03-16,0.0186937902040646,0.0405368284554117,0.0399168824230921,0.043804074670327,0.0203935051083737,0.0541935364922891,0.0194137486404828,0.00550277798714708,-0.00568063049090439,0.036308440389146
2023-03-17,-0.00545385252518279,0.011693956486192,-0.0108956813005749,0.0129585441147005,-0.021723781534388,0.0072040371547374,-0.0377819653325406,-0.00464342594717503,0.00809962764283022,-0.0454789782718606
2023-03-20,0.0154838400402675,-0.0257665685509016,-0.0125315604043738,-0.00393630632456933,0.0173207962727687,0.00680292856067731,0.0105714988697531,0.00966337671962202,0.0107603107100044,0.0112467862790086
2023-03-21,0.0119440679933012,0.00569355338828137,0.029679680207265,0.0365538881230847,0.0781991914382265,0.0115442572240083,0.0268207747483684,-0.00462043889588926,-0.00340664960349291,0.0219910316715838
2023-03-22,-0.00910354508689534,-0.00544212020521208,-0.0189842326858437,-0.0147729989633695,-0.0325438195919702,0.0102675414580509,-0.0258138926847486,-0.00447608025926119,-0.00640949168170391,-0.0116245865748316
2023-03-23,0.0069696092630727,0.0197215759959272,0.000101338769399783,0.0215730210988409,0.00559773663816312,0.0273160446007383,-0.00267340225603148,-0.0021648959683248,0.00809932652201031,0.0223711910692769
2023-03-24,0.00830552714169672,0.0104806770568464,-0.00587581639584816,-0.00151517977025213,-0.00941628106908502,-0.0151521927324603,-0.0152159136958768,0.0163552650657159,0.00817630341250448,0.00846870868927902
2023-03-27,-0.0122931713833922,-0.0149341428617735,-0.000917113425146472,-0.0282625361276782,0.00735252281686498,-0.00926088560738304,0.0286605950754026,0.00738906118519409,0.0167137101211679,-0.0153875299600996
2023-03-28,-0.00398037772267904,-0.00416077618991482,-0.00815996577200252,-0.0139566266160149,-0.0136593251161877,-0.00456069051154075,0.0030352774825796,0.00114095474444657,-0.00388436036958685,-0.0106488788668342
2023-03-29,0.0197907348729057,0.0191837842421017,0.0309543624265338,0.00356328836108485,0.0247899063422156,0.0217342342016771,0.00201724666771718,0.00716386989820806,0.00431736475286568,0.023270876199446
2023-03-30,0.00988988483561836,0.0126199618046711,0.0174563591022444,-0.004931393106791,0.00722092975668742,0.0147863839203599,-0.0030198100784338,-0.000161678444612928,0.00998407066676511,0.0121257415469261
2023-03-31,0.0156441206859668,0.0149622366928761,0.0126470677992843,0.0281493834449955,0.0623720197189047,0.0143885649393462,0.0121163367848401,0.00291021369455702,0.0122191787803547,0.019726736709344
2023-04-03,0.00770181064457903,-0.00371123394600582,-0.00851967514394428,0.0060734992860044,-0.061168427796825,0.00676823823208816,-0.00115109027962143,0.00596477321318169,0.00840969797165832,0.00533170008241226
2023-04-04,-0.00324977055511732,-0.000174131176789182,0.0150375278885258,0.00344958816712946,-0.0112440437098437,-0.0183085624742182,-0.013368085404708,-0.00304490888710926,-0.00981912391238365,0.0077439852956198
2023-04-05,-0.0112902030417801,-0.00988934924624615,-0.0274170135429639,-0.00238736310676672,-0.0366600762876072,-0.0208355598895694,0.00149110224584455,0.00948423033342034,0.016572725514972,-0.0150894400539964
2023-04-06,0.00549602572739795,0.0255326802397934,0.00949554004908068,0.0378099420316026,-0.00247955316555193,0.00580328318686751,-0.00109718839661781,0.000636703786278836,0.00755006342271221,0.0218460364334113
2023-04-10,-0.0159725540678125,-0.00757877112723784,0.00107780338019155,-0.0182623701987576,-0.00297202560798623,0.0200465933189511,0.00329492558379475,-0.00238682870360199,-0.00192319195301086,-0.00624711677003515
2023-04-11,-0.00759098123865143,-0.0226685614439192,-0.0220221203907548,-0.0102404136868113,0.012357047570193,-0.0148663434881979,0.00492618883007524,-0.0017545860858135,-0.00292333606543476,-0.0041909018656544
2023-04-12,-0.00435322461117804,0.00233360590215574,-0.0209166971195978,-0.00673956544771207,-0.0334600365364647,-0.0248077769322175,-0.000155631373586692,0.00175767006926048,-0.00486429669405358,0.000701339413864008
2023-04-13,0.0341037093417239,0.0223993657830994,0.0467136830143003,0.0266629762893185,0.029688716127601,-0.00120782666491455,0.00381315104487851,0.00733775051872802,0.00100440305028744,0.0296729127642907
2023-04-14,-0.00211412616071818,-0.0127655799712865,0.00107422469445173,0.0134040402015244,-0.00484127986031649,0.0111477473634133,0.0755098314304074,-0.00158369183832805,-0.00675646874785169,0.0051736726904843
2023-04-17,0.000120870401814351,0.00929609987635449,0.0022436418178428,-0.0266372054335965,0.0110269907358541,0.00911869368946562,0.00792888352719385,0.00650285114548486,0.00700434590793179,-0.0118742601827271
2023-04-18,0.00750495742971961,-0.00148878178102571,-0.00428260483901725,-0.0138718905353431,-0.0145957860646555,0.0246278773633341,0.0112281742685019,0.00157582511781814,0.0022070585232643,-0.00443199107311512
2023-04-19,0.00696792863296532,0.000277335172989981,0.0195503415477721,-0.00306225798684362,-0.0201833935759257,0.00954197801748803,-0.00127315284490042,0.00188792370240864,0.00106780654390592,-0.0100508561601456
2023-04-20,-0.00584619811507961,-0.00811262058027459,-0.0046980391066799,0.0106546875700278,-0.0974582823059408,-0.0296086032769749,-0.0029031508775224,0.00439696281527463,0.00639969006352996,-0.0121929275677449
2023-04-21,-0.00978077415028036,-0.00122314448806376,0.0303439129174531,0.00113973060714145,0.0128228496684028,0.000553438665574134,-0.00191755804852446,0.00140726584472841,0.00503404081577736,-0.000844818063403974
2023-04-24,0.00187855629768119,-0.0139628037554826,-0.00701196715052024,0.00531261482392697,-0.0153258950280739,-0.00283943247953773,0.00135207516936785,-0.00156130918398078,0.00678832064465862,-0.000469716155171881
2023-04-25,-0.00943574830014427,-0.0225358780589497,-0.0342717203749711,-0.0200058159775918,-0.0115657019225917,-0.0296205949701327,-0.0217438686370092,-0.0015637506822826,-0.00779009275040288,-0.0246252563784465
2023-04-26,-6.1061123227961e-05,0.0724345546976777,0.0234961847448618,-0.00134797533703721,-0.0430696349524359,0.0272475385584134,-0.0177235528150275,-0.00469859948499801,-0.00435425982106708,0.00891347349252173
2023-04-27,0.0283952506669669,0.0320278377856691,0.0461039834551531,0.0374120432287335,0.041886194740852,0.0100163076592744,0.0134585842558881,0.00204566504878489,0.00311425250341006,0.139255084424822
2023-04-28,0.00754092080120963,0.00797163972132056,-0.0397924126636832,-0.00232375071855165,0.0257194272700946,0.0192097241336188,0.00868315624249363,0.00738066727368844,-0.00270817441024203,0.00737764812990495
2023-05-01,-0.000530226756780575,-0.00553288512130861,-0.0322427121373254,-0.00130429121125094,-0.0150933951943772,0.0418392765906305,0.0214119012153125,0.00233834554076772,0.00410665156491023,0.0119006859113689
2023-05-02,-0.00619139036191162,-0.000490954003787776,0.0154825492837923,-0.0175372830963626,-0.0093925987472201,-0.0242132813050443,-0.0161474496329019,-0.0045101087945513,-0.0027047343613507,-0.0162019500217703
2023-05-03,-0.00646729439608374,-0.00330692383662027,0.000193035539816622,0.000854627566154934,0.0018713932775673,-0.0144628313084935,-0.0211631175898498,-0.00562421265197754,-0.00370417028626372,-0.00923753072400957
2023-05-04,-0.0099133868254689,0.00331789586554547,0.00337673390225284,-0.006830452647569,0.00367347198585324,-0.00863242903757251,-0.0136784787364221,0.00109985644650536,0.00279907226083412,-0.0148082089473378
2023-05-05,0.0469268321286102,0.0171572566106017,0.0159615736741251,0.00840570524283211,0.0549627839831584,0.0405631444477977,0.0195348111153378,0.00470805525503471,0.00863966064698511,-0.00316894425419001
2023-05-08,-0.000403473043153652,-0.00643802569357304,0.00160891693217836,0.0208392051090029,0.0101728551827301,0.0164224866788973,0.00241316298384118,-0.00156210563918875,0.00625940165418645,0.00210493381198004
2023-05-09,-0.00997098443173612,-0.00534592162567655,0.00746481056277543,-0.00389711858195477,-0.0153675970244194,-0.0198964325968412,-0.00481494447195993,-0.00829156858253766,0.00170242851319372,0.000428744552428828
2023-05-10,0.0104207999646726,0.0172965419636073,0.0334833952622313,0.0409874713727634,-0.00360627036572228,0.0109903171599,0.000513114202823665,0.00173540680198209,-0.00281074602634783,-0.00124275392162245
2023-05-11,0.00109480932836314,-0.00704439570772342,0.0180596952507392,0.0431318289859819,0.0210039675207063,-0.0106284346843706,-0.00315065148518904,0.00566931809440407,0.00373653084044991,0.0116268077458168
2023-05-12,-0.00541763373004468,-0.0036759809650868,-0.0171153339608023,0.00806390944696504,-0.0238261625981461,-0.00832808918724555,-0.0143329311108789,0.00391478877456539,-0.000326582148600479,-0.00839703426475267
2023-05-15,-0.00289721899940469,0.00158582632835535,0.00852525660983216,-0.0085099418925644,-0.00970347461293444,0.0216301593750882,0.00842646355507164,-0.00265181262126921,-0.00777413259919875,0.0215986667262538
2023-05-16,0,0.00736780769561918,0.0197842143706262,0.0257488156787335,0.00102193064447027,0.00898009211382379,-0.00672923202672979,-0.0112605464555937,-0.013826651848678,-0.000167381350296887
2023-05-17,0.00360314113915575,0.00945135577695832,0.0185185048136155,0.0111287911843982,0.0440787662116634,0.0330333829152065,0.0307475175678512,-0.00110714066407661,-0.00166916619612952,0.0153671766197178
2023-05-18,0.0136659998345713,0.0143949827525657,0.0229437361547966,0.0164680468518965,0.0174278084013512,0.04970488955316,0.00758389244409581,-0.00554236377307586,0.0129738914640969,0.0179800686699058
2023-05-19,0.000628317432150151,-0.000565075975512798,-0.0160812653520181,-0.000569778766388202,0.0183730002329922,-0.013069008038336,-0.00229399035584549,0.00047770926499352,-0.0102989435996052,-0.00490167030389773
2023-05-22,-0.00548062401150502,0.0089211845181904,-0.0106666482904946,0.0186543186412872,0.0484622835412404,-0.00281461506748814,-0.00826238084104343,-0.0210091713838897,-0.00880541042277123,0.0109102045695413
2023-05-23,-0.0151549733124111,-0.0184318285556806,-0.000173935067284882,-0.0199121590423502,-0.0164133579968781,-0.0156531824653626,-0.010432951224375,-0.00178824592534048,-0.00188425119343967,-0.00636272114181087
2023-05-24,0.00163207704939034,-0.00447262851020596,0.0153056976165448,-0.0135445142263306,-0.0154492668890058,-0.00488791078421562,-0.0091511746151503,-0.00846911806015822,-0.00458511972212951,0.0100104731656428
2023-05-25,0.00669228024113799,0.0384578024334256,-0.0149892933618844,0.0213400977711347,0.00858396597381837,0.243696245598744,0.00243818570783322,-0.00772018762064189,-0.00995742379241603,0.0139641130501064
2023-05-26,0.0141049202395493,0.0213856151689151,0.0444347879161044,0.00915126369758452,0.0471621233299238,0.0254346619809479,0.00936125693467147,-0.00248297617518217,0.00177899869399203,0.0370019850517603
2023-05-30,0.0106594920181768,-0.00504668799745952,0.0129048625749771,-0.0075434917359377,0.0413625592426419,0.0299131956204618,0.00379690144258835,-0.00796552142586883,-0.00245857004624212,0.00183183604387409
2023-05-31,-0.000282053727790238,-0.00851420148855984,-0.00887721353398555,-0.00646882464172021,0.0137700783617243,-0.0567676366371742,-0.0127307577329967,-0.00200723149466894,0.00554553734825759,0.00838013416081326
2023-06-01,0.0160224681021464,0.0127592331797211,0.0181621726551257,0.00691782193256146,0.017604137329557,0.0511710776057336,0.0137793550845268,0.00569887207986044,0.0036767161650664,0.029804953975843
2023-06-02,0.004775651832359,0.00847903471873411,0.0120550899845414,0.00767858633977377,0.0310813262116821,-0.0111393027231954,0.0210058705991777,0.0193334728175029,0.00956522155971797,0
2023-06-05,-0.00757118580531414,0.0016100036404708,0.00845072878678469,0.0107484539201975,0.0170117276668819,-0.00396649805150546,-0.0098241507450587,-0.00670380457387756,0.00658520080343721,-0.00447496014222991
2023-06-06,-0.0020606116637087,-0.00672724300046418,0.010454888481151,0.0103166511140926,0.0170028810158737,-0.0131985486041024,0.00179752490601934,-0.00724281019753446,-0.000133496600673271,-0.000994879529667555
2023-06-07,-0.00775614528110633,-0.0308677895603356,-0.0424926722018996,-0.0377818332348355,0.0147305128624471,-0.0304012049977782,0.0096883546210799,-0.00149215958447994,0.00146881592913635,-0.027736903444105
2023-06-08,0.0154651569961553,0.00581347319574065,0.0249112971990466,-0.00293870491266164,0.0458208707776234,0.0276185395442864,0.000284453375238882,0.0024907408190969,0.0144664817950626,0.00371753496001913
2023-06-09,0.00215975011003073,0.00470399874874578,-0.00659959512936825,0.000736810097864256,0.0406199151040602,0.00675150423887187,0.00198956784968809,0.00165648267586934,0.00604589951997743,0.00139855266466576
2023-06-12,0.0156388801874287,0.0154838169345286,0.0254395153680992,0.0115357193002236,0.0222177089614449,0.0183647313974279,-7.08943197361716e-05,-0.0042997188218493,0.00659754476864166,0.0230233031798052
2023-06-13,-0.00261176432788634,0.00735281408866819,0.000711100319996924,0.0015366236623926,0.0355441282429642,0.0390050901890207,0.00723380840506731,0.00398599921817145,0.00778697905580973,0.000996240995767138
2023-06-14,0.00349133078809897,0.00912383779329861,-0.00189487988492617,-0.0012920560389123,-0.00742137131757977,0.0481449913748126,-0.00373159397538318,0.00678247500573064,0.0101095642002713,0.00748175715731284
2023-06-15,0.0111987515578226,0.0318964242679611,0.00545801654327584,0.0114820735469737,-0.00346592397999117,-0.00800055969824593,0.0113082856582878,0.0137418526861079,0.00548224202391905,0.0310223790944079
2023-06-16,-0.00585993839718152,-0.0165755978901427,-0.0127448881976488,-0.0124709472957284,0.0181321405201555,0.000914249402581489,0.00118779767361241,0.00718590941797478,-0.0139478397088566,-0.0029450627863522
2023-06-20,0.000486776083587029,-0.0125026429809441,0.00231094844580222,-0.0034809385625119,0.0533891272200165,0.0261407283976195,-0.00509547953762979,-0.00664825444733127,-0.00880860187695627,0.0118506992559974
2023-06-21,-0.00567528856883031,-0.0132819837310967,-0.00755284590127035,-0.0207148155801978,-0.0546184007477664,-0.0174168707581405,-0.00147358797974041,0.0027751489060085,0.0019461208564422,-0.0094607878369645
2023-06-22,0.0165252428115344,0.0184376038787452,0.0426178962380301,0.0215678331881047,0.0198488941111972,-0.000464712656369875,-0.0192520723894639,0.00683701197978162,0.00835144032036944,0.0115039552040696
2023-06-23,-0.00171134272535581,-0.01380609238319,-0.00630036191996439,-0.00657752959829674,-0.0302708880672204,-0.0189655424826401,-0.00523005243328538,-0.0105092682555852,-0.00186197983717106,0.0135144989445734
2023-06-26,-0.00755293538580194,-0.0191629371645064,-0.015464315871677,-0.0326955631828938,-0.0606001663362585,-0.0373618281539679,0.00244848924174766,0.000326657985797261,-0.00263719517160992,-0.0355348756220271
2023-06-27,0.0150590474559858,0.0181679750083958,0.0145291040455698,-8.45038525253097e-05,0.0380004295629158,0.0306161650126834,7.18213197719018e-05,-0.00212325518870348,-0.00361164336457293,0.0308110912335979
2023-06-28,0.00632772797575696,0.0038258719993653,-0.00108375443246352,0.01563420885423,0.0240996896954794,-0.0181247926079096,-0.00438195361447177,-0.00933075538936448,0.00543710191993216,-0.00613105615629627
2023-06-29,0.00179661251752671,-0.00238211456592715,-0.00883440653725229,-0.00898655958939237,0.00491730336265041,-0.0071746237653692,0.0349229129180904,-0.00826160592574555,-0.00675981418415338,-0.0131797840822707
2023-06-30,0.0231026527910406,0.0163855451279344,0.0192337690001922,0.00503774823414793,0.0165824816064932,0.0362548596277942,0.0140139804346484,0.00333230847138776,0.0187969801410203,0.0193586394592556
2023-07-03,-0.00778477793076523,-0.00748812713888761,-0.00107394437705963,0.00167081075804474,0.0689537344542741,0.0026239146774705,0.00804455722187934,0.00597805640278822,0.00648940877955289,-0.00334538769435703
2023-07-05,-0.00587150071176016,0.000473590963128497,0.00122871802034309,0.0154294928730303,0.00950612390995676,-0.00226331968494962,-0.00666175576762469,0.00742807967511382,-0.000568911806163078,0.0291938962241221
2023-07-06,0.0025088393523569,0.0092267343914555,-0.0154932059887221,-0.0134700995494966,-0.0210280452081033,-0.00505706632958888,-0.00988636512034639,-0.00770108018589362,-0.00632475780296762,-0.00808497417894482
2023-07-07,-0.00589131768064357,-0.0118676478580601,0.0110626220177073,-0.00524528966263244,-0.00763005642562642,0.00950047715006404,0.00789021517272057,-0.0132101085126716,-0.0230411143536294,-0.0050002325934344
2023-07-10,-0.0108558661174421,-0.0159836546330381,-0.0204191828540973,-0.0253598529343301,-0.0175637045981105,-0.00759955759961897,0.00561184852326395,-0.00753000546173093,0.00905596283329194,0.0122878580688391
2023-07-11,-0.00280991449693578,0.00192877872759458,0.0129788528398212,0.00592526847778654,0.00066771708445908,0.00533441624791817,0.015639035024302,0.00354052511249214,-0.00148500889264006,0.0142470108831398
2023-07-12,0.00898551870545515,0.0142270343655932,0.0156856988011229,0.0152809494930831,0.00815442240177215,0.0353025057761718,0.00495175550941212,0.00537667686966473,0.00252169750383056,0.0370442066786739
2023-07-13,0.00405746960522642,0.0161919508937025,0.0267584091616193,0.0471705777235711,0.0217287542714947,0.0472642405228394,0.00486012113688823,0.00852252620949543,-0.0058691859155652,0.0131570830001615
2023-07-14,0.000787283138135279,0.0075293127025478,0.00282940890088095,0.00706594939635065,0.0125225299127725,-0.0110488920801955,0.00604544292219891,0.00911356924566398,0.00343850497471381,-0.0144856469205785
2023-07-17,0.0173055499845288,0.00141937848919259,-0.00831597251332783,-0.00613930255801071,0.0319852151674682,0.0218169938931691,0.0241032920620579,-0.00147780976278074,0.00122851797388278,0.00566559329091235
2023-07-18,-0.00134017440117527,0.0397999637543609,-0.00546567640673061,-0.00714000162179748,0.0101935099018736,0.0222337107285761,0.00182586911401286,-0.0039467936780991,-0.00180815404918883,0.004603776355044
2023-07-19,0.0070716496858716,-0.0122676862626543,0.0190468926027334,-0.0139786804239052,-0.00709070225074299,-0.00878009030628413,0.00383945077698867,0.0176655114945851,0.000323518516064523,0.0126903585792977
2023-07-20,-0.0100973629574791,-0.0231212802109758,-0.0398935717504128,-0.0231910100630417,-0.0973700986000864,-0.0330735183584871,0.0123177678707068,0.0121674371916416,0.0184968977859767,-0.0426885250046566
2023-07-21,-0.00616177348811279,-0.00893717779330246,0.000307735334463815,0.00687912932811183,-0.0109547544681419,-0.0266037264472105,-0.00768475795167737,0.000801332271743754,0.00565148575390908,-0.0273039657520538
2023-07-24,0.00422027175293103,0.00389803767879571,-0.0092307457557076,0.0125812796414498,0.0347665907502467,0.00683835028030117,0.019683715266225,0.000320302601668418,0.00587234553301839,-0.00900576214632693
2023-07-25,0.00451346951214951,0.0170090580873555,0.00256212595679339,0.00559530414235574,-0.0140489066141235,0.0239174791945935,-0.00746838336353011,-0.00336203459740314,-0.000816054161510814,0.0098076853969942
2023-07-26,0.00454508510777251,-0.0376376737324596,-0.00758933593487712,0.0577694232197289,-0.00350570220167516,-0.00496950844203808,0.00599407129985092,0.0128512738885274,0.00358097746767107,0.0139231275133694
2023-07-27,-0.00658125118323123,-0.0208721558650189,0.000780383209356815,0.00100566588589614,-0.0326839386803938,0.00985670871749007,-0.0110293809142241,-0.00967484400998321,-0.00363094210295897,0.0440098179508508
2023-07-28,0.0135080364500436,0.0231316006484371,0.0308772453322962,0.0245750634032715,0.0419615793117773,0.0185183152157273,0.00570444912678644,0.000640605203336837,0.00471231168105441,0.0441759442577523
2023-07-31,0.00316605254078044,-0.0072406123585103,0.0111185680906544,0.00105575373018567,0.0037156216232685,-0.000449196093325,0.00669181240701528,-0.00880281412072355,-0.000312567734363108,-0.0211381065258369
2023-08-01,-0.00427588411275637,0.00125024509833454,-0.014886223394711,-0.0088154852446573,-0.0237818701183325,-0.00475074343461128,-0.00493827917558488,-0.0025835890276249,-0.00469160274423756,0.0129002605747889
2023-08-02,-0.0154898367382076,-0.0262829757103019,-0.0264256637787473,-0.02409722603937,-0.0266595415735499,-0.0481218892282062,-0.0113243937846743,0.00307607963498955,0.000691195240005159,-0.0260296720148771
2023-08-03,-0.00732177799104772,-0.00256487305130236,0.005459768439169,0.000545146592480811,0.020502958173047,0.00555706224725471,0.0061132536731739,-0.0051646755464094,0.000251270982182441,-0.00356340252829005
2023-08-04,-0.048020209774825,0.00342849748636016,0.0826933780100678,-0.00264681429187759,-0.0210550923941651,0.00370650287538949,-0.00211065921625576,-0.0150875073827241,-0.00577674550270032,-0.00785454900833677
2023-08-07,-0.0172535288432568,0.00710840754210773,0.0189868435725457,0.0266957047530396,-0.00949343597382677,0.0164952762618296,0.00474296349696971,0.00790631836314502,0.0135784398569277,0.0187623437773511
2023-08-08,0.00531162608586377,-0.0122988885636329,-0.0160314917713917,-0.000988386170086372,-0.00695963420655844,-0.0165796989864791,-0.00561366946898852,-0.00441248529395621,0.000996910202129966,-0.0123830669066548
2023-08-09,-0.00895430201383709,-0.0117158728738307,-0.0149349457012129,-0.0132420230328585,-0.0300760696780972,-0.0472416447711603,-0.0134078480755951,0.00229812814833461,0.00161839320444852,-0.0237656096353617
2023-08-10,-0.00123466429311596,0.00217227016598096,0.00515046371883985,0.000231616012924933,0.0130062920216828,-0.00390081174884896,-0.00149536866112275,-0.00229285886483717,-0.000499020476526546,0.00173665370351874
2023-08-11,0.000337537701554942,-0.00594561529453795,-0.00108251947984894,-0.00100252749387901,-0.0109643860828229,-0.0361660148109419,0.00579572772190602,0.00410374723330717,0.00586572239437363,-0.0134100017368594
2023-08-14,0.00939325016927518,0.00943913913932219,0.0156058348743569,0.0136615224142056,-0.011910156448967,0.0709336889517476,0.00207171304746637,-0.00474088061576861,-0.0074442798329946,0.0150841886405834
2023-08-15,-0.011200399695373,-0.00672763917343627,-0.020630355012967,-0.0118023169315964,-0.0283616447646153,0.00427396737248761,-0.0254568216947036,-0.00673452407879618,-0.00512498537641166,-0.0138476556148759
2023-08-16,-0.00495900266645997,-0.00242861135845389,-0.0188856750149394,-0.00832163481610847,-0.031593408302872,-0.0103321974455247,-0.00424340500793643,0.000165368717161696,0.00050258324988756,-0.0253684662297096
2023-08-17,-0.0145550903472477,-0.0109861336215362,-0.00806997510604675,0.00947928683629963,-0.0282801627225379,-0.00326547252216049,-0.0103866587094504,0.00214936988755677,-0.0224160968684163,-0.031261744365133
2023-08-18,0.00281594496118243,-0.00126229421458339,-0.00567244761211603,-0.0189347280796467,-0.0170148513218179,-0.00103821444729866,0.00228741557558355,0.00560961758823845,0.014387478389235,-0.00645400799782092
2023-08-21,0.00773685646113906,0.0170626572367543,0.0109592511762498,0.00713950761308244,0.0732748289183829,0.0847131729035004,0.00342334705569065,-0.00853152065138569,-0.00265942743208893,0.0234773170714764
2023-08-22,0.007904754546825,0.0018018416764396,-0.00319269898399926,0.00553087083800979,0.00825840397868412,-0.0276576799547114,-0.0207383907823505,-0.006122761000847,-0.00317435623824407,-0.00793370806693357
2023-08-23,0.0219488906220855,0.0140791525228027,0.00945999458071504,0.0254880696082219,0.0157382311871117,0.0317073937330196,0.00676314084928738,0.00349658679892952,0.0069422156221667,0.0230876009207696
2023-08-24,-0.0261702229215217,-0.0214982561924135,-0.0271547212112789,-0.0195663844570776,-0.0287934109036767,0.000997391064801004,-0.000949891498093557,-0.00265474771607532,-0.00765348955388173,-0.0254553293326149
2023-08-25,0.0126429486874825,0.00940713240778386,0.0107706174786724,0.000770786275504407,0.0371674634902425,-0.0242775310392708,-0.00122273222701565,0.00465805507457874,0.00592768812907427,-0.0043593192787409
2023-08-28,0.00884622721361285,0.00222919743980253,-0.000900458668275179,0.00870026263781216,0.000964042876308485,0.0177538432924991,0.0034683747394867,0.00281506056380214,0.00570276708868776,0.0166727536167301
2023-08-29,0.0218100536833827,0.0145503833992155,0.0132943088521496,0.0271735326625853,0.0768779197240235,0.0416140797946759,0.00813233348442669,-0.000990805665617532,0.00837946859396211,0.0266311271586606
2023-08-30,0.0191723450976873,0.00115735763667446,0.0011860029483858,0.0097345478757726,-0.00108872691216704,0.00983924262786537,-0.00403352885101281,-0.000495792222621702,0.00718548262090792,-0.00969835309603537
2023-08-31,0.00117240334788743,-0.00313286166013594,0.0217663953742144,0.00213427596244722,0.004593198535682,0.00184728696629286,-0.0123515025315082,-0.0105836658953528,0.0087469833030606,0.00267714754448514
2023-09-01,0.00846336747955261,0.00274581169285509,0.000797048146730914,-0.00374550115609951,-0.0506431832976334,-0.0171410759464791,0.0033486352755646,-0.00869136377378124,-0.00639590987398519,0.00165581931742852
2023-09-05,0.00126672218319796,0.0148786067983923,-0.00615400285820921,0.000811092736523921,0.0468552140113562,0.000804117509758025,-0.0110340021263719,-0.00826175676876717,-0.00804600606526631,0.0127203232463493
2023-09-06,-0.035793380395411,-0.00200850328875225,-0.0139142099705769,-0.00964862322300275,-0.0178174285135028,-0.0305496065364734,-0.00165265806211165,-0.000680030391654304,0.00748725799788281,-0.00326494414046972
2023-09-07,-0.0292493516597415,-0.00892221960677381,0.0183954305698605,0.0059494918497497,-0.00170686201534754,-0.0174242325311777,-0.00855427896594282,-0.00765568781537556,0.0123862439961351,-0.00167135754786791
2023-09-08,0.00349172192987572,0.0132157659897172,0.00275654412185999,0.00828050436006092,-0.0118891623040872,-0.0144677388212491,0.000765530611002807,0,0.00183538836382784,-0.00261170752456405
2023-09-11,0.00662254581900121,0.0109791888337104,0.0352312126636835,0.00395937293947447,0.100925499284773,-0.00864573059518391,0.00438022223701353,0.00942924796735582,0.0034802472482527,0.0324619081603372
2023-09-12,-0.0170604782614547,-0.0182577551023598,-0.0130678567171007,-0.0115395769690755,-0.0222968633867036,-0.00681745250266554,0.0130138472027929,-0.00985074061946323,0.00109543182079505,-0.0191834369698419
2023-09-13,-0.0118549147918994,0.0129306238847407,0.0256320221304879,0.0101226165704341,0.014281354305897,0.0137063798010326,0.000478454067140474,0.00240140615804787,0.000243099518864605,0.0112710334166142
2023-09-14,0.00878245402012505,0.00785580586919101,-0.000897513823507029,0.0101676989478833,0.0174715111140003,0.00211053535543248,0.019397619216696,0.00827872009962833,0.0041930180359112,0.0218317688244743
2023-09-15,-0.00415376794610211,-0.0250370276897416,-0.0299198576183785,-0.00506888503356735,-0.00597737228447978,-0.0368794019771922,-0.00294823158026268,-0.0088948813958809,-0.00369138779392615,-0.0366033310708193
2023-09-18,0.0169132795164704,-0.003512669442262,-0.00292046202643718,0.00589519477074848,-0.0332009744626211,0.00150329940700163,0.00208318687451862,0.0062131852089768,-0.00741012924851168,0.00745894311838149
2023-09-19,0.00618085839636256,-0.00124619891841729,-0.0167880476957658,-0.00123014661798404,0.0045989189773708,-0.0101442161098915,-0.00127414118077864,-0.00205818000601346,-0.000244735863004005,0.00832914600809778
2023-09-20,-0.019992173860644,-0.0239767883517717,-0.017002190755362,-0.0311500863032531,-0.0146716835351181,-0.029434659711111,-0.00423000830023512,0.00446877414877335,0.00324390314505837,-0.0177007811576878
2023-09-21,-0.00888949450406682,-0.00386566759060148,-0.0440534536983298,-0.0246748539245468,-0.0262386209898996,-0.02893056855133,-0.00782199557828166,-0.0154003473226152,-0.012140714843664,-0.0131478638605277
2023-09-22,0.00494442218106428,-0.00788653022459408,-0.001623805079206,-0.00145663554695632,-0.0423151826146488,0.014457310173469,-0.00958288448991952,0.0010428241342202,0.00265564507402585,0.0113279711166474
2023-09-25,0.00738045185351378,0.00167193494456913,0.0166512487343394,0.00660281036397308,0.00861646752809305,0.0147081231534014,0.0049406070306413,-0.0104165987944755,0.00443478485897406,0.005851049564896
2023-09-26,-0.0233984043003686,-0.0170058947564342,-0.0402986268252661,-0.0193732873722429,-0.0116199453910917,-0.00736589794025174,-0.0103790760965454,-0.00824585436766071,-0.00349525918410565,-0.00621592231859207
2023-09-27,-0.00889736678951869,0.00208248938051958,0,0.0153224410076808,-0.0148287530296331,0.0132902426437885,0.00586492264743046,-0.0102598752246179,-0.00480008955121414,-0.0040809525464
2023-09-28,0.00152537364860575,0.0027175118308137,0,0.0135591985848767,0.024449084751817,0.0146226399831164,0.0124160540921597,-0.00250218625954247,0.00507047748175474,0.0208908038413978
2023-09-29,0.00304655306736792,0.00672736512540938,0.00904905031966131,-0.0109590825105574,0.0155856654833556,0.00951530003656133,-0.0174129663429507,0.00304592801285876,-0.0160575649563133,-0.0123370891457759
2023-10-02,0.01483547591381,0.0191607871749273,0.0184078344613464,0.0252940895691363,0.00551516615810328,0.0294947581761874,-0.00861953803515135,-0.00893171601594148,0.00106289841721735,0.0220179215116495
2023-10-03,-0.0077698084624824,-0.0261342148522606,-0.0366136663629284,-0.0129685202892739,-0.0201510620080552,-0.0282480963647063,-0.0073727011190971,-0.0108146379192977,-0.00630853294997739,-0.0191644024079783
2023-10-04,0.00730869128937319,0.0177733358968229,0.0182809393600177,0.0212186867941685,0.0593437105230724,0.0120414576236336,0.00448450936976773,0.00291527917297226,0.0120058986801146,0.0154182727792944
2023-10-05,0.00719805752365125,0.00125386756263968,-0.00818898358682679,-0.00125682048080055,-0.00425032873937369,0.0146907847106692,0.00421627350030857,-0.0483283851411786,-0.0119256436033864,-0.00258513258131839
2023-10-06,0.0147502435543971,0.0247372800553575,0.0158780566412892,0.0185827303679895,0.00184584121845896,0.0240334571950901,0.0153955833920144,0.0145094111563174,-0.0167840122755506,0.0349091830090467
2023-10-09,0.00845141964505678,0.00782229170638993,0.00234444689363396,0.00610542896515351,-0.00330090721065689,-0.0106859064365098,-0.00227432297970769,-0.0048926862424261,-0.00364423885378358,0.00928888546819026
2023-10-10,-0.00335230569771077,-0.00433556622381936,0.00951193881922385,-0.00260071793997856,0.0152115434405109,0.0115964116872006,0.00607846477750586,0.0217473312551574,0.0112936539803704,0.0109312531094171
2023-10-11,0.00790417410177542,0.0122722038816236,0.0181495688991297,0.018035862894059,-0.00238982207147433,0.0220097115077601,0.00343304203658209,-0.00592273758468699,0.00399745690166261,0.0185805304319779
2023-10-12,0.00506109921140153,-0.00379054639152159,0.003792763354739,-0.0112416495458822,-0.0156659769199401,0.00296966188718673,-0.00232651676458311,-0.0167565856786687,0.00455040658323761,-0.0111646694770737
2023-10-13,-0.0102925697748878,-0.0103576171431409,-0.019194502454287,-0.0115852282804058,-0.0299378071857716,-0.0316114693144222,0.0150195226096763,0.00151473625405353,0.00553634127476462,-0.0292139341440794
2023-10-16,-0.00072712583316791,0.0149819520283684,0.021265196921155,0.0126674547284445,0.0111500601553068,0.0139461755577093,-0.00101352679278651,0.0102100277383184,0.0086342112779581,0.0205281501950506
2023-10-17,-0.00878463659924518,-0.0017437439783232,-0.00814788235525941,0.00445708663281299,0.00366260216319085,-0.0467947344671837,-0.00216438415260643,0.0119781139427615,0.00130247707962169,0.00887426409825105
2023-10-18,-0.00739480569299585,-0.00587259403035619,-0.0254050072783072,-0.0125964171629999,-0.0477536320826759,-0.0396467343569755,-0.0109807445367515,-0.000369840733090565,0.000743595287577282,-0.0216973354538822
2023-10-19,-0.00216103793032329,0.00366573944246003,0.0021071490157122,-0.0015223200375934,-0.0930031018073351,-0.00225143197695644,-0.00424914041318419,0.0055503427613459,-0.0047667922361478,-0.0131246288571568
2023-10-20,-0.0147042714753832,-0.01403482154442,-0.025155731161039,-0.015607941535806,-0.0368906233004939,-0.0169592027134711,-0.0161054880124369,0.00404803996339889,-0.0125023659783226,-0.0132985861551747
2023-10-23,0.000694014083879688,0.0081122793626268,0.0111048926258902,0.00663717818212034,0.000424531041836765,0.0383694140390103,-0.0136413076013967,-0.00897941925807643,0.0141723927590296,0.0173660364696809
2023-10-24,0.00254345912582481,0.00367405952643258,0.0158027815943505,0.0169229408041956,0.0209355073701996,0.0160093263903518,0.00120580303936429,0.028846164000589,0.0139122431150525,-0.00464968843535001
2023-10-25,-0.0134916258674449,0.0306781855223664,-0.0557716109606966,-0.0950940212564593,-0.0189359228829346,-0.0431485842602943,-0.00545471367293976,0.00862681676524898,-0.00300156742290759,-0.0416572563664679
2023-10-26,-0.0246056280258285,-0.0375143640705825,-0.0149929953371365,-0.0265105125275952,-0.0313529974555977,-0.0347782660551525,0.00256436451049992,-0.00605835176108742,-0.00608263997534601,-0.037325249817533
2023-10-27,0.00796948848196118,0.00585563642004134,0.0683281608246057,-0.000899654405881216,0.00748448962886638,0.0043148671709273,-0.0360188771637496,-0.00968089227560998,-0.00370891670701465,0.0290620122884675
2023-10-30,0.0123051244310099,0.0227403847650215,0.0389072250916844,0.0187443453366099,-0.0479498422338384,0.0163210363668645,0.0127496974706115,0.0164734028345132,0.0114785081609247,0.0199845688601673
2023-10-31,0.00281873187072393,0.00237158823097422,0.00286330800090526,-0.00305318515155138,0.0176327306281761,-0.00925638268729098,0.0119342541373971,0.00605533328053854,0.00239246160788075,-0.00459275765179502
2023-11-01,0.0187387564929874,0.0235427464268144,0.0293786442985709,0.0191006279069065,0.023999240251473,0.0378863690675037,-0.000862948000007376,-0.000885136800465625,0.00893455400411103,0.0351179482827315
2023-11-02,0.0206929898563547,0.00650160717773667,0.00781027243955479,0.00822462663627367,0.0624817203924541,0.0279029019775622,0.017849431309622,0.0115166833871571,0.00394240807062582,-0.00314235164341798
2023-11-03,-0.0051807354295215,0.0128615284375357,0.00383862353286065,0.0126283752069811,0.00663590793777459,0.0344550604326357,0.0111724252971338,-0.00613062542368915,-0.00519570112647682,0.0119985061179767
2023-11-06,0.0146051282768323,0.0105727014405879,0.00822510345920606,0.0089078708855082,-0.00313694499156648,0.016575821329351,0.00755232075005532,0.00405353105477068,0.0013361244152991,0.00381438390700951
2023-11-07,0.0144506171170033,0.011219221214639,0.0212537648772904,0.00552781613996205,0.0132712561983813,0.00445917802980038,-0.000485958750788614,0.00368622353169546,0.00467008872691793,0.00956312216272026
2023-11-08,0.00588483769149028,0.00740570099376755,-0.0044145809906319,0.00664286668300765,-0.000315024159403688,0.0134695698494139,0.00493038920306484,-0.00157404870754197,-0.00814977344698284,0.00301100039760545
2023-11-09,-0.0026243697262694,-0.00691070147259783,-0.0104166364616102,-0.0121356807287683,-0.0546126011862594,0.00807312446685693,-0.00297140407009119,-0.0075320888536253,-0.00231282360691418,0.00240787333064062
2023-11-10,0.0232199814081727,0.0248966745789944,0.0210525698903507,0.018043233403564,0.022240205086034,0.0294993563271252,0.0148312148792412,0.0010591646142396,0.0138482568113863,0.0256433781146209
2023-11-13,-0.00858365087412887,-0.00808829215461164,-0.00675676537474936,-0.00377120993749145,0.0422083068949549,0.00589643800305724,-0.00443892993760013,0.00370225487575131,0.0089655908273086,0.00127757385845502
2023-11-14,0.0142857846027328,0.00979057545875689,0.0225121452858472,0.0115831136654351,0.0612399827324881,0.021308018136449,0.0182468018380081,0.00298622006408336,-0.000178958648234286,0.0216286841265335
2023-11-15,0.00304085420942612,0.00040593512094884,-0.0178326889512687,0.0074841651893376,0.0228717939093677,-0.0154661955537368,0.00875775273640026,0.00192639780114567,0.0127050482791846,-0.0107041830873651
2023-11-16,0.00904209668137391,0.0175831602594944,-0.00258376483988836,0.0171592722309056,-0.0380909246396521,0.0121093724075122,0.0114196211225705,-0.00104869676591195,-0.0809282540595393,0.00444820472511526
2023-11-17,-0.000105323005177406,-0.0168008571997304,0.0164530617839357,-0.0118309707869983,0.00303954246756348,-0.00367829570241909,0.00904590260938359,0.00192471236742779,-0.00442181234891623,0.00254340917797361
2023-11-20,0.00927817857835618,0.0205219737099449,0.00654368545914299,0.00694702719788096,0.0055484551208939,0.0225363912613736,0.00307555399139856,0.00244501233584403,-0.000321887017882788,0.0147146971689705
2023-11-21,-0.00423075981505055,-0.0115780643827312,-0.0152604592610281,0.00528427688807033,0.0237690606946144,-0.00922466543171281,-0.00208757376109638,0.0109754709963983,0.00360582690504348,-0.00879465244924246
2023-11-22,0.00351442384014562,0.0128123955450182,0.0195275395175096,0.0110975299908502,-0.0289800593814889,-0.0245875922944222,0.00235353821181135,0.00672073501725684,-0.00763503104430162,0.01338344171048
2023-11-24,-0.0070043930170743,-0.00111151158427711,0.000204476708637364,-0.0129972376273656,0.0052943520721977,-0.0192953927925476,0.0013694037042265,0.00256761478711427,0.00898683034767503,-0.00954642963009791
2023-11-27,-0.000947664753429677,0.00312645375328941,0.00674655988356985,-0.00204846879771579,0.00267574810354108,0.00975374313345535,-0.0022791487531813,-0.00187811850206907,0.00454961031163831,-0.0104366259900423
2023-11-28,0.00321416621399324,0.0108028765690568,-0.0047383535401506,0.00579124647479227,0.0450694650420338,-0.00872679860901147,0.00228435513834668,0.00205275618996698,0.0119283039650295,0.0128173946145077
2023-11-29,-0.00540974163218647,-0.0100601478753573,-0.00482888839673959,-0.0161078369599434,-0.0104572058134317,0.00667086742189767,0.00508028060375048,-0.00597469092067769,-0.0161372602920517,-0.0200301514735332
2023-11-30,0.00306286381226892,0.000158309672238897,-0.00157197221715789,-0.0182236847953786,-0.0166297926138406,-0.0284588372592008,0.0114049171899149,0.0115975707066853,-0.00249854019987993,-0.0152015473054713
2023-12-01,0.00679140656641364,-0.0116122901940327,0.0064344066326887,-0.00505543812791179,-0.00520659776102313,-0.00010683472936683,0.00486915543738178,0.0034223809363856,-0.00867114068058074,-0.00712231965446382
2023-12-04,-0.00946466386826631,-0.0143387961147275,-0.0148949361326824,-0.0196419468612869,-0.0136080055900975,-0.0268363395408844,0.00733251126428024,-0.00119372716253048,-0.000259133939095391,-0.0147771963450434
2023-12-05,0.0210632642626963,0.00915648275211292,0.0140845663939534,0.0133054952321292,0.0133288028068692,0.0232938074471411,-0.000126591921305268,0.00153671522163385,0.00926750436489174,-0.00540596911330238
2023-12-06,-0.00568699428159934,-0.0099860675220593,-0.0160675417476594,-0.00740516626888308,0.00272282964628533,-0.0228280646500788,-0.0105084597544475,-0.00102304288887246,-0.0108520444173739,-0.0026391814607911
2023-12-07,0.010139249541612,0.0058297908803802,0.0163299234748272,0.0531457168747185,0.0136608778842942,0.0240205776108187,0.00307086078938716,0.00238929144369158,-0.0065810925788457,0.0287918453001612
2023-12-08,0.00741232127291447,0.00884208429763814,0.00367642475613917,-0.0141678625086562,0.00494558585254505,0.0195294731898861,0.0110340101858534,-0.00221327547752419,-0.0104946849021605,0.018861696449879
2023-12-11,-0.0129273445612091,-0.00782929851366709,-0.0103785022269746,-0.012593646863658,-0.016814267168236,-0.0185029049985069,0.00365868909341723,0.00733672797179458,0.00251908378606321,-0.0224492875637383
2023-12-12,0.00792022394119449,0.00829515280016588,0.0108985971933853,-0.00577663989938761,-0.0113873818460635,0.0220902078898316,0.00892532024753742,0.00643628956255984,0.000793415800748355,0.0274839376364505
2023-12-13,0.016691402764805,-2.66999758533171e-05,0.00922159377373806,0.000377192452907421,0.00961984233635876,0.00904402036193932,0.00336391043456277,0.00858293942159681,0.0177720814063724,0.00155584672321415
2023-12-14,0.000757625495157094,-0.0225445026681623,-0.0095404340492079,-0.00475217912172764,0.0491454306305357,0.0054481463714008,0.0181921157713929,-0.0148506062306421,-0.0122038252546902,-0.00469003424412651
2023-12-15,-0.00272563599016175,0.0131172771429564,0.0172975382134768,0.0050022504821616,0.00975899987436719,0.0111685673811257,0.00756124103914914,-0.00745274785116639,0.00374605764582965,0.00525246126396256
2023-12-18,-0.00850335716745188,0.00517870882963821,0.0273388415692698,0.0241327167150953,-0.00560157068617357,0.0242790194833614,0.00605234593995414,0.00716739087854875,0.0145997593447931,0.0289621654445303
2023-12-19,0.00536012854548933,0.00163717630613435,-0.00181744677597596,0.00625932171610692,0.0203903496997467,-0.009445524553365,0.0133548733791168,-0.00321923537365393,0.00361363963360575,0.0166559748404123
2023-12-20,-0.0107139079926412,-0.00707293782078807,-0.0108589520895413,0.0123672538598806,-0.039188250459598,-0.0300985291797956,-0.0112791729691003,-0.020737794802153,-0.0117018914950646,-0.003082723669603
2023-12-21,-0.000769876121875153,0.00787867203559828,0.0113068713904306,0.0150355896819508,0.0297806936494647,0.0182703906430669,0.00570387389625731,0.00659619272089274,0.00709118490654259,0.0137714765800713
2023-12-22,-0.0055474739037131,0.00278420553822509,-0.00273009736703009,0.00762002868151513,-0.00770140162619642,-0.00326584150890802,-0.000597118370470707,0.00569055912393593,0.0119509622848325,-0.00197702982945876
2023-12-26,-0.00284089302819807,0.000213485770129197,-6.51447461561593e-05,0.000211706833337737,0.0161162278198748,0.00919500068981084,0.00591415179353061,0.00411519606584545,-0.00153217881529818,0.00407485333128287
2023-12-27,0.000517823337108122,-0.00157461864549199,-0.000456341324208587,-0.0081258866132979,0.018822405072144,0.00280048021067292,0.00599786816910078,0.00256142208893791,0.00939847291541042,0.00845474620951368
2023-12-28,0.00222635000006651,0.00323461923078488,0.00026091395510949,-0.00099738269244551,-0.0315942843042019,0.00212479079383905,0.00531293831031534,0.000681493810167194,-0.00196347316355824,0.00136945643246244
2023-12-29,-0.00542417060308828,0.00202524177704016,-0.00938846261288236,-0.00385088833740548,-0.0185638560873992,0,-0.00117431926841611,0.00306366918076734,0.000507546413784306,-0.0121679433124346
2024-01-02,-0.0357865984834176,-0.0137486471604615,-0.0132289702075011,-0.0108811103475027,-0.000241458304996889,-0.0273415109613224,0.011640079241742,0.0151027486470971,0.0104029090499156,-0.0216691045679034
2024-01-03,-0.00748757476009658,-0.00072814069161287,-0.00973782115920708,0.00542819675971832,-0.0401336498437724,-0.0124355780385291,-0.00435840163194,0.00234029203348048,6.2758249278125e-05,-0.00525570489887888
2024-01-04,-0.0127000933907971,-0.00717731564843255,-0.0262678915903463,-0.0182122573530943,-0.00218076862703364,0.00901854644120512,0.00663614025934064,-0.00333555514681524,-0.0096672465507515,0.0076929918773641
2024-01-05,-0.00401310949667011,-0.00051651620031638,0.00463442024625781,-0.00483904280373986,-0.00184922958921175,0.0228967199565005,0.00501719089903318,-0.0015059114949901,-0.00665567318987491,0.0139144471890896
2024-01-08,0.0241749107727039,0.0188714476224859,0.0265767038306375,0.022913340808342,0.0124636464129569,0.0642808538419753,-0.00145102629090713,0.00737385756993034,0.00982716913752222,0.0190651162778503
2024-01-09,-0.00226349234360986,0.00293589352705045,0.0152246071143419,0.0151972999519549,-0.0228321493202462,0.0169752308625251,-0.00790594604734298,-0.00183008827797608,0.00669816088353385,-0.00342942756449177
2024-01-10,0.00567144350003863,0.0185740097193324,0.0155909406519035,0.00943603717219445,-0.00434118251325703,0.0227699960122333,0.00210924901961623,0.00333339898771808,0.0124286095296293,0.0364827019885378
2024-01-11,-0.0032224892104102,0.0048595314869566,0.0094321016622668,-0.00140570508653667,-0.0287253191013628,0.00868444765240169,-0.00420999143733574,-0.00647839131142871,-0.00111593073400337,-0.00215945617505874
2024-01-12,0.00177806989532196,0.00998359983599776,-0.00360869690052757,0.00401179076013953,-0.0366605130987739,-0.00204306043142372,-0.00733999182574814,0.00969734871648209,0.00130339785515537,0.0130386455024815
2024-01-16,-0.0123170936388999,0.00463367774727061,-0.00944244923803331,-0.00112153943501608,0.00465989435472233,0.0305613031921298,-0.0062704277424436,-0.00662360925249235,0.00316140899445103,-0.0187721106307211
2024-01-17,-0.00517352465131478,-0.00204998439762246,-0.00946720366657146,-0.00715863799195039,-0.0198262950195304,-0.00583523908179197,-0.00535750280788282,0,-0.00469628236447401,0.00247654110177712
2024-01-18,0.0325707049915192,0.011297437412676,0.0117987819320912,0.0142081178400873,-0.0170262032799173,0.0188037050272327,0.0019749161437534,0.00283384104772751,0.013472395037525,0.0210657931882311
2024-01-19,0.0155329570943139,0.0121867760990923,0.0119869468266514,0.0202119316416227,0.00146308076010033,0.0417460375915576,0.0172620106571102,-0.00548536550793656,-0.00526832924328886,0.0194612833235764
2024-01-22,0.0121634627224906,-0.00541799378184245,-0.00360497986221086,-0.00266424286325701,-0.015976244642271,0.00273999513939176,-0.00117434864192037,-0.00434563645458823,6.15639932867265e-05,-0.00435519957197369
2024-01-23,0.00665323964154882,0.00602756855733721,0.00801140653148697,0.00719198530873616,0.0016283349277812,0.00367119789834782,-0.00658387841627104,0.00470029512469752,0.0025248323420466,0.00895810530237012
2024-01-24,-0.00348402000947885,0.0091751615453023,0.00544796065536994,0.0112895530383676,-0.00626373511722336,0.0248691734459633,0.00893555448695232,-0.0157059289645152,-0.0141278563277121,0.0142782310448242
2024-01-25,-0.00169661692809091,0.00573825736252511,0.0056097718505989,0.0213180754820413,-0.121252931368052,0.00415569790906368,0.0143106740265691,0.00424381067432412,0.0145793805653669,0.00634750888592384
2024-01-26,-0.00901273513631809,-0.00232170985803526,0.00868459662242797,0.00210720604495896,0.00339481520348118,-0.00951031038313041,-0.00381631441487014,0.00354963530844234,0.0087817987210613,0.00244170297371128
2024-01-29,-0.00358591341359077,0.014334184456116,0.013448965908225,0.00867322687468497,0.0419099191038526,0.0234962447159162,0.00261213944982425,0.00606369225284243,0.00468731004845895,0.0174556505748004
2024-01-30,-0.0192457783539541,-0.00275807286761482,-0.014014601164706,-0.0133541284929603,0.00345678357213764,0.00494680736982566,0.0204942978927455,0.00284604099253151,0.00333243809938971,-0.00239381406199925
2024-01-31,-0.0193578009106611,-0.0269463994072598,-0.023899390262629,-0.07500328094787,-0.0224437764703249,-0.0198649999863203,-0.0108355262783394,-0.00684468033598321,-0.00205316422983668,-0.0247963048740124
2024-02-01,0.0133408201472451,0.0155944936616883,0.0262886721087736,0.00756605569971532,0.00838276138875392,0.0243796631652508,-0.00361340577561964,0.0250463038710892,0.0185174152783048,0.0118931022873919
2024-02-02,-0.00540521452378028,0.0184260013838692,0.0786664921856193,0.00864261807525355,-0.00503016491143075,0.0497088012917866,0.00575606211420316,-0.0072154492925826,0.0074862625768784,0.203176388367991
2024-02-05,0.00984650220877398,-0.013545218582152,-0.00873057459586099,0.00913045042712529,-0.0364536531851298,0.0479445060774358,-0.00131619715555675,-0.00825916386469832,-0.005366638596482,-0.0328006297932096
2024-02-06,0.00863190127403388,-0.000394498056897753,-0.00681113075414677,0.00292332443697062,0.0223130928940534,-0.0159956179104153,0.00343836078819019,-0.00166545433023856,0.00681846179101134,-0.0102086227657229
2024-02-07,0.000581101251619913,0.0211103389865151,0.00815846841624786,0.00999292572135664,0.013398139631352,0.0274979283095523,0.00188457295384092,0.00083415010812694,-0.00253224817395442,0.0327012304262284
2024-02-08,-0.00575472998920981,0.000144851170671624,-0.00404622322374498,0.00254230399126849,0.0105554734417921,-0.0065335576488425,-0.00359109476048574,-0.00266706911414723,-5.8950700991402e-05,0.00087318829625379
2024-02-09,0.00409387068817534,0.0155515541508998,0.0271431977729177,0.0211774116185282,0.0211543037416715,0.035783679359923,0.00120140647932086,-0.00451271908032902,-0.000531346950367032,-0.00402128268207624
2024-02-12,-0.00900173927903734,-0.0125787486637477,-0.0120951599155202,-0.00986574968515313,-0.0281035399884824,0.0015941832207977,0.00445684322152474,0.00235050803549421,0.00602536377280652,0.00168769357713266
2024-02-13,-0.0112744742726691,-0.0215287549562456,-0.0214691715612477,-0.0162000844485456,-0.0218465981166117,-0.00166085243285436,-0.00870361526215221,-0.00586265973849508,-0.00681136333958139,-0.0187246560583846
2024-02-14,-0.00480977102224363,0.00966550004771047,0.0138756899096303,0.00551191635633315,0.0254863728535836,0.0245675118413142,0.0101572719122171,-0.00101080813916455,-0.00319276247262883,0.0286011323065344
2024-02-15,-0.00157463315487435,-0.00715532588627558,-0.00690134931142087,-0.0217211335154219,0.0622118055041768,-0.0168068251179729,0.021814606607887,0.00185512571911988,0.00409265789683685,0.0227139293148478
2024-02-16,-0.00843052199525846,-0.00614910510975266,-0.00170794192997522,-0.0157597977042331,-0.00249438766581326,-0.000619239608641604,-0.00467025763766524,-0.000168292150813332,0.00632053973396667,-0.0221267384655082
2024-02-20,-0.00411381243690796,-0.00314315315308321,-0.0143353946936916,0.00426971579423402,-0.0309577521174372,-0.0435321640107347,0.00390989066754407,0.0220574786491948,0.0322844789128707,-0.00331713192713599
2024-02-21,0.00418601550756837,-0.00151448911513385,0.00903755380828188,0.0101334110718817,0.00521268473502855,-0.0285086747922076,0.00651001049258281,0.00889627917409195,-0.0122824423882585,-0.00683274846639512
2024-02-22,0.0112439544647584,0.0235467450923835,0.0355300173395741,0.0108032127950577,0.0135544454060542,0.16400873560758,0.0119955589287189,-0.00146971597981684,0.00984460185611945,0.0386727035887036
2024-02-23,-0.0100340741111909,-0.00318230153483262,0.0023485144793719,-0.000902123979317695,-0.0275568732105249,0.00355225233228639,0.00502529132725723,0.000817776864725251,0.00085506233496345,-0.00431977158577072
2024-02-26,-0.00745131098986463,-0.0068235765318435,-0.00148585494864252,-0.0443874071225813,0.0387039257620201,0.00348921820340208,-0.0034240216156673,-0.00800655379863027,0.0184551791802507,-0.00473122237652129
2024-02-27,0.00811445262462717,-0.00014727351261137,-0.00681052177933774,0.00952237912304952,0.0016549741281653,-0.00494364671278577,0.000490789317783091,-0.00609471392363209,-0.000167796294513876,0.0110225813964828
2024-02-28,-0.00662555285658663,0.000588952692308169,-0.00218963719445049,-0.0180010459695996,0.0115656016022009,-0.0131892574740385,0.00506949380077241,0.000994492228782746,0.000503473364506579,-0.0062211328042277
2024-02-29,-0.00369316310754283,0.0145199114134623,0.0207899674785855,0.0152514486095448,-0.000791865019983664,0.0186576743973913,0.00911152600783519,-0.00629143383890025,-0.0169405635593411,0.0126234084141378
2024-03-01,-0.00603043003210729,0.0044965778260562,0.00825982552183522,-0.00953361722326472,0.0037645853400746,0.0400317650390624,-0.00413839459942802,-0.00816403181378325,0.00255919271919372,0.0248301854223427
2024-03-04,-0.0253811104688982,-0.00139589802263262,-0.00359106377098187,-0.0276357279817747,-0.071555468040239,0.0359506564383738,0.00750186534447583,0.00470365818098639,0.00918986773207233,-0.00818235221785867
2024-03-05,-0.0284408154478846,-0.029572002568075,-0.0194842137526203,-0.00509957267239631,-0.0393323797198395,0.00857669124941401,0.0100169693966429,-0.00484884352676147,0.0124790869446805,-0.0159978822635133
2024-03-06,-0.00587838857916062,-0.0013908100951278,-0.00350333463966312,-0.00957257170848049,-0.0232378669878366,0.0318272648744486,0.00519770584600066,0.000504130620827872,0.00882725045033374,0.0119742446376182
2024-03-07,-0.000709428488524912,0.0175334481253504,0.0190767847511666,0.0226787997433509,0.0119519694720456,0.0447462074095724,-0.00875839167288489,-0.00184723037776498,-0.00346690572101251,0.0324537858067842
2024-03-08,0.0102366164080505,-0.00713698502010784,-0.00831354575168409,0.00766497499123494,-0.0185278347141223,-0.055476899891236,0.00186278769586719,0.00134583985282063,-0.00397634044184028,-0.0121829565790274
2024-03-11,0.0118315653490392,-0.00418496150741605,-0.0193327588916521,0.0166900225711881,0.0138588341811484,-0.0200393838812141,0.00037208485227175,0.0120969589921622,0.00898224030652994,-0.0441942153937707
2024-03-12,0.00277835218785355,0.0265995216827604,0.0199464558145102,0.00602879872263142,-0.00129386837374124,0.0715720154676995,0.00823188480335159,0.00431599237054047,0.0123639750401097,0.0334168325128676
2024-03-13,-0.0121224015727076,-0.00043351127192924,0.00667083740816212,0.00931403211012418,-0.0453982080848909,-0.0111519075657592,0.00811215255625766,0.0102480150215569,-0.00211693159409364,-0.00836415641643191
2024-03-14,0.0109273603658916,0.0243796476644925,0.0124037294499804,0.0236786002124784,-0.0411847763954411,-0.0323915800032889,-0.0178181756443875,-0.00222648292311341,-0.000851405534625335,-0.00754696901538448
2024-03-15,-0.00219652465102237,-0.0206951435759793,-0.0242237864674406,-0.0134172253055943,0.00658466045673234,-0.00121680899371051,0.0123956276744485,-0.0102478587220081,-0.00557204714823779,-0.0157167236038102
2024-03-18,0.00637224989445508,0.00216132490422147,0.000343983254350751,0.0460403928326299,0.0625420020142305,0.00703591756706013,0.0124015434824838,0.00417499116925426,0.00296642890684142,0.0266060202677749
2024-03-19,0.0135850742339595,0.00980054610828171,0.00813845829731915,-0.00440138680823977,-0.0142692501955852,0.0106608853145592,0.00586526507450323,0.00166305323513208,0.000164338998870032,-0.00148901442637875
2024-03-20,0.01470918861913,0.0090649873356807,0.0127913591703938,0.0116303927341163,0.0253326882579258,0.0108950091452063,0.0131070319943292,0.00863363881347737,0.00624277106980725,0.0187006275113471
2024-03-21,-0.0408574428596636,0.00973592144689921,0,-0.00766442006139759,-0.0161675753084514,0.011762451159069,0.0139050601734068,-0.00460910447832304,0.00326528122251175,0.00443117272015298
2024-03-22,0.00531024705798539,-0.00146735434272896,0.00404154502032917,0.0214770527822026,-0.0115149022614648,0.0312134526174779,-0.0122573818139609,0.000330727221420287,-0.00943850252169171,0.00358431606889216
2024-03-25,-0.00830050635841858,-0.0137146616949163,0.00469621300167553,-0.00464281763795394,0.0105368087131272,0.00756172147379939,-0.0091547832511217,-0.00148788001060241,-0.00492859415421864,-0.0128733806916764
2024-03-26,-0.00667222850936074,-0.00286147353796404,-0.00784599415409279,0.00399800335623717,0.0291953492647721,-0.0256940702091824,0.00467086285631593,0.00231797313291751,-0.000990626752258116,-0.0141743072403446
2024-03-27,0.0212123073444637,-0.000521687433610184,0.00858103619242705,0.00132732695507433,0.0121573911429665,-0.0249674067284844,0.0193633910163849,0.00809374603110375,0.00347050335329254,-0.00409379235477875
2024-03-28,-0.0105590929036521,-0.00168477043697658,0.00305846102517254,0.000397802815029853,-0.022465709302041,0.00117463820119993,0.00390958289267363,0.00245779272726532,-0.0090579503870909,-0.0167658362380572
2024-04-01,-0.00845578219441953,0.0091509257202515,0.00327085221155376,0.0302127352904824,-0.00324246024915778,7.73837990593031e-05,-0.00678987851901022,-0.00817262160278392,-0.00282528418581265,0.0118826967517888
2024-04-02,-0.00699872167647504,-0.00737213491664316,-0.00154721101513141,-0.00598110434483674,-0.0490240627670768,-0.0100815009673489,-0.000402233967745864,-0.00873423845825339,-0.0140000095808887,0.0122520958453082
2024-04-03,0.00479749581041639,-0.00234894700296896,0.00951907243047812,0.0023291363621334,0.0105023102005593,-0.00545548071394489,-0.00281596982800013,-0.00532005398019113,0.00456393520806008,0.0188390425886095
2024-04-04,-0.00489239792301808,-0.00611259160559682,-0.0132120147674205,-0.0283372388131733,0.016213301154374,-0.0343847993902567,-0.00760855709863889,-0.00885845853842392,0.00117785707133845,0.00824878066599697
2024-04-05,0.00450182168816832,0.0182827530987852,0.0281667073567723,0.0130871326385512,-0.0362924825651148,0.0244806356354986,0.00920007504451447,0.0035411854335064,0.00588235678116128,0.0321380978363053
2024-04-08,-0.00666354076738196,-0.00218559243543617,0.000648376897596229,0.0154097201309642,0.048999406489531,-0.00994232014530957,0.00521645513947891,-0.00403281713121125,-0.00116959140231568,-0.0153411739612546
2024-04-09,0.0072426118667955,0.00398039882367321,0.00259190950489282,0.0113013721427068,0.0225460125540522,-0.0204172241265615,-0.00670078812527152,0.00759232769602001,0.000167243007468135,-0.00452553586286666
2024-04-10,-0.0111392740495938,-0.00708473220801328,0.00150804536036141,-0.00293747500935932,-0.0289462360619458,0.0197415231091346,-0.00852132439522543,-0.0133959008745023,0.0138818367825284,0.00566820527737768
2024-04-11,0.0432708262056407,0.0110335326711984,0.0166711812551354,0.0209429386998195,0.0165347676263868,0.0410965679806241,-0.000204958388990814,0.00220645010669091,-0.00874284938079178,0.00640573497293188
2024-04-12,0.00862669943594847,-0.0140910809635447,-0.0154456393642405,-0.0105392503641855,-0.0203322046257735,-0.026816409915658,-0.0646777900048793,-0.0130397722675381,0.000831965684565688,-0.0215228240173949
2024-04-15,-0.0218635376094832,-0.0195780148318486,-0.0134852506300867,-0.0181953123293062,-0.0559485948756354,-0.0247772362458279,0.000547247553586961,-0.00240215414006087,-0.00349179036909101,-0.0227974324830413
2024-04-16,-0.0191673139198713,0.00227226027384531,-0.00163374251686234,-0.00297057943138385,-0.0270621453604717,0.0164417314046192,-0.0114277288470124,-0.0013760634433902,-0.00150180862556184,-0.000939546128646967
2024-04-17,-0.00814754042475454,-0.00660894394718867,-0.0111281282097816,0.00693008199037738,-0.0105658688540583,-0.0386662657986941,-0.00398237661061319,0.00775055597966165,-0.00317508040906041,-0.0111854623204029
2024-04-18,-0.00571418149203377,-0.0183809236973928,-0.0113636229725595,0.00347330491211749,-0.0355098384099609,0.00756834079115934,0.00649713750820607,0.00683646583571853,-0.00653819015676385,0.0154400366015122
2024-04-19,-0.0122123966080519,-0.0127390736795263,-0.0256109603092715,-0.0123068381513277,-0.0192088959161818,-0.100045995713437,0.0251035932207095,0.0213885253710527,0.00455623387164148,-0.041311202744801
2024-04-22,0.00509065112293431,0.00461016677559036,0.0148885688142297,0.0142126387439367,-0.0340020394167562,0.0435432914531032,0.0194294770800304,0.00631554854754766,0.0102468855563255,0.00137196436134432
2024-04-23,0.00639182936230731,0.0164854926304723,0.0130338972763123,0.0126694081479689,0.0185145340902577,0.0365326075385015,0.0144130083758616,0.00148640561513241,-0.0174592747706729,0.0298299928863924
2024-04-24,0.0127021899544904,0.00365579398795832,-0.0164308625295569,0.00549728834531366,0.120611094072526,-0.0333159255291733,0.00489233435934754,0.0150065307823416,0.0132003070242415,-0.00524096710220602
2024-04-25,0.00514731035224495,-0.0244951824621136,-0.0165354676340715,-0.0196693362642004,0.0496514374300276,0.0370872129110866,0.001501922654548,0.00308694161465012,0.00567888216056732,-0.105612884403769
2024-04-26,-0.00347287899747536,0.0182437895832459,0.0342603616685416,0.102243512996102,-0.0111058847748849,0.0617557945017089,0.000620733938449146,0,-0.000830372165037011,0.00432735980697388
2024-04-29,0.0248081454608417,-0.0100167573830766,0.00746025850743802,-0.0337309160561457,0.153069171033995,0.000250658206177234,-0.00108536499633294,0.00485905691452861,0.00132981582402757,-0.0240700485517254
2024-04-30,-0.0182710269632902,-0.0321193503828026,-0.032935491228683,-0.0202827951950248,-0.0555011806394478,-0.0154402772293072,-0.00796777300777068,-0.00435212107656835,-0.0147743198750062,-0.00566321892226061
2024-05-01,-0.00604705881502243,0.0144094019497294,0.0228571428571429,0.00663475135679171,-0.0179506400482616,-0.0388997049149365,0.000625928228274637,0.0025903297130741,-0.00842463418034006,0.0209685630693249
2024-05-02,0.0220319287207583,0.00734283228081437,0.0319553140821397,0.0168437739450177,0.000111056242357567,0.0334293335137452,-0.0010424235861452,0.000968855861231106,0.0146135579682342,0.00566943683496276
2024-05-03,0.0598161998692924,0.0221698865978686,0.00806629213575915,0.00372092628147038,0.0065552356567912,0.03463180244199,-0.00600023167109082,0.00290368949467478,0.00184222009378149,0.0232747511558904
2024-05-06,-0.00910676794962781,0.0169182413898192,0.013371946429287,0.0051424064824877,0.0197030300641697,0.0377412230608509,0.00782104646404727,0.0028952179111632,0.000835850689913077,0.030356736293408
2024-05-07,0.00379725833405938,-0.010156274878643,0.000317952090960883,0.0187387364630454,-0.0376163517800107,-0.0172129208166204,-0.00130212070496869,0.00433041852577114,0.0125270298999951,0.0054972339798161
2024-05-08,0.0018640113361871,0.00293153417712272,-0.00402624776940471,-0.0109196425635642,-0.0173780798623134,-0.00156814752910825,0.0203390060060825,0.0036729386734515,-0.00527870755761479,0.00931153306033686
2024-05-09,0.0100142913247973,0.00433580371849983,0.00797872340425532,0.00342413525779847,-0.0157394687545031,-0.0184156463636644,0.00945583502639489,0.000477336879289606,0.00579123980532829,0.00596698328144376
2024-05-10,-0.00689027820313188,0.00586924053530367,-0.0106596531528285,-0.00770765931219041,-0.0203523868997836,0.0127438476642125,0.0064303195500022,0.00604323341817389,0.000661690030115152,0.00164067579390082
2024-05-13,0.017645478573452,-0.00245943857649509,-0.0048537893325028,0.00290547977133454,0.0203003391948971,0.00579702882844901,-0.000201316660352084,0.00505863618274959,-0.00115738385169265,-0.0171987168908326
2024-05-14,0.0061735859934063,0.00686459539705535,0.00267995915941144,0.00709466481169846,0.0329280567933429,0.0105864041395164,0.0139887075824159,-0.00754957332122922,-0.00910442300508524,0.00820496344895344
2024-05-15,0.0122178410916873,0.0174839167603559,-0.00577324952568801,0.0127391946435932,-0.0200506758513331,0.0358377417852724,0.00297766835177375,0.000475382007717066,-0.000501205356528701,0.0205361957818614
2024-05-16,0.000632513991050362,-0.00494007293028294,-0.0126888571463522,0.00968051197990775,0.00488528546405721,-0.00286383363613387,0.00178120287998015,0.00300974613840923,0.0698646720365862,-0.0172571288612836
2024-05-17,0.000158109541238524,-0.00185262328842103,0.00582689123225173,0.0107935468194215,0.0149851889204609,-0.0199240125563889,0.0114584531745195,-0.00457992149430581,0.00999844952464933,-0.00278938743170785
2024-05-20,0.00616205787854007,0.0122081556901438,-0.00628047472266089,0.00488478974344603,-0.0141440869529104,0.0248814198663251,-0.0449728811700924,-0.00729828387037887,-0.00726993744000341,-0.00650541799416504
2024-05-21,0.0068571804804484,0.00869890807702458,-0.00212487416320763,0.00525653706142117,0.0665905079079287,0.00639382430183123,0.0201452297376546,0.0054339843287019,0.0151137012045808,-0.00897969601179027
2024-05-22,-0.00753834966917089,0.003449512606486,-0.000109140127426457,-0.00826546011889006,-0.0347803069714997,-0.00457088110739509,-0.00606457632491491,0.00143064483878172,0.00153487117515089,0.00677959248314257
2024-05-23,-0.0210580817775138,-0.00817611273845439,-0.0113580613531082,-0.0160447678199207,-0.0353672483238105,0.0931963581144043,-0.00700916706232812,-0.0144444462147595,-0.00628348195615341,-0.00427542002626845
2024-05-24,0.0165880684655961,0.00740050183697886,-0.00165701765645509,0.00829729782439558,0.0316564972148364,0.0257227332578163,0.019246375869928,-0.00144953880338858,0.00832831282506526,0.0267079051407876
2024-05-28,5.26913247514049e-05,0.000372030925017384,0.00774547107321718,0.00805757763797132,-0.0138920186166752,0.0698044047643241,-0.00602861961163456,-0.00290322127330623,-0.00520034513458908,0.00355485725429704
2024-05-29,0.00157903775980074,-0.00267239384098874,-0.000713640562057248,-0.0028346944553161,-0.00316830301891941,0.00811225645153074,-0.00696743721833266,-0.00194109468985485,-0.00184526967980217,-0.0115853775546103
2024-05-30,0.00525521497299296,-0.0337862438956893,-0.01483351766216,-0.0215461279541355,0.014756744473011,-0.0376659936698754,0.00615825641507556,0.00437603854209294,-0.000462080813699616,-0.0154101180530132
2024-05-31,0.00501850055103778,0.00110930098001431,-0.0160607002296505,0.00226603501350136,-0.00397109168152242,-0.00784612121936501,0.0165554896006664,0.0154913633506377,0.0134073736140706,-0.000471137039422957
2024-06-03,0.00925871344690148,-0.00387847480384691,0.0107684984708384,0.00388404118302077,-0.010051710054564,0.048954188929231,-0.0039973823323378,0,0.000912474280374132,0.0228348107912032
2024-06-04,0.00164934283451715,0.00616681693453869,0.0056072671331974,0.00358018593015041,-0.00862209468239613,0.012495757717602,-0.0131802554622916,0.0160495707356157,0.0118504106625115,-0.00104716754294943
2024-06-05,0.00782084521207889,0.0190832450868476,0.0108174555649643,0.00932176997129311,0.00131599085607648,0.0515557089885952,-0.00954004022106689,-0.000312841581783734,0.00735732405656122,0.0378835133258672
2024-06-06,-0.00709647182214782,0.00120282062128904,0.020520748266509,0.00752510341239232,0.0168000139508914,-0.0117772940508661,-0.00177418233562539,0.00359830153383641,0.00089426994513358,-0.00262589565817773
2024-06-07,0.0123919708245591,-0.00157820343749867,-0.00378376728779453,-0.0128444312317125,-0.00258517875438641,-0.000909007119327349,0.0154383969961951,-0.00374124632853962,-0.0189127623043348,-0.00162020937009584
2024-06-10,-0.0191477836367202,0.00948426157842595,0.0149755532345862,0.00430391030159266,-0.020791089307162,0.00746147364719991,-0.00170034086013389,-0.00500693543925625,0.0163933270403353,0.0195553309846799
2024-06-11,0.0726490959321421,0.0112419168496893,0.000908789538991362,0.00919954905359245,-0.0180101832380573,-0.0071439768014227,-0.0263012468455998,-0.000629126869267558,-0.00343476739795415,0.00968953304439827
2024-06-12,0.0285784337886753,0.0193676137972064,-0.0018159287809084,0.00662431605578747,0.0388491121630981,0.035480851878293,-0.0145606863099124,-0.0105429294006207,-0.00629412450542646,0.00269966401196973
2024-06-13,0.00549110607235059,0.00117890424108097,-0.0163732546877118,-0.0147928193664689,0.0292177118322174,0.0352235689722111,0.0111209809943757,0.0017493788865282,0.00588136333871209,-0.00931521285477119
2024-06-14,-0.0081683512795139,0.00224205054080189,-0.000924757478391518,0.0093057243070477,-0.0244424107197353,0.017514309546002,0.000619559029660168,0.000719959429855279,0.00479775317935193,0.00111197929940413
2024-06-17,0.0196713624196492,0.0131053391956989,0.00217790421708199,0.00254556504937705,0.0529745981999222,-0.00682448159786539,0.00619265303467287,0.00111906746628446,0.00596829591862141,0.00489925775402415
2024-06-18,-0.0109844034784317,-0.00452767181891579,-0.0067912638084333,-0.0121306370158075,-0.0137644141989409,0.0351199087483946,0.0103600870103085,0.000159760792729346,0.00267002292134157,-0.0140931248664491
2024-06-20,-0.0215128838208712,-0.00143376299100774,0.017996874289479,0.00691083851009758,-0.0177972155970487,-0.0354034252952998,0.00847717165780101,-0.0071850974305647,0.00606504662588272,0.0044244690538903
2024-06-21,-0.010444462012161,0.00915407413863745,0.0160128728092648,0.0188883146623544,0.007930754665035,-0.0321915198691946,-0.0119294129968717,0.0094885495826142,-0.00147032575962383,-0.013793083212923
2024-06-24,0.00313279437581124,-0.00469103604050592,-0.0185635417434162,-0.00228246203396741,-0.00234955843225782,-0.0668405588817125,0.0131431896822799,0.0191174845509946,0.0145780807142008,0.00834712961855381
2024-06-25,0.00446809269844355,0.00732673873416617,0.0041493182264454,0.0268384384347326,0.0261255571509676,0.0675640045520619,-0.00407283521148853,-0.0020321882829392,-0.0214805620570475,0.023430993360745
2024-06-26,0.019993296783121,0.0026832688539912,0.0390147279990189,-0.000815083920826251,0.0481451226037763,0.00245880775155022,-0.00323117120842253,0.00328942646726465,0.0129043644247711,0.0049354271800449
2024-06-27,0.00398592617189118,0.00152591956371498,0.0218997235669514,0.00832078844075431,0.00534706461203697,-0.0190664919367381,0.00881322375775538,-0.00218578181245906,-0.00600387902141744,0.0125505092402449
2024-06-28,-0.0162541611984188,-0.0130285888980648,-0.0232499669527897,-0.0175826341701648,0.00233009177455939,-0.00362937616749514,0.0155143781937182,-0.00406819237491724,-0.00250435230862087,-0.0295248106109578
2024-07-01,0.0291045864146337,0.0218817198087713,0.0204398289689107,0.00461152921956733,0.060541719385113,0.00615190921224383,0.0157717711219299,-0.00581317724031268,-0.00339672111054889,0.000912331899046218
2024-07-02,0.0162398880242601,0.00558305101595604,0.0141987986566395,0.0122957438158708,0.101972714353592,-0.0131134374109655,0.0164517967419328,-0.00205422144805574,0.00874313542091261,0.00955051792966704
2024-07-03,0.00581110025350082,0.00324420900644714,-0.012050018310545,0.00313102642947405,0.0654242205405085,0.0457323682263361,-0.000670399703356255,0.002850360460599,0.00249747579802739,0.000902877361806795
2024-07-05,0.0216203156717291,0.0147362307532083,0.012196992290985,0.0257239204706357,0.0208206700577171,-0.0190988462830496,-0.0132505094919763,0.00678973958279363,0.026377455830725,0.058730068619325
2024-07-08,0.00653897911189515,-0.00282318401865053,-0.00355003356933494,-0.00823720864682291,0.0056456669243961,0.0188347706468313,0.00185547917332449,-0.0125470986412194,-0.00513984701157299,-0.0196142628281228
2024-07-09,0.00377474709984404,-0.0143702281480035,0.000250905983453924,-0.000264616462214644,0.0371233653839915,0.0248053165238559,0.0119902670467705,-0.00428841230722566,0.00315736882154117,0.00128471672615995
2024-07-10,0.018803566734867,0.0146015497942519,0.00225743431578703,0.0116414897353293,0.00354524164587938,0.0268686100880098,0.00081868674879,0.00223332753091393,0.0072960510198614,0.00884897069264513
2024-07-11,-0.0232207661406747,-0.024772017107033,-0.0237248630745311,-0.0293439395713907,-0.0844412753996284,-0.0556667021209165,-0.00168430877483541,0.00429722133692418,-0.00866352227880715,-0.0411266159937019
2024-07-12,0.0130508539168184,-0.00252924202258601,-0.00287104614115492,-0.00269434347695076,0.029871787680814,0.0144426801991999,-0.0120993549050245,0.00950875204614252,-0.00802298047435944,-0.0269748625096282
2024-07-15,0.0167432649790239,0.000903934998515291,-0.00910074668347524,0.00788881099295402,0.0177657967933476,-0.00618998966485053,0.0249340829938373,-0.00455257280907891,0.00534379873372263,-0.00543230793016654
2024-07-16,0.00179194845989817,-0.00978059429362653,0.00155667834089737,-0.0139924250331943,0.0155161422514894,-0.0161945598230674,0.0169959240371179,0.0135624729902243,0.00545885826953359,-0.0128385899172292
2024-07-17,-0.0252960207472177,-0.0133475571496795,-0.026370383815219,-0.0157677403894662,-0.0314156440415198,-0.0662393037196707,0.0152139054838081,0.0146258338092182,0.0148593744953487,-0.0567590044316963
2024-07-18,-0.0205347603498662,-0.00710218694161635,-0.0222422861634032,-0.0183957260290326,0.00293760856152517,0.0262734556008019,-0.0317701318426129,-0.000306708678017582,-0.00295643686035711,0.0300007275446277
2024-07-19,0.000579870946817585,-0.00740296167632833,-0.00337412308673748,-0.000168902411075109,-0.0402439471622105,-0.0260962092109021,-0.000952395023368174,0.00153395276936385,-0.00098851041111472,0.00197527633825286
2024-07-22,-0.00156037061715318,0.0133376072775928,-0.0031671589340323,0.0225713538617148,0.0514632011523714,0.0475705030752985,0.00238336996456733,-0.00796453275510144,-0.00522974724438441,0.0222529048928484
2024-07-23,0.0046884275360365,0.00431216941931443,0.0211448948004486,0.000660385490196757,-0.0203967624987745,-0.00768980928667473,0.000237777790928036,0.00293358801108468,0.00383642769381994,0.00264677538255366
2024-07-24,-0.0287543623750135,-0.0358547576282004,-0.029934025650085,-0.0503877109205766,-0.123346045894035,-0.0680316628066534,-0.00827270005985515,0.0130849163501655,-0.000707746576101375,-0.0561091695764597
2024-07-25,-0.00480470498867971,-0.0244812215731074,-0.00541943105466864,-0.0309912593617427,0.0197231093962393,-0.0172429308372704,0.00038360232556384,0.00395073979960861,-0.00821530207883206,-0.0170398826133298
2024-07-26,0.00216112335144935,0.0164194666227461,0.0147344665362911,-0.00167379007347083,-0.00204311894775023,0.00694689026527387,0.0171082464458677,0.014832682543279,-0.00342772749947753,0.0271056461134056
2024-07-29,0.00128476288572898,0.00343325420714638,0.00383559971639446,0.0151496399044672,0.0559599767105627,-0.0130019195068215,-0.00654903002189964,-0.00328097378655565,-0.00229282658245555,2.15339253804177e-05
2024-07-30,0.00256580602672719,-0.00892824590725515,-0.00813313460259475,0.00448300336569709,-0.040844509853653,-0.0704363441314173,0.0205831652849392,0.0127187814140679,-0.00617640328171692,-0.0054110889293765
2024-07-31,0.0149909759679853,-0.0108058933816786,0.0290021948101653,0.00734035378012845,0.0424490720254327,0.128120961728393,-0.0111064453608147,-0.0138890409634777,-0.00794904377070464,0.0251298755513383
2024-08-01,-0.0167507966225081,-0.00296415269423035,-0.0155631001701398,-0.00454684432162139,-0.0655405965175737,-0.0667406451639874,-0.0227442481855905,0.0182800290436439,0.016754059207977,0.048248968581505
2024-08-02,0.00686942176369482,-0.0206658590353933,-0.0878470841762575,-0.0240104061111958,-0.0423775819217087,-0.0177639486145339,-0.0424120766796607,0.0201590427139742,-0.0190571153285984,-0.0192871424533953
2024-08-05,-0.0481670267712024,-0.0326569488212814,-0.0409767115790651,-0.044461892111948,-0.0423267364743853,-0.0635779166730085,-0.0212915166386012,-0.0177413107665924,-0.0127082137271378,-0.0254229818267253
2024-08-06,-0.0097482905828061,0.0112868792572546,0.00565139969677441,-0.00602821497963424,0.00884952968435958,0.0378298808051225,0.0279117807994262,-0.000734114735323858,0.00221936518390303,0.0385932643803053
2024-08-07,0.0124983731293938,-0.00295292365835945,0.0051874985158672,0.00410651363797853,-0.0442583976765611,-0.0512230888351524,0.0002993331112965,0.00602488924569038,-0.0122526756943696,-0.0104636749762748
2024-08-08,0.0166332093144318,0.0106920832037249,0.0186152159474365,0.0194412248021886,0.0369211620456247,0.0612677808914994,0.0182636000805014,0.0039438856445428,0.0112089059425639,0.0423586931752002
2024-08-09,0.0137360371782553,0.00826932716444743,0.00687575011257453,0.0101215496441524,0.00583385477506144,-0.0020957276807613,0.00852696589004929,-0.00072738562834904,0.00428596747543484,0.0159723987398562
2024-08-12,0.00712997355779082,0.00194568757975564,-0.000838620987184428,-0.00843138764534185,-0.01254997253418,0.0407637206252778,0.00189496373062198,-0.00742580144624645,0.0110375811632083,-0.00351496971726599
2024-08-13,0.0171929530243991,0.0176987375803271,0.0205635048742575,0.0115224650950794,0.0523570613716394,0.0653090166408361,0.00848730261340789,0.00425405426192651,-0.00829680727073723,0.0244013953028897
2024-08-14,0.00203366310077972,0.00688389347630036,-0.000763611744613244,-0.023087219622993,-0.0310349655555804,0.0167040511917943,0.0110608636804021,0.0017528897947939,0.00777921669007913,-0.00336768323817481
2024-08-15,0.0135305844201104,0.0118236793528979,0.0440328628196338,0.00579906569862659,0.063362767888805,0.0404810204493655,0.00623103829490521,0.00102084601015543,0.0658317746429712,0.0200659511095491
2024-08-16,0.0059184729227159,-0.00608023921156181,-0.00298439546272972,0.0102914950234515,0.00924626755012365,0.0139996497400617,0.0114392067145217,0.00772015326556378,0.0065501183280279,-0.0184429901912112
2024-08-19,-0.000707785635192342,0.00731229513252258,0.00655147225857794,0.0227662018264199,0.0305386186036893,0.0435061613908733,0.00691691990287646,-0.00289096204338049,0.00367624300345659,0.00352671375774137
2024-08-20,0.002744688425815,0.00775749260565078,0.0037033085938073,0.00305989951300456,-0.00727368493313581,-0.0211538585738536,-0.0043163933187242,0.00579857235699167,0.0111232043708299,-0.00481790687643524
2024-08-21,-0.00048556780071573,-0.00155368446054577,0.00687609399578112,-0.00795544209708621,0.00981455499340437,0.00982318860330334,0.000372778096091587,0.00273860647252965,0.00939076629535335,0.0160043019712749
2024-08-22,-0.00825981603636723,-0.0202527674188887,-0.0220975832216573,-0.0123605259653943,-0.0564787045686789,-0.0370427546573178,0.00945966364286995,-0.00344961554620041,0.0045190406369961,-0.00603555407935953
2024-08-23,0.0102881446644478,0.00298403179302029,0.00516657229372408,0.0111110579480043,0.0458558981020635,0.0454984609772404,0.0077550712120358,0.00663474590004766,0.00158750991363817,-0.00738820658935775
2024-08-26,0.00149886574518131,-0.0079177182511618,-0.00869856159361724,0.0032605103208963,-0.0322712435275525,-0.0224934877242585,0.00393934519296666,0.0150452643548158,0.00435942106072458,-0.0130300697133357
2024-08-27,0.00374159007606195,0.000846513201147969,-0.0135612813835441,-0.00890720580093693,-0.0187608455233909,0.0145500973728429,0.004608142947065,0.00931676529575665,0.00131534887763402,-0.00387642610344305
2024-08-28,-0.00675357831613011,-0.00782912643030746,-0.0134010636025004,-0.0111122474917634,-0.0165384379467048,-0.0209664933979575,0.00504139305120676,0.0034964746610913,-0.000656861203241095,-0.00446918238562697
2024-08-29,0.0145702199455025,0.00613746271236675,0.00772829064312135,-0.00657069668012421,0.00257593574384928,-0.0638484950182902,0.00415750452660281,0.00418106146187002,0.0044689427050174,0.00278631373517605
2024-08-30,-0.00343788395050967,0.00973087685211296,0.0370671918650018,0.00989012565197018,0.0379581242844221,0.0151373846386895,0.0116556912793147,0.00582953442025338,0.01059929680122,0.00596275629679253
2024-09-03,-0.0272052554953293,-0.0184590736542191,-0.0126050420168067,-0.0368468230356603,-0.0163934169204159,-0.0952501222715445,-0.0200178271875284,0.00745131460704117,-0.00077694664466582,-0.0183192216228016
2024-09-04,-0.00861862009691341,-0.00131893959096713,-0.0165673654975603,-0.00578274533869647,0.0418328456945184,-0.0165741100582967,-0.00440315031551514,-0.00616368454202426,0.00090709253734348,0.00191487558821824
2024-09-05,0.00692765897786113,-0.00124721381584965,0.0263081838713511,0.00504953917356228,0.04904058305111,0.00941538748994107,-0.00775079251600006,-0.0191564654059105,-0.00362488198145768,0.00803531269438729
2024-09-06,-0.00701502183953795,-0.0163814481483201,-0.0365394346073524,-0.040193355465558,-0.0844593239607927,-0.0408544165308014,-0.0237559453903303,-0.000421535881939561,-0.00415805170392026,-0.0320976407098711
2024-09-09,0.000407589313007047,0.0100075184167376,0.023396899008789,-0.013335980755281,0.0262896059281702,0.0353982340296989,0.0204744799474971,0.00998033235067955,0.00913365361555453,0.00903511000862161
2024-09-10,-0.00362140868744373,0.0209011193505979,0.0236602582650215,-0.000336226241253186,0.0457760840657857,0.0153094087753001,-0.0518888015654277,-0.00417546397556134,0.0190069687993535,0
2024-09-11,0.0115851731108612,0.0213423449431903,0.027680318219044,0.0168168631330238,0.00866607741846864,0.0814986704625224,0.00812413435201575,-0.00656865470316677,0.000380440201833491,0.0139463186174518
2024-09-12,0.000493963689217209,0.00936074354051282,0.0134402540110343,0.0233527538581674,0.00736418989095719,0.0191617574926701,-0.00304001906509688,0.00211012372860624,0.0104010433648516,0.0269035185958238
2024-09-13,-0.0012120645513325,0.00840734848895278,-0.00272724335206414,0.0179067358006452,0.00208866338557191,-0.000335862110888261,-0.0110358740415908,0.0094002194615091,0.0118000797919482,-0.00186445351743751
2024-09-16,-0.0277751891783013,0.00174202186967063,-0.0085795809769261,0.00381070230547842,-0.015241628421409,-0.0194794342702143,0.0173257327943343,0.00966222230004644,-0.00049640335037357,0.0174769007013689
2024-09-17,0.0021727137372812,0.00883289373578255,0.0107631862173904,0.00797153240524854,0.00480640419683488,-0.0101900179114947,0.00668718165048891,-0.00416075444600681,-0.0243296160770824,0.00570059549971001
2024-09-18,0.0179896592456542,-0.00997365216098687,-0.00240802758600732,0.00307564147628363,-0.00294026499013817,-0.0192057985031256,-0.00821981850773067,-0.000696503407400218,0.00547081959465556,0.00303928551597372
2024-09-19,0.0370656407738139,0.0182911678843354,0.0184519797058057,0.0145797949482801,0.0735915556570714,0.0396930340381932,0.0142147116240208,-0.0157490363596766,-0.0125268064926536,0.0393158117217848
2024-09-20,-0.002927455042801,-0.00779601812736908,0.00911155543697264,0.00894283009939061,-0.0232453190042164,-0.0158649530359904,0.00289828245882543,0.0144435520301259,0.0130701097455167,0.0040243792839658
2024-09-23,-0.00758104408510778,-0.00404340467668391,0.0118997844815526,-0.0106363527455094,0.0493179433368311,0.0022414415756304,0.00165798297090943,0.00125637355776093,0.0160635860901186,0.00545101720264442
2024-09-24,0.00397400380154252,-0.0100111701318483,0.000412635800702378,0.00271863455154988,0.017080017089844,0.0396524305604644,0.000709419897107638,-0.00557658162298782,0.00423269827163325,-0.00191340704032605
2024-09-25,-0.00439802924624862,0.00685021037809723,-0.00737269480857243,-0.0049294670505488,0.0108152149093617,0.0218416721237318,-0.00661648402782044,0.00168222314409282,0.00904922731430136,0.00884025762166205
2024-09-26,0.00508014041254337,-0.00185128686229437,-0.00711574884887653,0.00767839191777537,-0.0108940468160242,0.00429118884747206,-0.00195061260174326,-0.000699804557590096,-0.0181819561221983,-0.000827004021050169
2024-09-27,0.00118662487849895,-0.00762797642908656,-0.0166876039981909,0.00749709316115882,0.0245456305735665,-0.0212834790925241,0.00343208577939644,0.00546225375383081,-0.00175166347661504,-0.000845278252803611
2024-09-30,0.0228720598534652,0.00532690903448764,-0.00872479320635011,0.0115891340004041,0.00449210422375281,0.000329483926701724,0.0017102108339849,0.000975174500123238,0.0121586305638157,0.00895372665850096
2024-10-01,-0.029141601413345,-0.0223331384331265,-0.00644017032389151,0.0068734856678354,-0.013798172234706,-0.0365612981702058,-0.0181162545679948,-0.00208743504849021,0.0064394387325548,0.00703983369443239
2024-10-02,0.00251980017587858,-0.00846240903921383,-0.00199865157574112,-0.00676682635751998,-0.0348809593226287,0.0158119536020922,0.00120741796095873,-0.00976151983497708,-0.0103357754476933,-0.00634879972107554
2024-10-03,-0.00489473130991766,-0.00141438329143102,-0.0151547297911692,0,-0.0335716025496692,0.0336559004311049,-0.0099375997925107,-0.00690053394547621,0,0.0173879034364788
2024-10-04,0.00500728510571456,-0.00115229191276722,0.025005427704363,0.00723486161418817,0.039142350309991,0.0168498068825747,0.0354935866580212,-0.00496323362313066,0.00634086390503616,0.0225991118371457
2024-10-07,-0.022530901569248,-0.0156708007605021,-0.0306149355168669,-0.0244223001724134,-0.0369881635167652,0.022414408584502,-0.00137305899522185,-0.0165312185860996,-0.0227330059433585,-0.018726636432948
2024-10-08,0.0184041552294411,0.012623778237646,0.0106194587197842,0.00859004647292297,0.0152389575262286,0.0404790357044303,-0.000853284805157767,0.0024635538639504,0.00771168186101599,0.0138683769485815
2024-10-09,0.0166983876937875,0.00663112990522773,0.0134084770789964,-0.0153303761746052,-0.0141104169662249,-0.00180597574320852,0.012669018403589,0.0056374232746342,0.0086564620777527,-0.00401433672493449
2024-10-10,-0.00217825928083882,-0.00388058134022247,0.00799263240359645,0.00135928077965979,-0.00945861336001501,0.0162835339422724,-0.00271766353688478,-0.00459964207563434,-0.00982583430731129,-0.011312239732772
2024-10-11,-0.0065053884325977,0.00115438015547033,0.0116261103600062,0.0071570264054175,-0.0878251071971924,-7.416311174419e-05,0.0443995250542949,0.00462089654581362,0.00615493724872996,0.0104826791139997
2024-10-14,0.0164800184888753,0.00677360724899129,-0.00677901699202939,0.0105365623621538,0.00624426350456847,0.0242582317817796,-0.00364393904240613,0.0110679669522862,0.00237222510378051,0.000796460756078908
2024-10-15,0.0110245628788228,-0.000954434007817198,0.00079987821607795,0.00303105012210583,0.00187079601779039,-0.046860308581355,0.00410885000255906,0,0.0169385505111116,-0.00702887031290551
2024-10-16,-0.00885188011569459,-0.00625682574203075,-0.00426236369200183,-0.00181304161917134,0.00801564170026725,0.0313068848353448,0.00562078763800976,0.00326980970589623,-0.00526636441695014,-0.0161700985499297
2024-10-17,0.0015964026833839,0.00144193004049785,0.00342447103504259,-0.0135022235627639,-0.00198799276088585,0.00891548007473275,0.0034877053365232,-0.00949406871629298,-0.00406313860777268,0.000242753824886238
2024-10-18,0.012276565599693,0.00345560483901712,0.00778545685154774,0.00300740123251516,-0.000860167694015246,0.00781415380814865,0.00423314956091839,0.00772532256870273,0.0051922605085592,-0.000797441305271642
2024-10-21,0.00629772162316498,0.00148259238662229,0.000423312496585402,0.00397759175718546,-0.00838237820710006,0.0413768716115056,-0.0105160743813407,-0.0140544220820688,-0.00614929288021235,-0.00227220424326914
2024-10-22,-0.00262171155951045,0.0208464010857038,0.00333204421440927,0.00652161427655814,-0.00402104116184827,-0.000834948228647369,0.00502235476038494,0,0.0149733815677983,0.0119096817262826
2024-10-23,-0.0216230369969705,-0.00680690097404408,-0.0263046405622056,-0.014290999499185,-0.0198192746709435,-0.0280661594324432,-0.00316792067746156,-0.0207343791058813,0.0152401079109605,-0.0314772053447798
2024-10-24,-0.00082326121261567,0.000306127717064733,0.00904118947671299,-0.000368540604665538,0.219190350702906,0.00609062182922199,0.00702757103288638,-0.0104395532146324,-0.00276194001603565,0.00725597059259956
2024-10-25,0.00364307970730599,0.00805203886995635,0.00777978812241533,0.0156710609809203,0.033438233598413,0.00804782383712692,-0.0118678404038252,-0.00564649863461843,-0.00638242886850528,0.00963392987518796
2024-10-28,0.0085993535153021,-0.00364343476131793,0.00298140634155296,0.00877355812530942,-0.0248151588662177,-0.00720635321192136,0.0143494252041633,-0.00373588090688147,0.00290863114704293,0.00856509830670109
2024-10-29,0.00115686222639628,0.0125646998266768,0.012951868195298,0.0177542435718542,-0.0113901209124276,0.00519489153067787,-0.0115300001214683,-0.0166491438344569,-0.0126888802608894,0.0261521076532045
2024-10-30,-0.0152779130710951,0.00134269788568479,0.00995647371091104,0.0281708089946549,-0.00759094213971791,-0.013522133793601,0.00677442568285123,0.00549125448658915,-0.00379445485572923,-0.00249485226921596
2024-10-31,-0.0182094196398704,-0.0605274762989141,-0.0328438850795373,-0.0192021863922635,-0.0298970376797012,-0.0472224839132991,-0.0110959557062915,-0.00925369891037538,0.00688057971195901,-0.0409259642561778
2024-11-01,-0.0132796287673243,0.00989292265947758,0.0618562186525612,0.0010519771232418,-0.00348213069731338,0.0198854118305548,0.00459639058253717,-0.00459345076702824,0.00292869585007084,-0.000739862890549326
2024-11-04,-0.00403760855392548,-0.00465439198431253,-0.0108623956754538,-0.01196796655847,-0.0246606132822296,0.00480061128204168,-0.0141742165601799,0.0015382565537055,0.00316330892256928,-0.0114254240155814
2024-11-05,0.00648619704532092,0.00734462875410054,0.0190009257528731,0.00295430552011311,0.0354142902042744,0.0283718800631104,0.00778046456032166,0.0039931298038845,0.0149181345632836,0.0209567860891518
2024-11-06,-0.00326694573875685,0.0211929539159163,0.0380450944255188,0.0398844940870507,0.147510324442246,0.0407404405169832,0.11544532941818,-0.0255468458922278,-0.00286805578105633,-0.00066390649130692
2024-11-07,0.0213721582668986,0.0124944982353937,0.0142933351016986,0.0240212796000171,0.0290437906570056,0.0224573166321302,-0.0432282986922276,-0.000627968859602587,0.00491368031436077,0.0343502606991074
2024-11-08,-0.00118811643203091,-0.00679308276008987,-0.00890269149634924,-0.0132778088206393,0.081876653729254,-0.00839602774753099,0.00253818349837407,0.00408420704280406,0.0116875916833156,-0.00398854574664454
2024-11-11,-0.0120286690387884,-0.0107208199035673,-0.00643672007413751,0.0112137775314805,0.0895959114311904,-0.0160537349531182,0.00974778129425803,-0.00876093391109689,-0.00730871675219003,-0.010469411561281
2024-11-12,0,0.0120092458925094,0.0100077710349428,0.00704178969290712,-0.0614571707589286,0.0208590343088352,0.00112833174287567,-0.00252529211044117,0.00926246938926211,0.0028293740449934
2024-11-13,0.00396912878547015,0.0051297011190982,0.0248432451793993,-0.0150863886445397,0.00532740738538605,-0.0136217119805914,0.00667899049656435,-0.00316455973593947,0.00600074697115204,-0.00824183222052398
2024-11-14,0.0137704463097182,0.00397462565522127,-0.0122373204170309,-0.0184481973010271,-0.0577155950890953,0.00334990143665382,0.00294394994240178,-0.00714287912635796,-0.0120467362227213,-0.00489656123992587
2024-11-15,-0.0141091654484315,-0.0278526154041755,-0.0419424782314385,-0.0175986791069993,0.030657525449786,-0.032570302506423,0.0142225176002669,-0.0129495792104795,-0.00260453911766406,-0.0399889923066122
2024-11-18,0.0134222613950711,0.00183126964904389,-0.00449140545564712,0.0162908118874245,0.0561860468479843,-0.0128891595706757,-0.00114134995130695,0.00194364904694573,-0.00201778735167489,0.00057762389219675
2024-11-19,0.00114019799451328,0.00488262793654603,0.0144273857518041,0.0160864931343456,0.0214323964542887,0.0489476650629374,-0.00791738958213658,0.0118008535440265,0.0299715027103141,0.0120671717156641
2024-11-20,0.00315405110073498,-0.00550515638686479,-0.00845508881471785,-0.0120143026386642,-0.0114739919673497,-0.0076185094841753,-0.00950264364390946,0.00639073922237238,0.00669741388224253,0.00789527484826353
2024-11-21,-0.00209604489606608,-0.00431674434904067,-0.0221805988352539,-0.0474484226605723,-0.00698764476621588,0.00534653780263197,0.0165295998531414,0.0122242014701896,0.0138793184819506,-0.00429682378525781
2024-11-22,0.00590751706571443,0.0100031553953071,-0.00635149578894454,-0.0171210907312795,0.0380402259831765,-0.0321810825929188,0.01548454164535,0.00250938755093156,0.0231927016376948,-0.00701493211364876
2024-11-25,0.0130508666772598,0.00429259455948299,0.0219663247682194,0.0175406991875189,-0.0396244648214272,-0.0417752236078541,0.00700058584337194,0.00719638414615148,-0.0103936546554814,0.010676954534749
2024-11-26,0.00940444984742702,0.021968009182277,0.0318193286632658,0.00876810114948165,-0.00106318956689958,0.00661664996101434,-0.00127848209080422,0.00264066327649582,0.02022350809451,0.0149175610465954
2024-11-27,-0.000553089908506124,-0.0116825255853579,-0.010199148999148,0.000650555503981446,-0.0157880618645217,-0.0115397590087402,-0.000720145038376083,-0.00185903789670067,0.00624229403819774,-0.00756704930697784
2024-11-29,0.0102158832092838,0.00111111062547604,0.0104500526833875,-0.00165457783462234,0.036858987875107,0.0215015781124764,-0.000280219937562933,0.00211123498709881,0.006748084263423,0.00899508179867227
2024-12-02,0.00952249692727459,0.0177584754491379,0.0135649013059711,0.0150339680201277,0.0345636590253974,0.00274862648722064,-0.0138955214983987,-0.0067103889129164,0.00151343704264622,0.0322295391207487
2024-12-03,0.01277177890869,0.00051047353712928,0.012956175029913,-0.000874600711172449,-0.0158783022999947,0.0117579039138973,-0.00580713094475761,-0.00204247506539824,0.00939137860378238,0.0351195171848078
2024-12-04,0.00148356920549593,0.014424881591619,0.022113948494724,0.0176841370601705,0.0185247823097752,0.0347925052887016,-0.00580013354334,-0.0206234078804804,0.0100523399599358,0.000211895738907757
2024-12-05,0.000123489713230069,0.0118879119403701,0.0109552592112654,-0.0099214893843021,0.0322968116535158,-0.000482298255304909,0.00854556358509366,0.0114129320764907,0.00899947667672521,-0.00790187691665329
2024-12-06,-0.000822847472671825,0.00214629143589993,0.0293810729443439,0.011990211549717,0.0533979580172466,-0.0180614523088164,0.00765854321963569,-0.0061983289241313,0.00419711733411454,0.0243708270992653
2024-12-09,0.0161011004531934,0.00552328143950032,-0.00414043274659839,0.0049281205222439,0.00146448620942211,-0.0254845593778954,-0.014351626751402,0.00111944969099257,-0.0195400684654989,-0.0163523539878567
2024-12-10,0.00413370515104248,-0.00603110716871522,-0.0046441818247843,0.0558818331005565,0.0287333729544847,-0.0269432377407,-0.00389642671977646,0.00495215381394569,0.00767341637164986,0.00937136661801535
2024-12-11,-0.00516599974748525,0.0127671191860296,0.0231958824050704,0.0552465322317922,0.0593032229193497,0.0313910562677586,0.00275873989809964,-0.0042918133426388,0.00433622156229842,0.0215720167133517
2024-12-12,0.00596369870567906,0.0012695321212413,-0.0056023335225724,-0.0176048849268302,-0.0157025757060753,-0.0141410575696737,-0.00821250949694673,0.0191570972506799,-0.00916185336677286,-0.0029873366524241
2024-12-13,0.000685619827921733,-0.00509396532928775,-0.00659472637806621,-0.0111480254139842,0.0433628429039612,-0.0224989228464668,-0.00658310462415364,-0.0112782745819657,0.00392004711932706,-0.0165505933900595
2024-12-16,0.0117277461790074,0.00965865345135501,0.0240481218695952,0.0360340236539417,0.0614125056796783,-0.0167599270652099,-0.00150036687231477,-0.00903042008439071,0.00657823712822906,0.00708239152507398
2024-12-17,0.00971950170059853,0.00635519234928832,-0.00764177579215656,-0.00630532436708082,0.0363699121797369,-0.0121968436881592,-0.00509212244874735,0.0135891413947036,0.0057973989078267,-0.00768935085326234
2024-12-18,-0.0214217436575188,-0.0375609760397152,-0.0459874103599736,-0.0359225855319102,-0.0827949436951748,-0.0113504755175672,-0.0335208506130004,-0.00867511965548703,-0.0195975092322934,-0.0359195307147786
2024-12-19,0.00701470847918447,-0.000823033787216212,0.0125611688735938,0.000583718865245399,-0.00899732218014173,0.01373027216877,0.0112429104608421,-0.00636432160757024,-0.00160355304408695,-0.0027127405713071
2024-12-20,0.0188158216869456,-0.000983899442726333,0.00729994595289917,0.0153839811009443,-0.0346424912395851,0.0307623271981265,0.0199175080771585,0.00160127140811443,-0.0124197049114012,-0.0173280014507853
2024-12-23,0.00306487165989155,-0.00309215524575727,0.000622440826910587,0.0168224626895648,0.0226571239258948,0.0368968254283039,0.00332488278721209,-0.00271774037900623,-0.0204899172482105,0.0249466605653513
2024-12-24,0.0114780295775762,0.00937383788048152,0.0177286303050155,0.00760425667618996,0.0735717422822449,0.00393785973198171,0.0164436544535871,0.00737412612859355,0.0257884966634916,0.0131698841151052
2024-12-26,0.00317585947499384,-0.00277689679100875,-0.00873171784917228,-0.00260053821111983,-0.0176299946309725,-0.00206815214415329,0.00342535967632994,-0.00429659411015982,0.00118694450797553,-0.0072397196273459
2024-12-27,-0.0132422092213025,-0.0173015841645852,-0.0145342568042413,-0.0145196041458775,-0.049479226166748,-0.0208677080850785,-0.00810227609963284,-0.00191792821323419,-0.0121779471460518,-0.00586733816287435
2024-12-30,-0.0132633697815541,-0.0132394502078659,-0.0109497070312491,-0.00788535032252787,-0.0330120925707875,0.00350343018444537,-0.00767086601919123,-0.00672536506856158,-0.0118918649106337,-0.0142879089705966
2024-12-31,-0.00705793307394727,-0.00783844926473195,-0.00863083432341068,-0.0101443405272841,-0.0325100194177493,-0.0232743270486084,0.00162962987186341,0.00370780397642307,-0.00242902302367235,-0.00969137128906402
2025-01-02,-0.0262359103563529,-0.00692759575035427,0.00378322545860841,0.000686783264611515,-0.0608161593237654,0.0299351372399397,0.00120960696294895,-0.00674582634164951,-0.00387388827437133,0.0234497258712142
2025-01-03,-0.00200948413090071,0.0113957114917915,0.018027432561515,0.0124583294726096,0.0821556732819993,0.0445377052364254,0.013666686296993,-0.00145537898343029,0.00866676696933736,0.00899460687332234
2025-01-06,0.00673898118733955,0.0106295112082843,0.0152549093701885,0.0264874005569522,0.00148617422262596,0.0343323159081472,-0.00487538613909993,-0.0152226314540581,0.00716007989884959,0.0422903301003585
2025-01-07,-0.0113877532745312,-0.0128082429982558,-0.0241641403508254,-0.00700966362289088,-0.0406033400731133,-0.0621695858969966,0.00963251516305972,0.000493343384044874,-0.0067811317162436,-0.0195334769944637
2025-01-08,0.00202302708777344,0.00518493957907219,9.00647085004206e-05,-0.00787771915478819,0.00147078078757652,-0.000214012585676955,-0.000164444783695781,0.0142997742738837,0.010901884985966,-0.0116040063470062
2025-01-10,-0.0241037915324371,-0.0132136235618877,-0.0143609704735249,-0.00984799972557944,-0.000506436941800285,-0.0299763457301327,-0.0134085531500209,-0.0103710789934036,0.0130718850053367,0.0084162916885845
2025-01-13,-0.0103441090217841,-0.00420097918654937,-0.00219236193562876,-0.00536343110799919,0.0217105120743672,-0.0197189912632411,0.0180933066567316,0.00949727941779836,-0.0158064495290006,-0.0122267344777552
2025-01-14,-0.00477812210330084,-0.00364334712288996,-0.00320430369640999,-0.00706757651264473,-0.0172324322459234,-0.0110337136987724,0.0133490624928642,0.0063260787943251,-0.00808472547925154,-0.0231454749002802
2025-01-15,0.0196759301124852,0.0255970581188768,0.0256705167968973,0.031055597400628,0.0803815143975291,0.0340014510010283,0.0197195791402988,-0.00435206152731688,0.0060579272431107,0.0384855690321029
2025-01-16,-0.0404002669443876,-0.00405812545914829,-0.0120438879243202,-0.0135003163071028,-0.033627560262096,-0.0195977362778966,0.00760848779477297,0.00777069018901226,-0.000437994145348799,-0.00943089127602659
2025-01-17,0.00753530067570412,0.0104810068083263,0.0239282094247679,0.0160175652785844,0.0306413234047587,0.0309948829030292,0.0192314687876517,0.00738958988347225,0.00700988036187402,0.00240483426775576
2025-01-21,-0.0319158339550208,-0.00123522961919633,0.0211118182744024,0.0104593771456704,-0.00569752092797426,0.0226562608236413,0.0149327806461427,-0.00462445288037506,0.0123995277343788,0.00602174286220809
2025-01-22,0.00534494257101748,0.0413069315360371,0.0186380636636276,0.00161567519185148,-0.0211286387103691,0.0443089783785699,-0.000722253506720362,-0.0102531127902804,0.00161140170350385,0.0114200644158334
2025-01-23,-0.000759396009084871,0.00114281065818636,0.00174462223604315,-0.00196599062636413,-0.00657652324705691,0.0010197446051391,0.0118323094408245,-0.00404662447772438,0.00622117529411538,0.0207697632391341
2025-01-24,-0.0039347250374135,-0.00593218988663729,-0.0024211709704456,0.0112638615748417,-0.0140647418445862,-0.031245840060078,-0.00417363961492928,0.0063382887788323,0.0101269499914779,0.0173463354529151
2025-01-27,0.0317803733213879,-0.0213935235521103,0.00242704726683195,-0.0419560137552813,-0.0231934502120555,-0.169681624556355,0.00381354078619023,0.0314923469169333,0.0278597499086163,0.0191353676030464
2025-01-28,0.0365439477697051,0.0290868780258203,0.0115962779235937,0.0181950804360407,0.00236687008901744,0.0892585579632343,0.00485243203818868,-0.0236417345638482,-0.00112934606663488,0.0218979578638411
2025-01-29,0.00461680927338671,-0.010889993093286,-0.00453490069260482,0.000563331373928455,-0.0225828087042521,-0.0410109148110419,-0.00209646807558194,0.00753689363500041,0.0021584835513008,0.00320316150351492
2025-01-30,-0.00739481552733227,-0.0618090867073053,-0.0102501702429515,0.0279411001001134,0.0287329542544562,0.00767984893491996,0.00618964723029671,0.0194174453855048,0.0117948984520414,0.015536115687789
2025-01-31,-0.0066921945039609,0.000168769503996323,0.0129559891495086,0.0156818306003003,0.0107924636189503,-0.0367428433203904,-0.00346718165456707,-0.00889929885984225,-0.00496702832008787,0.00317323039488571
2025-02-03,-0.0338559522157199,-0.00997442827378047,-0.001093884697273,-0.0136752040423379,-0.0517054204452549,-0.0284000800329892,-0.00183318056828706,-0.00204794478597846,0.0140585694868243,0.0120141804856276
2025-02-04,0.0210079252832624,0.00352857272581297,0.0195434227336959,0.025592742353233,0.0222320656331566,0.0170580542706558,0.00423535772577376,-0.010734052338161,0.0123568418205854,0.00964932425409572
2025-02-05,-0.00141756662266405,0.00223110676465089,-0.024332807771029,-0.0729238088850248,-0.0357970942434599,0.0520860025830586,0.00929290210157645,0.00718052042025636,0.0167708293921176,0.00096572682703298
2025-02-06,0.00322629184325998,0.00612149360954812,0.0112630888035455,0.00141123120187876,-0.0101806223836167,0.0308418704275591,0.023924963024273,0.003802308338138,0.00380640770103763,0.0101010320362881
2025-02-07,-0.0239686615575303,-0.0145976179343319,-0.0405309544879479,-0.0326723585745127,-0.0339282217314951,0.00901449507085038,-0.00397248994477541,0.00757581110653758,-0.0165289441875704,0.00355340185706299
2025-02-10,0.00118724165783309,0.00602804253115944,0.017412199866636,0.00609699562757372,-0.0301144413414721,0.0287279710295183,-0.0172588020839151,0.0111214678341924,0.0174988558683512,0.00403071287010676
2025-02-11,0.0218317957885844,-0.00189218619937371,-0.00162994288327552,-0.00616716461443531,-0.0633821181250286,-0.0057647758017676,0.0145732706973708,0.0472502451104915,-0.00437238985187306,0.0033454144232606
2025-02-12,0.0182701852870305,-0.00583313150394233,-0.0164547255604206,-0.00922729481302496,0.0243835913717656,-0.012499997126698,0.00167296747532614,0.0164200598009925,0.0111252551470053,0.00775220965535263
2025-02-13,0.019673207062978,0.00366705077290929,0.00629014322053643,0.0137792000144257,0.0577397168343187,0.0316453294804609,0.00315842756324218,0.0114976612581853,0.0138982609592331,0.00438387989534771
2025-02-14,0.0127107362714469,-0.00513958146463355,-0.00733603540924382,-0.0048887672249089,-0.000280963372560134,0.0263139190924142,0.00097706109849433,-0.00906475555142615,-0.00961442791086174,0.0111314999615521
2025-02-18,-0.000531560829003274,0.00296269192975602,-0.0088770283554062,-0.0078821547397676,-0.00486176653589634,0.00396111544395184,0.0121480273769498,0.00261363829467721,-0.00249906755077348,-0.0275563781260124
2025-02-19,0.00163608963356375,0.0125231243182303,-8.81933122007783e-05,0.0081624086763185,0.018214714280447,-0.00121950418362754,-0.00250047724551389,0.0147717808151231,0.00211976206652318,-0.0175886350489633
2025-02-20,0.00392053928115178,0.0052907175683346,-0.0165467939778719,-0.00383229163046877,-0.0170845454399276,0.00632048692393159,-0.0445837539216351,-0.000428090301383241,-0.0652884117105615,-0.0126889595846579
2025-02-21,-0.00113897048289788,-0.0190325973282003,-0.0282663447314148,-0.0265496633917408,-0.0468397471484259,-0.040539610171881,-0.0095952510855221,0.0187035251888588,-0.024997418923494,-0.0162481786094198
2025-02-24,0.00631236061816262,-0.0103133051090049,-0.0178686632397706,-0.00228207918523171,-0.0215215786749158,-0.0308709698845167,-0.0109747719437998,-0.0106516098286883,-0.0117113731751852,-0.0225587777944981
2025-02-25,-0.000242810694736316,-0.0150990717930355,0.000423094048471749,-0.0213668240563687,-0.0838955952220362,-0.0280166960022915,-0.0150761649492989,0.0127496600728598,0.0429167344716229,-0.0159100356370729
2025-02-26,-0.0270401718834862,0.00459923421061772,0.00728384882297669,-0.0153346639378813,-0.039630120487999,0.0367212700598324,0.00540011315168491,-0.00965171300107181,-0.0152524374711324,0.0246387384298434
2025-02-27,-0.0127308453599085,-0.0180122240147748,-0.0261721504577087,-0.0244890392111618,-0.0304332048054918,-0.0847807065374719,0.00100455567049384,0.000988689094998911,0.00613319508470079,-0.0229479522509986
2025-02-28,0.0191318160497335,0.0113621932859992,0.0169588636244858,0.0105637755756487,0.0391204053972441,0.0397004089305412,0.0216176585417287,0.00479747681114233,0.0188034928048119,0.0151312895538087
2025-03-03,-0.0157541788420709,-0.0214111272298661,-0.0342000873779166,-0.0192037082799359,-0.0284320321437655,-0.0869356578520784,-0.0152276934507917,0.0155877546765969,-0.0103437900704113,-0.0196797049492022
2025-03-04,-0.00882245760965729,0.000308865663539998,-0.00595064479211338,0.0234119990109053,-0.0442999670540929,0.0169209334092679,-0.0397897209802821,-0.0294523710949661,-0.0268469597328759,-0.0229753361256605
2025-03-05,-0.000805336291560022,0.0319343818018283,0.0223748650162478,0.0122863348952955,0.0259520560830604,0.0112940529054653,0.00511491079784759,-0.00156720448096331,0.0106350537223137,0.0257344468213726
2025-03-06,-0.00173919397431315,-0.0102986874719511,-0.0367633117665168,-0.0038722911194616,-0.056073068986894,-0.0573742329564064,-0.0198387203215619,0.00542226327795563,-0.0139614630108384,-0.0434750857039253
2025-03-07,0.015892641540641,-0.0090201166312924,-0.00722469840702551,0.00876106629172814,-0.00296070883718194,0.0191733981343243,-0.0172790296882375,0.0137667562772362,-0.0308536449092984,-0.00361507518039921
2025-03-10,-0.0484795799304343,-0.0334342267323534,-0.023638678614138,-0.0448577429711719,-0.154262068221951,-0.0506699470726427,-0.0415222542793441,0.000279959732421014,-0.0425207011018955,-0.0442251817520816
2025-03-11,-0.0291894025877458,0.000762875228282483,0.0105376946772215,-0.0110326945904493,0.0379473696429591,0.0166385973027028,-0.0132632744727718,-0.00573822780563196,-0.004327021620724,0.0129100284016939
2025-03-12,-0.0174786352188641,0.00741221700321534,0.0116994918083414,0.0187150139493812,0.0759389121683913,0.0642759323531937,-0.00541161924593672,-0.0154841963833984,-0.0256176032427699,0.0228656131216782
2025-03-13,-0.0336437426712564,-0.0117410935465948,-0.0251395244373471,-0.0260308938765848,-0.0298682081965844,-0.00138242762281975,-0.0118910412423006,-0.00457534506564881,-0.0082160084921923,-0.0466783009286623
2025-03-14,0.0181705744412565,0.0258468638953902,0.020939695556112,0.0167732540090231,0.0386405323864456,0.0526907343208753,0.0321950162375726,0.000723510795236645,0.0100590917174521,0.0296297348285575
2025-03-17,0.002388991401282,0.000360251957940109,-0.0111643924685476,-0.00725124434728717,-0.047883836408052,-0.0175885482741629,0.00641021475485418,0.0138807326200258,0.0247217583871815,-0.00444361484080369
2025-03-18,-0.00612152311916715,-0.01332634185678,-0.0149177382599337,-0.0220341586310288,-0.053359090968246,-0.0343010329354379,0.0044457760501211,-0.0105533465558266,-0.0213811399111942,-0.0372624545448481
2025-03-19,0.0119892364842667,0.0112118582654213,0.0141063471558761,0.0200411043863894,0.0468243893572204,0.0181062273520147,0.0176192363647872,-0.00144139049567809,0.00864590063054745,0.00291926715270387
2025-03-20,-0.00529642522803437,-0.00252689263806491,-0.00301726684130383,-0.00665076482347251,0.00169589542715557,0.00859423668376246,-0.000418157613573621,0.00620672315853832,-0.00602346807830423,0.00332144698284792
2025-03-21,0.0194769372233463,0.0114258968181097,0.00646324588535144,0.00730964258848683,0.0526962350651827,-0.00700244586672166,0.010961863200108,-0.0149188942760035,0.00473275838777452,0.0174915688504378
2025-03-24,0.0112704475607451,0.00465158574321666,0.0359308269289751,0.0225012565226906,0.119335801268008,0.031520890248119,0.0266109662082074,0.0040775307640006,0.0175621740538485,0.0379034763406197
2025-03-25,0.0136818138014131,0.00529157360712664,0.0120535878837121,0.0171755286042412,0.0350228078845166,-0.00593033659900347,0.0123759770504068,-0.00203048601281643,-0.0312035473362277,0.0120547335315726
2025-03-26,-0.00992181737497286,-0.0131339314083692,-0.0222643609040642,-0.0322467646899068,-0.0558062617906902,-0.057419827975211,-0.000398143057311127,0.0175846636360424,0.00530914360968908,-0.0244767983147212
2025-03-27,0.0104727105590069,0.00156417407374243,0.0011435177345817,-0.0170846137919227,0.00393298292222311,-0.0204816929382765,-0.0115923083431572,0.0102826856068011,0.00492899570653282,-0.0137484009092381
2025-03-28,-0.0265804306047715,-0.0301602459403918,-0.0429082209150768,-0.0487548863608517,-0.0350749347145268,-0.0157946785605363,-0.0212396469476813,-0.00523026076133895,-0.00560549560855484,-0.0428822528078074
2025-03-31,0.0194126958986165,-0.00900211597215917,-0.012764667384211,0.00200868678158305,-0.0166571213591121,-0.0117626160428853,0.0100885279759388,0.0177632364747828,0.0310040638426256,-0.000658783398572317
2025-04-01,0.00477186267191284,0.0181145336918605,0.0100389136826154,0.0157138970092293,0.0358851198547377,0.0163314031080035,-0.00668578602183954,0.00349055509983281,0.0118464318566144,0.0167255126263907
2025-04-02,0.00313640157366041,-0.000130828811786396,0.0199822884658358,-0.000191067217645219,0.0532668507997768,0.00245120180451505,0.00886497276811816,-0.00751347298048535,0.0104694543704984,-0.00353238703470602
2025-04-03,-0.0924561690038483,-0.023630163414979,-0.0897912929848747,-0.0402444957737786,-0.0547461113725351,-0.0780655303056777,-0.0696852543717,0.0259357567745616,-0.0278520080951771,-0.0895826523856214
2025-04-04,-0.072887352864846,-0.0355658586153133,-0.0415335659997117,-0.0339701897321814,-0.104197868268148,-0.073575630318869,-0.0748383015724165,-0.0444110698770883,-0.0466422001453696,-0.0505811753120428
2025-04-07,-0.0367342499221841,-0.00550246999270487,0.0249122485779883,0.00789824872463829,-0.0256442366348076,0.0353090425180284,0.019783188477557,-0.0223079927478225,0.00769314793866793,0.0228239901992957
2025-04-08,-0.0498181800062268,-0.00922149583931452,-0.0262466677445181,-0.0139693818195109,-0.0489947833371575,-0.0137238368941942,0.0113317769909092,0.000731227651625754,-0.0243349620537906,-0.0112347767601796
2025-04-09,0.153288485089167,0.101336839794576,0.119770315263067,0.0968211557528939,0.226899898396242,0.187227390805176,0.0805551757496096,0.0223618146858197,0.0954885359511386,0.147556050262089
2025-04-10,-0.0423938377601326,-0.0234064047000712,-0.0517007041719357,-0.0371117880292251,-0.0727406958949268,-0.0591270943596309,-0.0308525577896043,0.0115798359173989,0.0112722647095742,-0.0673983946069588
2025-04-11,0.0405945654037196,0.0186180479067296,0.0201412309452518,0.0282685296400861,-0.000356562361593834,0.0312354754847457,0.0400245729713663,0.00946862075215956,0.0241695267136227,-0.00497904922600442
2025-04-14,0.0220540362946874,-0.00164755861768338,-0.014875318183769,0.0122820014653009,0.00015856900364282,-0.001983259749593,-0.0062658862625305,0.0142795610567785,0.0207974478120716,-0.0222420041966041
2025-04-15,-0.00187646294793572,-0.00536348132122697,-0.0138919330503444,-0.0173507246466105,0.0069744183248168,0.0134585973164281,-0.00677393157245134,-0.00814337348036213,-0.00802286575934658,-0.0187399618651592
2025-04-16,-0.0389333279959373,-0.0366059205463959,-0.0292889059195677,-0.0190647335783184,-0.0494274035985434,-0.0687165307510567,-0.015098872842233,-0.00250487553418152,-0.0295838684392664,-0.0368347025319808
2025-04-17,0.0139496687947632,-0.0103065083148901,-0.00986635233543955,-0.0141525110266623,-0.000745220170961574,-0.0287109803473582,0.0102347656882721,0.0184150700398332,0.0222611983867781,-0.00165236194715657
2025-04-21,-0.019392898082993,-0.0235466901563609,-0.03064708456884,-0.0230880888637703,-0.0574636259592,-0.0451274661314164,-0.0128040073546666,-0.00315071524728799,-0.00868916406831904,-0.0335407165027098
2025-04-22,0.0340651380514133,0.0214413302004423,0.0350226218924733,0.0257330266915243,0.0460219833877055,0.0204312118465978,0.0288222566230995,0.0155284337945548,0.0264040412722058,0.0322287675076496
2025-04-23,0.0243315670705552,0.0206368925469012,0.0428456735278098,0.0256157330712096,0.0536622440095614,0.0386288455515211,0.022454255986479,-0.00811906142033656,0.00115977150209532,0.039957672275982
2025-04-24,0.0184260804425079,0.0344826821484713,0.0328902933658393,0.0252975653662087,0.0349764859229856,0.0362184529198537,0.0156093984961222,-0.0106411868467059,0.00926701947179858,0.024756407182757
2025-04-25,0.0043673081171903,0.0117480255667775,0.0131339782095571,0.0168258543160272,0.0980309101154981,0.0430330653012729,-0.00445545731999791,-0.00841128669656839,-0.00782559533913766,0.0264840967485327
2025-04-28,0.00410937256514564,-0.00176078817264004,-0.00682580299183429,-0.00833559126352363,0.00326370463569336,-0.0205386940844021,-0.00135496593458307,-0.00166890025198312,0.0013672751900214,0.00451329323976212
2025-04-29,0.00509182741243879,0.00736256925231814,-0.00165155867679347,-0.00280159979193737,0.021512501019461,0.00266708812689879,0.00575606257322448,0.00780042417833849,0.0086116880757576,0.00854949182206113
2025-04-30,0.00610769629958163,0.00309619195859393,-0.0158493048208371,-0.00849160566988252,-0.0337978808973228,-0.000917275407163628,0,0.00276454936649031,0.0125988509199156,-0.00981171953672813
2025-05-01,0.00385880047168672,0.076253518599905,0.0313414967828055,0.0157431838594661,-0.00581235691505353,0.0246970474725961,0.00927966633565364,-0.0173675805807309,0.00164526570646203,0.0422768061441502
2025-05-02,-0.0373616874719303,0.0232252597696532,-0.00115668361846951,0.0169249783804128,0.0238485765842518,0.025893782641133,0.0227631756527833,0.0050499167752977,0.0137562898225972,0.0433583392141043
2025-05-05,-0.0314585305122984,0.00204459363198297,-0.0191072202634902,0.00109729317237402,-0.0241982587522205,-0.00593887872599199,0.000198089296350291,0.000697862297502408,0.00587335817909498,0.00376863414370238
2025-05-06,-0.00191063386873745,-0.00655704325883042,-0.00719083205146575,-0.0059680282866846,-0.0175194586848659,-0.0024599910377551,-0.0131058649903975,0.000278819757273407,-0.00785261869309047,-0.0199575675837892
2025-05-07,-0.0113848457542464,9.2329563598357e-05,0.0199989855515307,-0.0725967583436251,0.00315959723225835,0.0310022403735701,0.000561742986593303,0.00948146914448379,0.00284119562175872,0.0161753625280628
2025-05-08,0.00631855043099382,0.011122662870884,0.0178580626214369,0.0191569160557346,0.0311346248117799,0.00264828326370016,0.0163599024641327,-0.016989055410457,-0.0141657304973267,0.00201074818036323
2025-05-09,0.0052661148764506,0.00127799598999756,0.00510201852455711,-0.00991697462751794,0.0471877048514604,-0.00613452977771583,-0.0015385972748043,-0.00913306841015107,-0.00488702225054851,-0.0092305533104736
2025-05-12,0.0631461027687719,0.0240011253878765,0.0807003109296396,0.0373813919821612,0.0674579040381492,0.0544364036519375,0.0275406406743945,-0.0140384892006393,0.000310172345698719,0.0792248002468031
2025-05-13,0.010152317435525,-0.000267017908268877,0.0130847188244166,0.00675237519242596,0.049280740626856,0.0563413913739103,0.0113824438034251,-0.00819795390930046,-0.00899236729492372,0.0259607491978218
2025-05-14,-0.00281780566815754,0.0084605185159718,-0.00529874222009166,0.0366074658471765,0.0407399199364623,0.0416377568597411,0.00999968813127605,0.00290033845950287,0.00990825655811757,0.00507583730241473
2025-05-15,-0.00414444070737826,0.00225606630974748,-0.0241617209562664,-0.00852620099667984,-0.0139783290782973,-0.00376825433196767,0.00696423523566516,0.0354250447315522,-0.00495719933471366,-0.023477219996408
2025-05-16,-0.000898552977928446,0.00251591762779695,0.0020470740005571,0.0136007582259958,0.0208856061756557,0.00422757528200661,0.00026163221938637,0.00544610502068645,0.0196159802407052,-0.00549787302771121
2025-05-19,-0.0117391473181626,0.0101260524983587,0.00277254406523357,0.00210599208092658,-0.0225441865271134,0.00125552808825497,-0.0100163543885013,-0.000972236254926626,-0.00122141522548464,0.000140528104809293
2025-05-20,-0.00919625587241877,-0.00152541147278687,-0.010137739138361,-0.015371644761947,0.00505718087300974,-0.00877778857230134,0.00302012952259628,-0.0033364396113634,-0.00326122057382696,-0.00519966896956461
2025-05-21,-0.0230590497769714,-0.012222605207281,-0.0144558832809964,0.0279302650050084,-0.0267582223577683,-0.0191992644287227,-0.0174645901839875,0.00223184789631819,-0.0140082751989431,-0.00251135607274836
2025-05-22,-0.0036122414512583,0.00506003630046747,0.00984492359983539,0.0137043156172057,0.019185982671136,0.00781489095106384,-0.0014173205751948,-0.00988177721368077,-0.00518516558383791,0.00168368269757366
2025-05-23,-0.030244459419955,-0.0102889113124025,-0.0103889736432433,-0.0140457752319289,-0.00498478819034817,-0.0115937523086822,0.000153415647396826,0.00885568542676402,0.0042740115399742,-0.014939417806679
2025-05-27,0.025298413459568,0.0233461745634543,0.025026113945094,0.0262955504186299,0.0693994771164479,0.0320663608697776,0.0175674337617944,0.000139382558081679,0.0128711058424384,0.0243357246154558
2025-05-28,0.00104891341407669,-0.0072282733043806,-0.00631008166584994,-0.00312326758188378,-0.0165064358625493,-0.00509217981923504,-0.00678511032658843,-0.00877683595721012,-0.00348438403690207,0.00196170998863455
2025-05-29,-0.00234519194033216,0.00288619996422733,0.00478700528378012,-0.00290083676001812,0.00428691175528798,0.0324902174214503,0.00333984441078004,0.00477876827707996,-0.00143973060725499,0.0022840857017858
2025-05-30,0.00450124374558629,0.00366259748568385,-0.00335441152962006,-0.00069822982657609,-0.0333956461939571,-0.0291687741446271,-0.00139958504188401,0.00853258140607195,0.0166838389204715,0.00378258132962319
2025-06-02,0.00423196818525559,0.00349734440391087,0.00799960701229776,-0.0157795900077532,-0.010881455598491,0.0166506047419116,0.00250001494873485,-0.00138701339766679,0.0106360972179257,0.0361551005962766
2025-06-03,0.00778388570238627,0.00216459305677271,-0.00454869204151963,-0.0168610740942851,0.00461054177539398,0.0279516029302034,0.00608317295232444,-0.0116666184771889,0.00210490904789919,-0.00603680676838708
2025-06-04,-0.00221382465051238,0.00194391268251862,0.00738898917924907,0.0112529656166748,-0.0354954007339214,0.00495681871381653,-0.00769882101522875,0.00295113857257784,-0.00630130985021953,0.0316413655058716
2025-06-05,-0.0107977958427325,0.00821350711493057,0.0032814165352011,0.000952049557964939,-0.142598937890823,-0.0135991545922176,-0.00859123618232163,-0.00644523711539697,-0.0139908817660774,-0.00484050329994573
2025-06-06,0.0163983224139093,0.00577320391454116,0.0272233349161425,0.0325188576659278,0.0366701861389986,0.0123579483511997,0.0144301257721917,0.00620490173052342,-0.00500202012932652,0.0191202217539701
2025-06-09,-0.0121126071748391,0.00503856923505467,0.0159666071375993,0.0151034637252104,0.0455376135284038,0.00642122679159094,0.00380079722391628,0.00588645084725656,-0.000205269070723242,-0.00523142985752678
2025-06-10,0.00605614285726224,-0.003870960704544,0.00290351597021911,0.0142542142673461,0.0567438282700306,0.00932481918965343,0.00697322977402821,0.00808136378065425,-0.00133393314717789,0.0120162325875278
2025-06-11,-0.019193793028711,0.00360989817223142,-0.020265629565465,-0.00699898599174947,0.00104264571654538,-0.00778057450499266,-0.00167543159735469,-0.00387002425837357,-0.0156185889877526,-0.0117596412449819
2025-06-12,0.00211291848463295,0.0132242090482089,0.000187657342845694,-0.00930361985842561,-0.0224244324616625,0.0151928669373782,0.000335556331503218,0.00235877455370871,-0.0101252972135406,-0.00112372056821112
2025-06-13,-0.013805203391583,-0.00816512547124429,-0.00534608591390492,-0.00586224226806722,0.019429076154422,-0.020896570123833,-0.0122651028163415,-0.00989826189763311,-0.00411260497465536,-0.01512919634923
2025-06-16,0.010027978679114,0.00880079562604831,0.0188590282173202,0.0120226647666168,0.0117426680793294,0.0191589838358244,0.0204188372190567,-0.00704020612521786,-0.00158838434714455,0.0289809203633182
2025-06-17,-0.0140106579641419,-0.00229580414997578,-0.00592317789516325,-0.00463882581014459,-0.0388296374979435,-0.00393952711963777,-0.00310694577201451,-0.0127622855524338,-0.000424140080164983,-0.00696466701902551
2025-06-18,0.0048046694853524,0.00460210978028406,-0.0107066519567086,-0.0149473386860193,0.0180179597897267,0.0094365844771742,0.0164738727657841,-0.00588916244653991,0.00891242843918444,-0.00209391072106135
2025-06-20,0.0224846175029351,-0.00591373290040164,-0.0133164020993845,-0.0385415216276081,0.000341611157615456,-0.0112042158758671,0.00379609783422847,-0.00534606401741632,0.0108319584234333,-0.0192880770556692
2025-06-23,0.00248744115199589,0.0180142946486587,-0.00581811820543943,-0.00870144030706847,0.0823193093872913,0.00222452146372691,0.0118910060520936,0.0130737418646179,0.0182063288268267,0.0237123125847164
2025-06-24,-0.00595536495551835,0.00845668592421593,0.0206264835543684,0.00956492975124468,-0.0235459206938554,0.0258721412099521,0.0107449509331078,0.00673947579955392,0.0013282869131055,0.0195695940653559
2025-06-25,0.00629057689537618,0.00440729376680844,-0.00366592453651581,0.0234453283623367,-0.0379475824049441,0.0433402358124063,0.00995512709404417,-0.00826104450751049,-0.00755098793460487,-0.0049424476831444
2025-06-26,-0.0027781911953216,0.0105226861476267,0.024199205109174,0.0167565563884199,-0.00540372181235045,0.00460109336417142,0.0165105284979622,-0.00229777679587869,-0.012749434015483,0.0245668217447951
2025-06-27,0.000398011905027255,-0.00303548657441648,0.0284635596607968,0.0287541642289131,-0.00659952699533754,0.0176106085968345,-0.00567964260186102,0.0123794680742587,0.0130181459672167,0.0103843508806244
2025-06-30,0.0203400060892084,0.00296408316737869,-0.0175100922914171,-0.0128830063283406,-0.0184469954288224,0.00152150327774254,0.00975239581136528,0.00597182246481805,0.00524319413218558,0.00607945509951936
2025-07-01,0.0129162303629743,-0.0107758749694155,0.00487719279454753,-0.00221305558742363,-0.0533589750413165,-0.0296853829849995,0.00172459942006528,0.0130034439708839,0.00470433989049669,-0.0255660871680286
2025-07-02,0.0222307210319467,-0.00195098404453665,-0.00244946261669519,0.0159236460956628,0.0496824278073175,0.0257663497367636,0.00547525970472975,-0.0106040435491044,-0.00641283943822529,-0.00785575170004545
2025-07-03,0.00522498584137314,0.0157812031516536,0.0158694321672509,0.00498209873948375,-0.00095038111442617,0.0132909487721796,0.0185820983092936,0.00620498674235951,0.00768368490297509,0.00762370259910173
2025-07-07,-0.0168578201018833,-0.00224519680607094,0.000268553590307208,-0.0152621763444708,-0.0678928278031554,-0.00690342691778727,-0.0136148649773706,-0.00476525863113783,0.0100650239735241,-0.000917984877818028
2025-07-08,0.000285692624187991,-0.00221016295064385,-0.0183917330643942,-0.0137450950692179,0.0131659355142021,0.0111223033863143,-0.0314758135221453,-0.0108435721043743,-0.022747841727451,0.00322959910475865
2025-07-09,0.00538076891094698,0.0138738765243601,0.0144966842949168,0.012961754671038,-0.00648061747961387,0.018000044827715,0.00134380622000578,-0.0108199287467034,-0.00288390984301086,0.0168039072841897
2025-07-10,0.00601495104380128,-0.00403170621307084,-0.00125819532553417,0.00566182027504672,0.047282648382803,0.00749018017656406,0.0177639138964189,0.0041738086321325,-0.0201425403159902,-0.00756031472490819
2025-07-11,-0.00588481171535421,0.003669145816488,0.0124179332036297,0.014469115895165,0.0117469090450671,0.00499690651750171,-0.0046152427000049,0.00143331193592602,-0.00484923076724188,-0.0133792706953469
2025-07-14,-0.0120289074161598,-0.000596065201263937,0.00297750491611291,0.00760305245810904,0.0108130012607676,-0.00515398095269597,0.00641449740414515,-0.00572493116830391,0.0146185811753357,0.00475243951746499
2025-07-15,0.00234882588051625,0.00556641020088169,0.00292438147445788,0.00242344247430089,-0.0193120707953882,0.0404094877199392,-0.00744722861325368,-0.00158337368477067,-0.0040718140145449,-0.0146061965409939
2025-07-16,0.00502127843956671,-0.000395412774891974,-0.013960696164792,0.00532967484505166,0.0350409121925849,0.00392508641135123,-0.0025475472091192,-0.00129768411493333,-0.0025159762887717,-0.0105296108952041
2025-07-17,-0.000666144257702533,0.0120248540807432,0.00309154726402739,0.00333387578710657,-0.00702586399503705,0.00951160882542662,0.0142747012124584,0.0190557916697912,-0.000630580598024516,-0.00213395041276221
2025-07-18,0.00552327473181454,-0.0032245496472964,0.0100500265808809,0.00806186917071565,0.0320590780406724,-0.00341041267034561,0.0047257303981107,-0.0104829933084443,-0.00042057173580664,0.00409183923262709
2025-07-21,0.00615586251361252,1.95585308582169e-05,0.0140184765422387,0.0272344466054536,-0.00351889483872777,-0.00597408556500541,-0.00102987613777545,0.00314963056098098,0.00652277367791675,0.01233875704928
2025-07-22,0.00903611810895578,-0.00939104050251703,-0.00798081904360869,0.00652289303604416,0.0110201078413505,-0.0253822203534708,0.00158081375701973,-0.00585123103125847,0.00188145955766963,-0.0114450491207572
2025-07-23,-0.0011660239162691,0.00118746887731302,0.00360483607082062,-0.00580116334981153,0.00135500956574859,0.0224510134622742,0.0182892386398447,-0.00717765379420497,-0.00177351712974133,0.012443091809192
2025-07-24,-0.00182111792097407,0.00990375963025731,0.0172587610376233,0.0101980283586726,-0.0819702007630128,0.01733225603754,-0.000707825598995864,-0.000867661815401985,0.00961534303132729,0.00170971316497158
2025-07-25,0.000561344259116509,0.00553953026436857,-0.00340177109187851,0.00525580414090012,0.0352440556693425,-0.00138138519548957,0.00698032909833015,0.00101305782462848,0.0090062519266078,-0.00296591874342154
2025-07-28,0.000794958521754949,-0.00235551695088538,0.00583300566231543,-0.00310581969114383,0.0301524990600251,0.0187319765591728,-0.00113852650099282,-0.0156137532115691,0.001436254558805,0.00694569524881855
2025-07-29,-0.0129876658003105,0.000136614582830887,-0.00764637153930039,0.0164607007737433,-0.0134831664984699,-0.00701559894976957,-0.00415704850692146,0.0189455501618296,0.00737634064702786,-0.0245670730642591
2025-07-30,-0.0105078425953484,0.00130709302319933,-0.00354959562325662,0.00398466540935382,-0.00672479321301144,0.0214233904828986,0.0087192344894174,-0.00908038948315045,-0.00752564658061279,-0.00684281248832119
2025-07-31,-0.00707971754636002,0.039474687535791,0.0170294023518411,-0.0235588024206656,-0.0337575828823787,-0.00780952392302594,-0.0113139884178883,-0.0125091143318685,0.00399637235926207,0.112527148964397
2025-08-01,-0.0250036185567074,-0.0176007263203676,-0.082696170859332,-0.0144344872714754,-0.0182955990912559,-0.0233316534515421,-0.0231905529951778,0.014287797886252,0.00520504290246079,-0.0302931896771522
2025-08-04,0.00479303501181261,0.0219993785009824,-0.0144354184098533,0.0312482109571427,0.021907956170375,0.0361501305645876,0.0168987570241607,0.00145225344380284,0.0111685987707157,0.0351461780072798
2025-08-05,-0.00211465707383875,-0.0147301375400404,0.00992207022950866,-0.00189706378529953,-0.00174613117722928,-0.0096666784794221,-0.00982133501022783,0.00130509903596705,-0.00281151536369296,-0.0166287067238546
2025-08-06,0.0509067620620823,-0.00532447444762882,0.0400467722039486,0.00729448883625588,0.0362464446655864,0.00650732830996528,-6.85079807568694e-05,0.00666184923301378,0.0407814500143153,0.0111728632043238
2025-08-07,0.0317936673625626,-0.00781036573271823,0.00368857601198009,0.00219286273367514,0.00737702892859719,0.00752427182401587,-0.0151364374931797,0.0132355253913488,-0.00232197143975363,-0.0131608233547401
2025-08-08,0.0423578293419282,0.00230382319612536,-0.00197195550476093,0.0249337576805401,0.0229000686827804,0.0106765246042502,0.00634271260089354,-0.00127796917880402,0.00591541282900965,0.00980539649444287
2025-08-11,-0.00833735956031154,-0.00051718639313027,-0.00624185807359591,-0.00208510306158616,0.0284544366949344,-0.0035029821455488,0.00277042175270647,0.00582888124310765,0.00192807426085489,-0.00445864214903528
2025-08-12,0.0108724383828318,0.0143166983280761,0.000768179695439229,0.0116417651529963,0.00533875339973178,0.0060420043441202,0.0113621349120026,-0.000565405190457261,-0.00298269038318478,0.0315066278074519
2025-08-13,0.0160244739114269,-0.0163629737102054,0.0139522116804059,-0.00678664202689159,-0.0042835097722266,-0.00857182445027473,-0.00792212057098411,-0.00353558998542892,-0.0253813116524842,-0.0125568618414801
2025-08-14,-0.00235722698064219,0.00364967936619192,0.0285892333396105,0.0048523828357407,-0.0111969422354688,0.00236802890376789,0.0124943222084669,-0.0129151137442427,-0.00138626997846899,0.00262784184961952
2025-08-15,-0.00511215747756798,-0.00442128609148349,0.0002164821745731,0.00473045780157634,-0.0149591430196658,-0.00862542659726755,-0.0124761710881336,0.00531992931992131,-0.00611238630311617,0.00396355266554514
2025-08-18,-0.00302252193733051,-0.00590199053656447,0.00199111248018688,-0.00196171288473877,0.0139157978505842,0.00864499453091452,0.00358020547847054,-0.0112986180391234,0.00699994251000468,-0.0227449612153276
2025-08-19,-0.00142926940602637,-0.0141750781232008,-0.0150330938863396,-0.00948395384208553,-0.0174543681811529,-0.0349980338512924,-0.00298427284091796,0.0144654782532352,0.00585905101380585,-0.0207070791152791
2025-08-20,-0.0197345907016219,-0.00794470361521981,-0.0184202317855679,-0.0111624230617883,-0.0164283006960559,-0.00136644200206609,0.00543594839346203,0.00812772982708537,0.0126369933449217,-0.00500345008023074
2025-08-21,-0.00491124869137262,-0.00128753059425385,-0.00831062343345527,0.00215732721298901,-0.0117011689297322,-0.00239452376017931,-0.00263486987872447,-0.000565695588758066,-0.0449449365589432,-0.0115283952746823
2025-08-22,0.0127167365225224,0.00592980211141985,0.0310430253858293,0.031739616368078,0.0621662095051728,0.017202031291259,0.016365252205163,-0.00750074997638801,-0.0115353161652933,0.0212285027728426
2025-08-25,-0.00263436577712742,-0.00585533519525251,-0.00393285225872895,0.0116454981942982,0.0193817715614715,0.0102252799044131,-0.00452331205851739,-0.0171110101622847,-0.00784880138242208,-0.00197407416075731
2025-08-26,0.00946473869151128,-0.0044025080026549,0.00337810065900535,-0.00647515846075188,0.0146278339149935,0.0109003804558327,0.0124449683062796,-0.00290144488203832,-0.000208173002587155,0.00106201948750581
2025-08-27,0.00514591481259523,0.0093618142333133,0.00179261244058267,0.00164139262625726,-0.0058862207330149,-0.000935258611597951,0.0023779242623694,0.00145488755936092,0.000312324521414508,-0.00891124012191513
2025-08-28,0.00898083706487638,0.00572287506348189,0.0108240705271468,0.020050080976924,-0.0103546769278835,-0.00787445113463484,0.00598114257218046,-0.00682846492095402,0.000312227005264664,0.00499074045524231
2025-08-29,-0.00180600152852403,-0.00578844173267656,-0.0112262782167367,0.00600079023941473,-0.0350020679940916,-0.0332464079764922,0.00116241177165678,0.00921587851416637,0.00905215466830563,-0.0165221555186489
2025-09-02,-0.0104247169086304,-0.00309855863468641,-0.0159825487428341,-0.00732695163184616,-0.0135082811620823,-0.0195199995514206,-0.00570628163130558,0.00101467314776598,0.00897086942702415,-0.00485997251763698
2025-09-03,0.0380898412049822,0.000455371941989684,0.00288457071907617,0.0913649558393471,0.0143612193244428,-0.000936825573156325,-0.000633969804207348,-0.00101364462977876,0.0162493991860818,0.00263909111092386
2025-09-04,0.00549329976800978,0.005184547565648,0.0428779456926475,0.00711001120766738,0.0132898395344811,0.00609543401458263,0.0143902058232648,-0.0107261118649656,0.0149839109391408,0.0157384634472088
2025-09-05,-0.000375342850222748,-0.0255330041230116,-0.0142141503260079,0.0116228860036275,0.0363630922015259,-0.0270301769545718,-0.0310711292540417,-0.00424902908585137,-0.00416128087888665,0.00507576165818278
2025-09-08,-0.00755138904125406,0.00646462317721862,0.0151077970093091,-0.00319438835135756,-0.0126553485570411,0.00772353701100069,-0.00499358235565284,-0.0077987487871942,0.017610150626975,-0.000199434823642655
2025-09-09,-0.0148394162845003,0.000421469244738745,0.0101764297512729,0.023884857555242,0.00164551770860992,0.0145564545084672,0.0168653171370144,0.00637699569585534,9.77668204538323e-05,0.0178121478978667
2025-09-10,-0.0322594660210647,0.00393254758622369,-0.0332018279034835,-0.00191964770199081,0.00236333781403016,0.0384751189780032,0.00903143856111801,-0.000589484473182475,-0.0183790380924547,-0.0179182601819134
2025-09-11,0.0142863652719674,0.00127907342781826,-0.00164982798503055,0.0050173832714301,0.0604387374485399,-0.000845940907884419,0.0167032254288663,-0.00294893254304008,0.0223084570190116,-0.00143617791340777
2025-09-12,0.0175629430952616,0.0177441452321177,-0.00782780202499039,0.00178889295927452,0.0735609258490934,0.00366879014246347,0.00441810863012924,-0.00902100068626017,0.00818310932237013,0.00624579294650223
2025-09-15,0.0112359036862082,0.0107079590067116,0.0143765017183616,0.0448920246307331,0.0356114714769256,-0.00039371960590752,0.00648394275429571,-0.00436092960147689,0.00193262252340174,0.0120568021353992
2025-09-16,0.00612593538919835,-0.0122632628237533,0.0113209629645864,-0.00178847064050066,0.0282411138692516,-0.0161462006503009,0.000938887170892495,0.000453018584437605,-0.0026039562321767,0.0187001141709181
2025-09-17,0.00352722002025025,0.00192515291537869,-0.0103824306895336,-0.006489901775136,0.0100564258893734,-0.0262466124353855,0.0082796632222945,0.0120773837774946,0.0082188722705414,-0.00421048650386839
2025-09-18,-0.0046445731252402,-0.00307826768371112,-0.00168378981897347,0.0100188524752779,-0.021157139806427,0.0349404417974139,0.00474746473663842,-0.00865160577640074,-0.00642558285115046,0.00583973459147477
2025-09-19,0.0320329387201036,0.0186449468249401,0.00108117460804946,0.010673352478961,0.0221182705666396,0.00243977577405974,0.00494837189153383,-0.000451430108620594,-0.0122586279607996,-0.00239670970841713
2025-09-22,0.0430956728158572,-0.00671902965756971,-0.0166320672014294,-0.00859766813393285,0.0191048043535834,0.0392823210337221,-0.00743371571681313,-0.00331167417770787,0.00478838261009487,-0.0163204934195811
2025-09-23,-0.00644325842565627,-0.0101467801704689,-0.0304002021724137,-0.00344513707396964,-0.0192533233137886,-0.0282120060054538,0.000960094743544445,0.00755174089564909,-0.00291774945913669,-0.0127554602705614
2025-09-24,-0.00833235041417498,0.00180654567705012,-0.00226541608803542,-0.0179607496228851,0.0397792701622932,-0.00818246091636438,0.0021744425774673,-0.00389757851906903,0.00204844608549369,0.0069631488192022
2025-09-25,0.0180729669798054,-0.00611580124162462,-0.00935476479077397,-0.00546257915345442,-0.043813079613597,0.00406854722581023,9.57289271302674e-05,-0.00707285305732471,0.00311498265877816,-0.0154471026975545
2025-09-26,-0.00548910065737674,0.00873708875440095,0.00747194558064691,0.0030514279938281,0.0401756741055176,0.00281387415320194,0.00832663671705975,-0.00469851925030432,0.00106739919668477,-0.00688996913738845
2025-09-29,-0.0040319624617082,0.00613926193567093,0.0108745081578058,-0.0100997655764596,0.00638055766925039,0.0205399234919953,-0.00117063253239452,0.0056343040776319,-0.000775462596713283,-0.000470610652227553
2025-09-30,0.000786115008568989,0.0065100173397992,-0.0117027090343174,-0.00389259897816036,0.00340698493882679,0.0260103604421196,-0.00082365249729314,0.00423983328255058,-0.000194090266581739,-0.0121334205427474
2025-10-01,0.00322034168992167,0.00339796077388213,0.0048276063361777,0.00740431225577075,0.0331444283907076,0.00353740966936549,-0.0149637498262933,0.00693611551813029,-0.0106734021719736,-0.0232032584176858
2025-10-02,0.00657662791005876,-0.00763897921934906,0.00806780011740682,0.00322585636428858,-0.0510599222813326,0.00881218828130872,-0.0101702389519868,-0.0101827693662798,-0.00254999020013887,0.0135361198080172
2025-10-03,0.00346127946287897,0.0031217278987923,-0.0130390230094091,-0.00138391919847322,-0.014151406944344,-0.00672356359938068,0.0080636986924301,0.00832075114227697,0.00363815271928009,-0.0226806964716004
2025-10-06,-0.00515469476098992,0.0216876590421217,0.00633228292302073,0.0207051023005367,0.0544866904575455,-0.0110862151742554,0.00210680855663774,-0.00825208757515979,0.00617220656290287,0.00717741109088332
2025-10-07,-0.000817965851026095,-0.00868390670052941,0.00398372524729613,-0.0186479318927507,-0.0444787725584313,-0.00269482234865284,-0.0048191918154328,0.0104387436173708,0.00525804115170126,-0.00360504063821964
2025-10-08,0.00616033023900029,0.00166036266905887,0.0155108777181901,-0.00463862967782923,0.0129303520073596,0.0219952720188944,-0.0118950562567257,-0.0100313588525511,-0.00329323636207183,0.00667532896072484
2025-10-09,-0.0155779177879125,-0.00466793374509403,0.011189078495704,-0.0126318679832608,-0.00718045517097182,0.0182962348449616,0.00493369493529599,0.00378095182984339,-0.0109816051742583,0.0218292853844182
2025-10-10,-0.0345220451328047,-0.0218989534652091,-0.0499253978296636,-0.0205357162626339,-0.0506268491480565,-0.0488653135032775,-0.0151866474693102,0.0100949543402597,0.000687797329062383,-0.038458918420784
2025-10-13,0.00974435900140163,0.00604745096529419,0.0171003941883302,0.0320412601891999,0.0541972095851861,0.0281720943244901,0.0235301249377268,-0.00357996690037646,0.00274952356079679,0.014745521000903
2025-10-14,0.000444142135604235,-0.000933850367902456,-0.0167219876043781,0.0053245819629567,-0.0152787422697018,-0.0440208789314817,-0.0191252552570633,0.0106287381933102,0.0498432232027843,-0.00985048998960663
2025-10-15,0.00633653533135716,-0.000272510764533439,-0.00378941756893518,0.0227337694724387,0.013768529951932,-0.00111088611603348,0.0119504474682027,-0.00636944342367599,0.016976046593312,0.0125591109777903
2025-10-16,-0.00757998633938539,-0.00354485901139784,-0.00510277898660353,0.00171292753875888,-0.0147075582816311,0.0110103937458444,-0.0233896975582015,0.00760280770153696,-0.0234797262712162,-0.00763708525900665
2025-10-17,0.0195593942011617,0.00385067108666971,-0.00666763615624934,0.00731728880604655,0.024629731915088,0.00775538113970441,-0.00328259724417089,0.0125759247229135,0.011834336946475,0.00681107258029617
2025-10-20,0.0394388237214679,0.00625008241693287,0.0161472143720252,0.0128305726447289,0.0184835199797701,-0.00316561279497257,0.016131086052032,0,-0.00631210143983857,0.0212715179085319
2025-10-21,0.00202093267914245,0.00168358174544827,0.0256374868869787,-0.0237380177422295,-0.0107949548562448,-0.00810338254477666,-0.0174294636012649,0.0406194431971256,-0.0077534255145083,0.00150249076075359
2025-10-22,-0.0164400645747898,0.0055634361363342,-0.0183759034972144,0.00491096871267884,-0.00820154729497229,-0.00485762907370302,-0.0100307181779992,-0.005756842784091,0.00866127422737988,0.000190851363692034
2025-10-23,0.00437205326201203,3.85013485484374e-05,0.0144069714779335,0.00552263917207067,0.0228034028243133,0.0104282382210108,0.00146214571655649,-0.0122862617836559,-0.00261336734005059,0.000804487807624863
2025-10-24,0.0124818972559214,0.00585904386582926,0.0141119472959224,0.0270272032546083,-0.0339881718388788,0.0225076321230776,0.0200312297470059,-0.00328861041407681,-0.00645706807358185,0.00594005221014283
2025-10-27,0.0227911550689912,0.0151068088443567,0.0123098631826825,0.0359723496723617,0.0431154019976018,0.0280790968089202,0.0123485170821004,0.00502077524164327,-0.0160120481537264,0.0168752138584931
2025-10-28,0.00070681032334439,0.0198485718193045,0.0100453750144714,-0.0066845842259216,0.0179699706554507,0.0498198631103096,0.00397827655991748,0.00142748184942099,-0.0124437660644916,0.000825779955270181
2025-10-29,0.00260223466646343,-0.000959353704269443,0.00458016598367726,0.0265450124517751,0.00208451199240414,0.0298960017288661,0.000491311003279099,-0.0257983248122619,-0.00688185989836575,0.00030605874376878
2025-10-30,0.00630322909124096,-0.0291569351826298,-0.0323056984056311,0.0251666573176519,-0.0463912010770512,-0.0200444168693917,0.0128637392863213,0.0092173306048536,-0.00224476111108598,-0.113347595451563
2025-10-31,-0.00379504289842872,-0.0151210368391243,0.09584492754129,-0.00103028718630986,0.0374005708402703,-0.00197151609384392,0.0054290593467646,-0.00115979833565096,-0.0102709854271143,-0.0271880069063441
2025-11-03,-0.00488225788029295,-0.00150627329805588,0.0400458550913639,0.0089974128226854,0.0258673506696748,0.0216800809908548,-0.00568903340230491,-0.0134977394860232,0.00405216939533953,-0.0164108231556517
2025-11-04,0.00367965845169333,-0.0052220617974993,-0.0184251680148858,-0.0217819843426372,-0.0514763661270202,-0.0395881697381024,-0.000323249956250016,0.0101515503978485,0.00669359919497786,-0.0162927632111453
2025-11-05,0.000370364625158978,-0.0139405475788701,0.00352955879260276,0.0243928354400236,0.0400891306151771,-0.0175146765250774,0.00785765265662007,-0.00218471494024275,-0.00782240938940182,0.0137569640985282
2025-11-06,-0.0013697625427981,-0.0198359508777113,-0.0286171213007254,0.00154767531085484,-0.0349730634015617,-0.0365247923970879,0.00558271897623136,0.00802793640227241,0.00206956773315791,-0.02674741141844
2025-11-07,-0.0048188791892481,-0.00056326417786513,0.00563697504041267,-0.0207903387303981,-0.0367563286623563,0.000372160571832425,0.0025205327567039,0.0215755409265659,0.00894957996776617,0.00447542346376515
2025-11-10,0.00454872160309258,0.0184775450317865,0.0163249874170088,0.0404189688968114,0.0365757645150153,0.0579325302564963,0.00852933798994497,-0.000425368192326071,-0.00165701379376921,0.0161650911454696
2025-11-11,0.0216011035290899,0.00529640782497759,0.002818084638616,0.00417092414490387,-0.0126002644267218,-0.0295905886249187,-0.00400774947004734,0.0154567185623899,0.00995903213274194,-0.00740781493825154
2025-11-12,-0.00646679155162158,0.00483607841247375,-0.0196708512051893,-0.0157907076645167,-0.0205176950863383,0.00331333869848972,0.0151764885738786,-0.00139647662167751,0,-0.0288161351186048
2025-11-13,-0.00190144010379941,-0.0153578522748294,-0.0271089074525668,-0.0283909889900698,-0.0664422096228749,-0.0358101505727892,-0.0341124533679903,-0.00615293936643554,-0.0087007087022,0.00144495089163053
2025-11-14,-0.00197847614027649,0.0136899464621217,-0.012164320933477,-0.00775390152348927,0.0058708324248697,0.0177137899002685,-0.0189674551134309,0.00126633525452978,-0.000585113513361099,-0.000705007213829692
2025-11-17,-0.0181711431258126,-0.00527265496416569,-0.00775494186068866,0.0311492999259836,0.0113021077166696,-0.0187726377991461,-0.0106715285323106,-0.00674539023792775,0.00458614716044442,-0.0122240022707639
2025-11-18,-7.46921859647501e-05,-0.0269955716494753,-0.0443165383339173,-0.00259626386746968,-0.0187567572529425,-0.0280814962819564,-0.00319605614265282,0.00764004511958333,-0.0151529609485432,-0.00717594015967572
2025-11-19,0.00418775774441011,-0.0135077989855214,0.000629069367459965,0.0300056467786774,0.00682863609813084,0.0284517044964516,0.0128919700092469,-0.00154447143520719,-0.00769305300604228,-0.0123308395777721
2025-11-20,-0.00860139398019618,-0.0160013482766058,-0.0249225514882209,-0.0114750065775878,-0.0216836541988698,-0.0315247514254569,-0.0161241476990751,0.00140629576660305,0.0646059174669408,-0.00198190775773066
2025-11-21,0.0196806589566891,-0.0131889583686164,0.0163489134279109,0.0352737538574899,-0.0104749501134928,-0.00974314068095655,-0.00120656571473248,0.0244347085198018,-0.0167118206964153,0.00865650682318046
2025-11-24,0.0163175259035736,0.0039820674797952,0.025329631048308,0.0631381784321066,0.0682451678419985,0.020516570501993,-6.70666872238308e-05,-0.00493490739505219,-0.0119635580216053,0.0316364964827208
2025-11-25,0.00380542450676215,0.00630793909036668,0.0149814363087144,0.0152552511418164,0.00387762727253679,-0.0259107069998147,0.0167784948382448,0.000275609394174113,0.0282529503317231,0.0377945413852061
2025-11-26,0.00209401529832047,0.0178410679618984,-0.00222055345017612,-0.0107901444269785,0.0171196775876783,0.0137216603193562,0.0153135550067736,0.00371843189720886,0.0196262221108572,-0.00410231722787825
2025-11-28,0.0046838874009277,0.0134089267471986,0.0177168680996374,0.000718727086098256,0.00841583517387958,-0.0180849499541211,0.0176829608548865,0.00329309817729492,0.0129239538037847,0.0226323066739434
2025-12-01,0.0152411895738942,-0.0107112195043106,0.00282996166132593,-0.0165219046208292,-6.97370303823028e-05,0.016497221452531,-0.0132872649659945,-0.00908970743095284,0.00922990119680058,-0.0109268449591893
2025-12-02,0.01091482052825,0.00669765775843055,0.00230884759218122,0.00292159101859875,-0.00209239871533138,0.00855937463981069,-0.00336659807972861,-0.017790115824712,0.00789027304790055,0.00972114740593334
2025-12-03,-0.00712810729987395,-0.0250408308341286,-0.0087023005804428,0.012095983694103,0.0407697334781053,-0.010305343286772,0.0138041157550767,0.00198103004493962,0.0177920298458287,-0.0115901851012423
2025-12-04,-0.0121414833692617,0.00650992713307209,-0.0140717970726829,-0.00628858540721244,0.0174374551533546,0.0211605023555571,0.0127190789031722,-0.00508403647456296,0.0037583253471551,0.0342872172601063
2025-12-05,-0.00684007047701483,0.00482491283236335,0.00183317257136799,0.0114916296985891,0.00103403784561033,-0.00528956917261976,-0.00335335863917782,-0.00638746583016608,0.00235113406370676,0.0179733908936881
2025-12-08,-0.00319245346776643,0.0162679055690396,-0.0115017618772675,-0.0228615901011797,-0.0338901394016131,0.017213964840796,0.000539560907376637,0.00357142857142857,-0.0134654268893414,-0.00983044580882095
2025-12-09,-0.00255501936984579,0.00203655330685784,0.0045396393938374,0.0107100866701082,0.0127167455894832,-0.00312585190792593,-0.0466355196539313,-0.0022776322008456,0.0132088742781822,-0.0147569409454857
2025-12-10,0.00577244594888831,-0.0273566194672604,0.0169357697497469,0.00987135607768726,0.0141069672032537,-0.00643348885523406,0.0319455662786933,0.00171212373879422,-0.0163392304715631,-0.0103964141985285
2025-12-11,-0.00269029070545206,0.0102599793439029,-0.00647165418888587,-0.0242965839664459,-0.0101007806740336,-0.0155077055307775,0.0234433330865299,-0.0156672623339254,0.0206749937907595,0.00396841131066893
2025-12-12,0.000899255875375816,-0.0102177819583996,-0.0177609708162753,-0.0100501402472442,0.0270088308330972,-0.0326645036343447,0.00359193050037377,0.0204021996854621,0.0122739381898878,-0.0129919779405066
2025-12-15,-0.0149850359296832,-0.00775294582602367,-0.0161369163794872,-0.00345962542677641,0.0356240334842264,0.00725625061518666,0.00470925311309344,0.00638123367921254,0.000771242241976389,0.00591108127909767
2025-12-16,0.00182412062709412,0.00330654164307312,8.98906851105799e-05,-0.00535330272095223,0.0306536942186281,0.00811167955658709,-0.0139678557791953,-0.00845425480908777,-0.0117304798000037,0.014887823358787
2025-12-17,-0.0100869765633126,-0.000566813093383533,-0.00579615968855046,-0.0321297182411237,-0.0461745629373015,-0.0381498915863568,-0.00180638073831083,0.00426311511516698,0.0020794099547004,-0.0116412145322266
2025-12-18,0.00128751323414746,0.0165085107764893,0.0248112718776599,0.0193448366682016,0.0344775607046785,0.0187200005998531,-0.00628608484136786,-0.00438655110550033,-0.00717622172552221,0.0230177247221417
2025-12-19,0.00543745645725261,0.00400842017875034,0.0026019210221061,0.0155393199762858,-0.0044892792934549,0.0393362014903234,0.0134504004180877,-0.00426382957867202,-0.00409301761916273,-0.00854841232813649
2025-12-22,-0.00986601982579392,-0.00205792803351523,0.00475032567966268,0.00852967988769923,0.0156483761186134,0.0149179339537838,0.0185366528725658,0.00214104383537039,-0.0153900151000147,0.00414405693612549
2025-12-23,0.00512972610046983,0.00398002381025311,0.016241329216049,0.0147524628514374,-0.00648622625268395,0.0300506516364263,0.0087900987829359,-0.0048425629158837,-0.0150976640433321,0.00520030603387154
2025-12-24,0.00532381583538054,0.0024031254578519,0.00103388254413289,-0.000827133957520316,-0.000329523978322972,-0.00317111189802112,0.0099408255083788,0.00343491991320042,0.0064021557682965,0.0039251441362831
2025-12-26,-0.00149735302523721,-0.000635160515604895,0.000602458846317724,-0.00184659763510659,-0.0210341812597042,0.0101797262220019,-0.00382778345708835,-0.00342316162716118,0.00116474556676904,-0.0063815591993482
2025-12-29,0.00131681324491013,-0.00125074569354164,-0.00193530423177996,0.000159460441193971,-0.032723726747356,-0.0121240622127426,-0.0126864300735604,0.00415057827576209,0.00706999221970764,-0.00693508983750742
2025-12-30,-0.00248399329538358,0.000780159680300309,0.00198212367199757,0.000924956849306387,-0.0113350052358734,-0.00361283567187228,-0.00101922147159759,-0.00128283869138118,-0.00542078216448208,0.0110218915403545
2025-12-31,-0.00446760149978783,-0.00791830822264409,-0.00735385311166238,-0.00270837714068885,-0.0103646139801305,-0.00554544802903067,-0.00371043762235735,-0.00228337424592025,-0.00455677729788871,-0.00879943726127643
2026-01-02,-0.00312652387983166,-0.0220834356871192,-0.0187159136432699,0.00686904470011088,-0.0259049939181307,0.0126005689196568,0.0101173122640382,-0.0113002556736465,0.0121173900883744,-0.0146647477118412
2026-01-05,-0.0138371132872558,-0.000190337515692738,0.0289624616273466,0.0044106484659117,0.0310452801518766,-0.00386555977090006,0.026299664062019,-0.0170717629960476,-0.000443446708138509,0.012884188786802
2026-01-06,-0.0183343088300233,0.0119700002535738,0.03376810778181,-0.00695025521734646,-0.0414240959470946,-0.00467781015769123,0.0062247451538162,-0.00147197674303655,0.0144618691035243,0.00277784597653369
2026-01-07,-0.00773747740562713,0.0103654992431978,0.00261488773488159,0.0243049507109006,-0.00357997926727568,0.009987155855196,-0.0227727666560248,-0.00442210257307663,-0.0141682278211789,-0.0180587823014132
2026-01-08,-0.00495510833770107,-0.0110865512339796,0.019581038977249,0.0107459590851709,0.0101758978549286,-0.0215219042413571,0.00856300924850951,0.027095081525739,0.00310502546425386,-0.00405433238205271
2026-01-09,0.00127389541487116,0.00244718342635129,0.00442572425349263,0.00961777751753171,0.0211335985099461,-0.000972723099393408,-0.00181935803987293,0.0164336073880964,0.0129123471160656,0.0108349070155286
2026-01-12,0.00339285022384401,-0.00438162996992233,-0.00367856594772104,0.0100130049164377,0.00887616368794347,0.000432769830086895,-0.0142775059150455,-0.000141854147319019,0.0300358201176182,-0.0169816355264877
2026-01-13,0.00307386236927422,-0.0136425935728474,-0.0157016882298857,0.0123848573509368,-0.0039201249143446,0.00470420193415781,-0.0418810957098404,0.0104964235995674,0.0202593825965781,-0.0169477457578579
2026-01-14,-0.00417536021447809,-0.0239870655915363,-0.0245260183731947,-0.00038695353039842,-0.0178890871682186,-0.0143695075831645,-0.0097458952678681,0.00280747590727268,-0.00265868804588123,-0.0246716104860659
2026-01-15,-0.00673187624656455,-0.00592102437730129,0.00646523903975355,-0.00911152285737357,-0.00143443730715352,0.0213498071155449,0.00451494030104457,-0.0134378366694482,-0.00699770044050663,0.00857806097962491
2026-01-16,-0.0103790732765378,0.00700734687009968,0.00394660538379721,-0.00835387135234538,-0.00243976402022394,-0.00438389366928855,0.0103795878992267,-0.000567549852755015,0.00419463097987415,-0.000885933962280285
2026-01-20,-0.0345556349236723,-0.0116122537036289,-0.0339578257067485,-0.0242423698385866,-0.0417142857142857,-0.0438167244296045,-0.0311390243809534,0.0185973525438688,-0.00827065905604892,-0.0260056507582621
2026-01-21,0.00385083110680854,-0.0229032784707509,0.00134198077313422,0.0198136851787108,0.0290757362943495,0.029482786455111,-0.0023121546939045,0.00362372315303829,0.00547554149517321,0.0146328989719224
2026-01-22,0.00282661205324833,0.015829449808587,0.0130992988252894,0.0065777365440262,0.0415352837213783,0.00829145184891763,0.00526419114325221,-0.00194416588661725,-0.0128183543186436,0.0565615728062974
2026-01-23,-0.00124828950575375,0.0328279508486214,0.0205684364578897,-0.00789623261055185,-0.000667589021602162,0.0153105490539002,-0.0194644915425601,0.0140530745545857,-0.000848667339107508,0.0171857461805324
2026-01-26,0.0297129625199637,0.00929282081310328,-0.00309418582468958,0.0162535082018162,-0.0308644400011481,-0.00639418639073957,0.0111514419945129,-0.00439077534143544,-0.000764494731331441,0.0206448105293697
2026-01-27,0.011197578028026,0.0219018588697194,0.0262561637233138,0.00387076129187391,-0.0098805565026075,0.0109937418262342,-0.00242496334575767,0.0136439570903312,-0.00595033111079394,0.000907230300512317
2026-01-28,-0.00708544532818874,0.00218485692013078,-0.00682523385211095,0.00436419688060621,0.0012995998294875,0.0159134305750609,0.00153172208323921,-0.00666220901199923,-0.00316403915561215,-0.00630041520269474
2026-01-29,0.00717507719616633,-0.0999314624460957,-0.00526726804753284,0.00666640551700618,-0.0345338946636385,0.0051691218269117,0.0187852000546675,0.00506436844985175,0.00720600471376941,0.104048000122668
2026-01-30,0.00464613944662622,-0.00740486206463402,-0.0100525078340708,-0.000739076879794616,0.0332485264660269,-0.00716840508753431,-0.00172964805192452,0.0187933712063561,0.0147346535523302,-0.0295404337347648
2026-02-02,0.040581224133849,-0.016082164207571,0.0152946243854304,0.016834340866332,-0.0199809624087325,-0.0288808880418566,0.00735558498889198,0.00695099972505158,0.0412959391820637,-0.0140823822127969
2026-02-03,-0.00196291225993793,-0.0287219583920582,-0.0178630699569835,-0.0115803006047929,0.000355595878125668,-0.0283928896887632,0.021775787421616,0.02070884801108,0.0294212606618429,-0.0208235465193388
2026-02-04,0.0260129543351864,0.00724696002125736,-0.0235939558261204,-0.0196343223431303,-0.0377997488208572,-0.0341022181511092,0.00768614534935193,0.00598256064669221,0.00227077689770543,-0.0328321838540878
2026-02-05,-0.00209765085641525,-0.0495424690931905,-0.0442079179746627,-0.00537477930613463,-0.0216743875739096,-0.0132613670487262,-0.0224098893616333,0.0149968155784451,-0.00828123092651567,0.0018236920672813
2026-02-06,0.00800979389358302,0.0189752411016206,-0.0555480487744023,-0.0253282914609393,0.0349940691208821,0.0787177006919553,0.0394634707565626,0.00662331714326168,0.033401529485019,-0.0130556090078238
2026-02-09,-0.0116605139465281,0.0310615128670883,-0.00760748406141649,0.00452211939537841,0.0151055002163143,0.0249716279196116,-0.000930483246424236,-0.0134125974309326,-0.0164658372001784,0.0238260033969528
2026-02-10,-0.00342292061073653,-0.00079795994403834,-0.00843232319156123,-0.0176986625601379,0.0189063164774874,-0.00789307542092748,-0.0118596934238845,-0.0148775637289753,-0.017981764434914,-0.00959806308318309
2026-02-11,0.00665012924921799,-0.0215355536358292,-0.0139157556502873,-0.0239185918939881,0.00719643851293945,0.00800896265724043,-0.0234384550825984,0.023304269918272,0.016337864041659,-0.00302655109492406
2026-02-12,-0.0499818113018947,-0.00625662763126471,-0.0219521544852186,-0.00630305187329032,-0.0261516846306395,-0.0163641176554206,-0.0263174586031341,0.00508907803618604,0.0378193286915074,-0.0282343160715438
2026-02-13,-0.0227333968489454,-0.00129400501936935,-0.00405818032371651,-0.0106148442176777,0.000887129524275336,-0.0220926758792917,-0.000297471752285017,-0.00405062904840765,0.00187069740453295,-0.0154506364399828
2026-02-17,0.0316678635631091,-0.0111133662746401,0.0118718280097433,-0.0121026460859297,-0.016313715788534,0.0118155663856222,0.0151380508168358,0.0111845100407317,-0.0376427911651906,-0.000750334478407947
2026-02-18,0.00178111721997565,0.00690420907036305,0.0180959458120701,0.00433747312462378,0.00168035076151804,0.0162728793154114,0.00537229795283131,-0.000879835306339107,-0.0173069712945333,0.0061474335760867
2026-02-19,-0.0142614694314541,-0.000576916865031787,0.000341849340857016,-0.00158237708941211,0.00094812827947762,-0.000425586939426023,-0.00236417834449761,-0.00729644253675912,-0.0138208810775534,0.0024253889257273
2026-02-20,0.0153503730375344,-0.00308683555470253,0.0256272575630106,0.04005280731461,0.000267216903704825,0.0102182729648877,0.00889472767580337,0.0117854851428394,-0.0150556966562048,0.0168738846634572
2026-02-23,0.0060473436568037,-0.0321224716479546,-0.0230355353092723,-0.0110800810238164,-0.0291147116184509,0.00911387451684223,-0.0422149836110051,0.00901805177515409,0.0229286913066507,-0.0280785375020488
2026-02-24,0.0223909464897933,0.0117824505550865,0.0160276378314199,-0.00189407085917263,0.0238851977872347,0.0067867555784205,-0.00124307326258388,0.00198614283711856,0.00747160368529697,0.00321692866687953
2026-02-25,0.0076798567847141,0.0298200671041543,0.00997315810990858,0.00643284820201105,0.0195905733499802,0.014052327556699,0.0201816355410624,-0.00309712582035839,-0.00788954635108481,0.0225090175554596
2026-02-26,-0.00466761013753817,0.00279579405921821,-0.0129130327980655,-0.0176413107533616,-0.0211308276310261,-0.0545612512893852,0.00933075240271611,0.000372794567439194,-0.0105765553165408,0.00507887119555048
2026-02-27,-0.0321304969372853,-0.0223539056035063,0.0100038565283408,0.0142494746473054,-0.0148562754078201,-0.0416463679683107,-0.0190442524314948,0.0131676715353268,0.0283716350365458,-0.0134396994849346
2026-03-02,0.00204409326933672,0.0147934962139372,-0.00766666957310471,-0.0168079434467088,0.00201236624914154,0.0298549196526047,-0.00912417697553817,-0.0164295779549042,-0.00664320824067583,0.0083001711617224
2026-03-03,-0.00366425361223197,0.0134989462993203,0.00163153864814438,-0.00959152956451837,-0.0270009284208005,-0.0133164880133449,0.00907384134017998,-0.0109698936602034,0.00637297559175768,0.00232575362159268
2026-03-04,-0.00466354876332895,0.00314415753788651,0.0387582607304803,-0.00148218774290968,0.0344265474550176,0.0166064436750689,-0.00289747248681596,-0.015628912541017,-0.000781847397793678,0.0193105621433894
2026-03-05,-0.00849451684471106,0.0135241369784315,0.00977767293410742,-0.00742264464243465,-0.000960769192716701,0.00163900274673312,-0.0195064182829436,-0.0137003804830898,-0.0352085133084913,-0.0107228570739099
2026-03-06,-0.0108725536783544,-0.00418817875566901,-0.0261715340442298,-0.00784365072115234,-0.0217481865913494,-0.030107936751012,-0.013864680551482,0.000129847285329127,0.00397376938500994,-0.0237825238785723
2026-03-09,0.00939957083839267,0.00110038198462843,0.00131325346128234,0.0269853101097855,0.00491513531987428,0.02716222232214,0.00151997521316505,0.00986503280372262,0.004361819651226,0.00392337771663193
2026-03-10,0.003655462796695,-0.00891525332511504,0.00393459326562194,0.00221968672762418,0.00140462919855972,0.0116069556354789,-0.00410458880481043,0.00102820306584026,0.0062731738110347,0.0103183436948878
