"date","AAPL","MSFT","AMZN","GOOGL","TSLA","NVDA","JPM","KO","WMT","META"
2019-01-02,37.503719329834,94.3971633911133,76.9564971923828,52.3017272949219,20.6746673583984,3.37716603279114,81.2501983642578,37.8411026000977,28.0244464874268,134.738815307617
2019-01-03,33.76806640625,90.9244613647461,75.0139999389648,50.8531951904297,20.0240001678467,3.17312812805176,80.0955047607422,37.6072654724121,27.8803329467773,130.826141357422
2019-01-04,35.2096214294434,95.1532974243164,78.7695007324219,53.4616355895996,21.1793327331543,3.37642216682434,83.0482635498047,38.3571586608887,28.0544681549072,136.993057250977
2019-01-07,35.1312408447266,95.274658203125,81.4755020141602,53.3550224304199,22.3306674957275,3.55517363548279,83.1059722900391,37.8572425842285,28.3847274780273,137.092361450195
2019-01-08,35.8009567260742,95.965461730957,82.8290023803711,53.8236541748047,22.3566665649414,3.46666502952576,82.9492721557617,38.2845840454102,28.5828914642334,141.541290283203
2019-01-09,36.4089088439941,97.3376998901367,82.9710006713867,53.6391716003418,22.5686664581299,3.53484392166138,82.8090744018555,37.5508232116699,28.4898128509521,143.229476928711
2019-01-10,36.5252838134766,96.712272644043,82.8109970092773,53.4993362426758,22.9979991912842,3.60054230690002,82.8008117675781,37.9539909362793,28.5108394622803,143.19970703125
2019-01-11,36.1666831970215,95.965461730957,82.0279998779297,52.7872161865234,23.1506671905518,3.68979287147522,82.4049377441406,38.1716995239258,28.4748077392578,142.802474975586
2019-01-14,35.6228332519531,95.2653274536133,80.8604965209961,52.14453125,22.2933330535889,3.72970867156982,83.2544403076172,38.0184936523438,28.5078315734863,144.381439208984
2019-01-15,36.351921081543,98.0285186767578,83.7279968261719,53.8801803588867,22.9619998931885,3.71557688713074,83.8647842407227,38.3571586608887,28.8981437683105,147.916763305664
2019-01-16,36.7960205078125,98.3739166259766,84.1890029907227,54.0289459228516,23.0699996948242,3.69004106521606,84.5411224365234,37.8330307006836,28.9281673431396,146.516540527344
2019-01-17,37.0145072937012,99.0647354125977,84.661003112793,54.5055122375488,23.1539993286133,3.76144194602966,84.8875274658203,37.9459342956543,29.0452556610107,147.271255493164
2019-01-18,37.2424926757812,100.549011230469,84.8099975585938,54.9111633300781,20.1506671905518,3.89060878753662,86.2649459838867,38.3894119262695,29.3425025939941,148.999206542969
2019-01-22,36.4065399169922,98.6539993286133,81.6084976196289,53.4894104003906,19.92799949646,3.68830609321594,84.9040298461914,38.4781112670898,29.2704410552979,146.546356201172
2019-01-23,36.553783416748,99.6155090332031,82.0009994506836,53.7760467529297,19.1726665496826,3.70119762420654,84.6895751953125,38.9215927124023,29.636739730835,143.29899597168
2019-01-24,36.2640609741211,99.1394195556641,82.7464981079102,53.7557029724121,19.4340000152588,3.91316914558411,84.7390747070312,38.4539070129395,29.5316524505615,144.818374633789
2019-01-25,37.4657325744629,100.044914245605,83.5285034179688,54.6240272521973,19.8026676177979,3.97043895721436,85.2751846313477,38.1958847045898,29.1053104400635,147.976333618164
2019-01-28,37.1190071105957,98.093864440918,81.8945007324219,53.5504035949707,19.7586669921875,3.42154431343079,85.6793518066406,38.0346221923828,29.1413383483887,146.447006225586
2019-01-29,36.734260559082,96.0961456298828,79.6940002441406,53.0644264221191,19.8306674957275,3.26262736320496,85.9185333251953,38.2200813293457,29.0362586975098,143.18977355957
2019-01-30,39.2444953918457,99.3074493408203,83.5214996337891,54.4494781494141,20.5846672058105,3.40617251396179,86.1164932250977,38.590991973877,28.4627990722656,149.376556396484
2019-01-31,39.5271072387695,97.4870681762695,85.9365005493164,55.8330307006836,20.4680004119873,3.56384968757629,85.3659210205078,38.8087005615234,28.7720394134521,165.533676147461
2019-02-01,39.5461120605469,95.94677734375,81.3115005493164,55.4725189208984,20.8139991760254,3.58814573287964,85.6793518066406,39.2683067321777,28.1805686950684,164.560485839844
2019-02-04,40.6694068908691,98.7100067138672,81.6654968261719,56.6031761169434,20.8593330383301,3.69847059249878,85.9845123291016,39.7117958068848,28.4537887573242,168.075927734375
2019-02-05,41.3652458190918,100.091590881348,82.9404983520508,57.1213874816895,21.4233322143555,3.71756076812744,85.6051177978516,39.7198600769043,28.7029895782471,169.972671508789
2019-02-06,41.3794860839844,98.9807205200195,82.0130004882812,55.684268951416,21.1480007171631,3.79317617416382,85.5638427734375,39.7198600769043,28.7149982452393,169.307357788086
2019-02-07,40.5957870483398,98.2712554931641,80.7184982299805,54.8422355651855,20.5006675720215,3.65483713150024,84.4421234130859,39.8488731384277,29.04225730896,165.225860595703
2019-02-08,40.6434936523438,98.644645690918,79.411003112793,54.6671752929688,20.3866672515869,3.67343020439148,83.6008682250977,39.9133796691895,28.6969833374023,166.16926574707
2019-02-11,40.4097518920898,98.2526016235352,79.5500030517578,54.6542816162109,20.8560009002686,3.63078927993774,83.204963684082,40.0020713806152,28.8831310272217,164.639953613281
2019-02-12,40.7579727172852,99.7835235595703,81.9004974365234,55.9168510437012,20.78733253479,3.74780631065369,84.6235961914062,40.0423927307129,29.114315032959,163.895126342773
2019-02-13,40.5886383056641,99.708854675293,82,55.9689178466797,20.5446662902832,3.79020142555237,85.0277633666992,40.1472206115723,29.405553817749,162.931869506836
2019-02-14,40.7365036010742,99.7928848266602,81.1324996948242,55.997184753418,20.2513332366943,3.83110785484314,84.4751434326172,36.7606201171875,29.5796928405762,162.812698364258
2019-02-15,40.6458702087402,101.025100708008,80.3974990844727,55.5226058959961,20.525333404541,3.90077352523804,87.0567321777344,36.4784088134766,30.0210456848145,161.372772216797
2019-02-19,40.7675094604492,100.97843170166,81.3789978027344,55.8637847900391,20.3759994506836,3.88341856002808,86.7515640258789,36.1478118896484,30.6845760345459,161.164215087891
2019-02-20,41.0298652648926,100.45344543457,81.1050033569336,55.5702133178711,20.1706676483154,3.93077111244202,87.1722106933594,36.3655128479004,29.9880199432373,161.432342529297
2019-02-21,40.798511505127,102.572189331055,80.9720001220703,54.7579231262207,19.4153327941895,3.86185026168823,86.9907608032227,36.9783325195312,29.8409042358398,158.929809570312
2019-02-22,41.2540588378906,104.034706115723,81.5780029296875,55.370361328125,19.6473331451416,3.94663786888123,86.6031112670898,36.5106544494629,29.8889350891113,160.767013549805
2019-02-25,41.5545654296875,104.615966796875,81.6500015258789,55.4085502624512,19.9179992675781,3.93424296379089,87.5103759765625,36.2365112304688,29.7598323822021,163.478042602539
2019-02-26,41.5784225463867,105.337829589844,81.8199996948242,55.6406288146973,19.8573322296143,3.89482283592224,86.8422927856445,36.0349235534668,29.6307315826416,162.991455078125
2019-02-27,41.707218170166,105.159698486328,82.0544967651367,55.684268951416,20.9826679229736,3.85292506217957,86.7350845336914,36.2365112304688,29.4565944671631,161.680618286133
2019-02-28,41.2969856262207,105.028442382812,81.9915008544922,55.8657684326172,21.3253326416016,3.82835507392883,86.0752410888672,36.5590362548828,29.7208003997803,160.330032348633
2019-03-01,41.7310638427734,105.497200012207,83.5865020751953,56.955265045166,19.6526660919189,3.88270592689514,86.1329727172852,36.5912933349609,29.4025440216064,161.154281616211
2019-03-04,41.9409599304199,105.244071960449,84.8085021972656,57.1982574462891,19.0240001678467,3.89089584350586,85.9350204467773,36.8090019226074,29.3785305023193,166.208969116211
2019-03-05,41.864631652832,104.719062805176,84.6214981079102,57.9802856445312,18.4360008239746,3.88444304466248,85.8690490722656,36.7686882019043,29.5256462097168,170.071990966797
2019-03-06,41.6237411499023,104.765953063965,83.4475021362305,57.76953125,18.4160003662109,3.77350902557373,85.5473709106445,36.6477394104004,29.5016288757324,171.31330871582
2019-03-07,41.1419639587402,103.490913391113,81.2975006103516,57.0708122253418,18.4393329620361,3.70426774024963,84.9287796020508,36.5106544494629,29.258430480957,167.956787109375
2019-03-08,41.2397575378418,103.603446960449,81.0400009155273,57.027172088623,18.9426670074463,3.73851633071899,84.961784362793,36.155876159668,29.3004665374756,168.423492431641
2019-03-11,42.6683921813965,105.778457641602,83.5309982299805,58.4796752929688,19.3946666717529,3.99910044670105,86.0669860839844,37.2363510131836,29.5676803588867,170.876403808594
2019-03-12,43.1477699279785,106.519088745117,83.6549987792969,59.3717918395996,18.8906669616699,4.03334808349609,85.8113098144531,37.1315383911133,29.5346565246582,170.727401733398
2019-03-13,43.3385810852051,107.344078063965,84.5404968261719,59.4615478515625,19.2639999389648,4.18473529815674,86.099983215332,37.2686157226562,29.7328052520752,172.167358398438
2019-03-14,43.8203659057617,107.428451538086,84.3109970092773,59.1377296447754,19.3306674957275,4.10879421234131,86.8835144042969,37.1710090637207,29.6482944488525,168.989562988281
2019-03-15,44.3903884887695,108.665954589844,85.6179962158203,59.0271415710449,18.3619995117188,4.21426820755005,87.8815231323242,36.8456497192383,29.7086601257324,164.828628540039
2019-03-18,44.8435478210449,110.222213745117,87.1074981689453,58.9403610229492,17.9659996032715,4.19292497634888,88.4094161987305,36.9351348876953,30.0829677581787,159.356811523438
2019-03-19,44.4881591796875,110.297225952148,88.0924987792969,59.6301536560059,17.8313331604004,4.3606915473938,88.0877304077148,37.05712890625,30.1403121948242,160.449234008789
2019-03-20,44.8769454956055,110.175323486328,89.8635025024414,60.8188285827637,18.2399997711182,4.32818222045898,86.2072143554688,37.0327377319336,29.7750759124756,164.292373657227
2019-03-21,46.5297660827637,112.706596374512,90.9629974365234,61.2998580932617,18.2679996490479,4.56494045257568,84.8462982177734,37.0164680480957,29.9018535614014,164.927947998047
2019-03-22,45.566219329834,109.734725952148,88.2385025024414,59.8875389099121,17.6353321075439,4.40511465072632,82.2812042236328,37.3580780029297,29.6664047241211,163.199981689453
2019-03-25,45.0152702331543,110.306602478027,88.7129974365234,59.3782386779785,17.3613338470459,4.3127932548523,81.5966339111328,37.4394226074219,29.6331996917725,165.136459350586
2019-03-26,44.5501823425293,110.540977478027,89.1880035400391,59.0043296813965,17.8513336181641,4.38948011398315,82.4131622314453,37.9355659484863,29.6784801483154,166.516815185547
2019-03-27,44.9508743286133,109.472206115723,88.2850036621094,58.4176712036133,18.32200050354,4.38029861450195,82.1327438354492,37.9111747741699,29.3434181213379,164.719360351562
2019-03-28,45.0104904174805,109.622207641602,88.6709976196289,58.1330299377441,18.5746669769287,4.39891147613525,83.0647583007812,37.8867721557617,29.3192710876465,164.401611328125
2019-03-29,45.3038482666016,110.569091796875,89.0374984741211,58.3621368408203,18.6573333740234,4.45623874664307,83.4936447143555,38.1145095825195,29.4400062561035,165.533676147461
2019-04-01,45.6115303039551,111.581596374512,90.7095031738281,59.4575843811035,19.2786674499512,4.52374219894409,86.3061752319336,38.0006370544434,29.527551651001,167.529769897461
2019-04-02,46.2745704650879,111.74097442627,90.6989974975586,59.7828941345215,19.058666229248,4.5416111946106,86.7185821533203,37.8786354064941,29.2619152069092,172.991622924805
2019-04-03,46.5917778015137,112.472229003906,91.0350036621094,60.0442352294922,19.4540004730225,4.68108606338501,86.8917922973633,37.5614128112793,29.3373832702637,172.336181640625
2019-04-04,46.6728706359863,111.900337219238,90.943000793457,60.4726943969727,17.8519992828369,4.67215251922607,87.7311935424805,37.8054275512695,29.6150913238525,174.798980712891
2019-04-05,46.9853134155273,112.397239685059,91.8639984130859,60.0759773254395,18.3306674957275,4.73891067504883,87.5234222412109,37.797290802002,29.8324279785156,174.501052856445
2019-04-08,47.7246856689453,112.434722900391,92.4929962158203,59.9187698364258,18.2133331298828,4.75975704193115,87.8060073852539,37.8623542785645,29.9531707763672,173.716537475586
2019-04-09,47.5815811157227,111.825355529785,91.7919998168945,59.6415634155273,18.1539993286133,4.69696998596191,87.1577529907227,37.9599723815918,29.7901668548584,176.34814453125
2019-04-10,47.8486976623535,112.67845916748,92.3665008544922,59.8280220031738,18.4039993286133,4.76745128631592,87.54833984375,37.9355659484863,30.0648536682129,176.586471557617
2019-04-11,47.4503936767578,112.80973815918,92.203498840332,59.9837379455566,17.8946666717529,4.75355386734009,88.2880325317383,37.9925079345703,30.4270820617676,176.278625488281
2019-04-12,47.4313087463379,113.390960693359,92.1529998779297,60.6353492736816,17.8466663360596,4.7155818939209,92.4269104003906,38.016918182373,30.6564865112305,177.857620239258
2019-04-15,47.5171699523926,113.484733581543,92.2434997558594,60.823787689209,17.7586669921875,4.58380174636841,91.3714141845703,38.228385925293,30.9191036224365,178.403778076172
2019-04-16,47.5219535827637,113.222229003906,93.1520004272461,61.0905838012695,18.2240009307861,4.67091083526611,92.3355102539062,38.1877250671387,31.0700283050537,177.629196166992
2019-04-17,48.4473495483398,114.159713745117,93.2409973144531,61.4987144470215,18.0820007324219,4.64807796478271,94.9950332641602,38.4561347961426,31.1394538879395,177.539825439453
2019-04-18,48.6214637756348,115.659706115723,93.0845031738281,61.5646705627441,18.2173328399658,4.62350940704346,94.2968902587891,38.6188011169434,31.1454982757568,177.04328918457
2019-04-22,48.78125,116.025352478027,94.3655014038086,62.174129486084,17.5166664123535,4.67736434936523,94.4132537841797,38.5537300109863,30.9010028839111,180.181396484375
2019-04-23,49.4848327636719,117.600372314453,96.1884994506836,63.0087280273438,17.5933322906494,4.73196125030518,94.5296096801758,39.2125587463379,31.1122970581055,182.505142211914
2019-04-24,49.4085235595703,117.197235107422,95.0875015258789,62.4860496520996,17.2439994812012,4.74437189102173,94.3717041015625,39.0254898071289,31.2511501312256,181.313461303711
2019-04-25,48.9601287841797,121.078483581543,95.1125030517578,62.8475608825684,16.5086669921875,4.63864803314209,94.4215698242188,38.9116172790527,31.2481212615967,191.919357299805
2019-04-26,48.7264060974121,121.77222442627,97.5315017700195,63.3474349975586,15.6759996414185,4.41975736618042,95.136344909668,39.2532424926758,30.6474380493164,190.161666870117
2019-04-29,48.8003158569336,121.659774780273,96.921501159668,64.2787322998047,16.0979995727539,4.45053243637085,96.5076446533203,39.383373260498,30.6564865112305,193.428848266602
2019-04-30,47.8606262207031,122.437889099121,96.3259963989258,59.4565925598145,15.9126672744751,4.49197673797607,96.4494781494141,39.903923034668,31.0428676605225,192.058410644531
2019-05-01,50.2098846435547,119.887855529785,95.5759963989258,58.1850967407227,15.6006669998169,4.47882318496704,95.7098007202148,39.5216445922852,30.5961265563965,191.690979003906
2019-05-02,49.883129119873,118.322242736816,95.0410003662109,57.8473930358887,16.2733325958252,4.54632663726807,95.9175643920898,39.3589630126953,30.5327377319336,191.194458007812
2019-05-03,50.5032501220703,120.844100952148,98.1230010986328,58.9899482727051,17.0020008087158,4.54186010360718,96.5076446533203,39.6273765563965,30.8134613037109,194.114059448242
2019-05-06,49.723331451416,120.140983581543,97.5274963378906,59.1838455200195,17.0226669311523,4.4634370803833,95.6516189575195,39.4240493774414,30.928165435791,192.535079956055
2019-05-07,48.3829498291016,117.675354003906,96.0500030517578,58.4598388671875,16.470666885376,4.29616641998291,94.089111328125,39.0417556762695,30.5780124664307,188.453582763672
2019-05-08,48.3924942016602,117.665992736816,95.8884963989258,58.059139251709,16.3226661682129,4.31626844406128,93.5904693603516,38.919750213623,30.2761535644531,188.225158691406
2019-05-09,47.8725509643555,117.656593322754,94.9934997558594,57.9197959899902,16.1319999694824,4.22369813919067,93.5156631469727,38.5537300109863,30.206356048584,187.341369628906
2019-05-10,47.2093467712402,119.18473815918,94.4990005493164,57.9034309387207,15.9680004119873,4.18969917297363,93.5073623657227,39.1963043212891,30.9255599975586,187.033508300781
2019-05-13,44.4655647277832,115.640975952148,91.1340026855469,56.3636589050293,15.1339998245239,3.93234133720398,90.9641876220703,39.0824279785156,30.3125686645508,180.280685424805
2019-05-14,45.1694717407227,116.934745788574,92.0059967041016,55.7819633483887,15.4873332977295,4.02143383026123,91.687255859375,39.6029815673828,30.4339504241943,179.476303100586
2019-05-15,45.7105598449707,118.581443786621,93.557502746582,58.0601348876953,15.4633331298828,3.96038508415222,91.3381805419922,40.0015335083008,30.3095321655273,184.97785949707
2019-05-16,45.509449005127,121.319664001465,95.3785018920898,58.7395172119141,15.2220001220703,3.97552347183228,92.5100326538086,40.3268852233887,30.7434825897217,185.69287109375
2019-05-17,45.2508697509766,120.510459899902,93.4499969482422,57.9599609375,14.0686674118042,3.88469123840332,92.0612487792969,40.0177917480469,30.6069202423096,184.014587402344
2019-05-20,43.835880279541,118.769638061523,92.9485015869141,56.7638511657715,13.6906671524048,3.76606369018555,92.5432891845703,39.7331161499023,30.8072071075439,181.452484130859
2019-05-21,44.6762580871582,119.409507751465,92.8759994506836,57.2488403320312,13.6719999313354,3.84820890426636,92.8591003417969,39.5297737121582,30.685827255249,183.537933349609
2019-05-22,43.7616691589355,120.134033203125,92.984001159668,57.3187599182129,12.8486671447754,3.77723169326782,92.1027984619141,40.3838157653809,31.0226631164551,184.034454345703
2019-05-23,43.0146713256836,118.731971740723,90.7740020751953,56.7975692749023,13.0326671600342,3.65612149238586,90.2909774780273,40.5464897155762,30.9103851318359,179.615341186523
2019-05-24,42.8494567871094,118.788444519043,91.1640014648438,56.4638252258301,12.7086668014526,3.60226702690125,91.180290222168,40.3512802124023,31.1561832427979,179.80403137207
2019-05-28,42.6722793579102,118.713188171387,91.8215026855469,56.5109367370605,12.5799999237061,3.55709981918335,90.1912612915039,39.936466217041,31.0803203582764,183.031448364258
2019-05-29,42.4687690734863,117.565185546875,90.9595031738281,55.5379753112793,12.6573333740234,3.48289513587952,89.9419479370117,39.5379066467285,30.989294052124,180.926177978516
2019-05-30,42.6890525817871,118.308547973633,90.8160018920898,55.6108779907227,12.5480003356934,3.45631051063538,88.9778594970703,40.058464050293,31.0105304718018,181.740478515625
2019-05-31,41.9157218933105,116.379577636719,88.7535018920898,54.8714942932129,12.3439998626709,3.36562275886536,88.0636367797852,39.9608688354492,30.7829303741455,176.238922119141
2019-06-03,41.4919357299805,112.76619720459,84.6344985961914,51.5112571716309,11.9313325881958,3.32388114929199,88.4791717529297,40.6522369384766,30.9407348632812,163.011322021484
2019-06-04,43.0098724365234,115.890266418457,86.4779968261719,52.2923049926758,12.9066667556763,3.55296087265015,91.205192565918,40.6685066223145,31.1228065490723,166.33805847168
2019-06-05,43.7042045593262,118.40266418457,86.9250030517578,51.803840637207,13.1059999465942,3.51022529602051,91.5293273925781,41.3029251098633,31.6872520446777,167.00341796875
2019-06-06,44.3458557128906,120.275192260742,87.7180023193359,51.958568572998,13.7299995422363,3.57234048843384,91.7288131713867,41.8072090148926,31.8966236114502,167.162307739258
2019-06-07,45.5262069702148,123.643882751465,90.2014999389648,52.9806098937988,13.6333332061768,3.61507558822632,90.7231750488281,41.8804206848145,32.1849212646484,172.147491455078
2019-06-10,46.1080093383789,124.773071289062,93.0315017700195,53.694221496582,14.1920003890991,3.68787407875061,91.7038879394531,41.7909393310547,32.6279602050781,173.607315063477
2019-06-11,46.6419219970703,124.302558898926,93.1849975585938,53.6089286804199,14.4733333587646,3.74551558494568,91.9864501953125,41.7502899169922,32.7554130554199,176.864547729492
2019-06-12,46.4934730529785,123.728561401367,92.765998840332,53.5127143859863,13.9506673812866,3.63246774673462,90.814582824707,42.0024223327637,33.0224609375,173.825759887695
2019-06-13,46.4839019775391,124.509559631348,93.5149993896484,54.1033325195312,14.260666847229,3.68365001678467,91.0389862060547,41.9122581481934,32.970874786377,176.238922119141
2019-06-14,46.146312713623,124.631881713867,93.4834976196289,53.8697662353516,14.3280000686646,3.5937077999115,91.2716751098633,42.0598068237305,33.0983200073242,180.072128295898
2019-06-17,46.4216346740723,125.008293151855,94.3014984130859,54.2461547851562,15.0019998550415,3.60339832305908,90.7730407714844,41.6991271972656,33.1256408691406,187.698867797852
2019-06-18,47.5134124755859,127.181930541992,95.0684967041016,54.8090057373047,14.9826669692993,3.79843807220459,92.0113830566406,41.5105934143066,33.2743263244629,187.162612915039
2019-06-19,47.3745460510254,127.680633544922,95.4394989013672,54.7728042602539,15.0953330993652,3.80440139770508,91.3464813232422,41.904052734375,33.2652282714844,186.179473876953
2019-06-20,47.7552452087402,128.866302490234,95.9095001220703,55.2037391662598,14.6413326263428,3.82874989509583,91.5792083740234,42.3467025756836,33.4776458740234,188.215255737305
2019-06-21,47.5924224853516,128.88508605957,95.5650024414062,55.8072547912598,14.7906665802002,3.77061057090759,90.9558715820312,42.256534576416,33.7234497070312,189.814086914062
2019-06-24,47.5445365905762,129.64729309082,95.6949996948242,55.3773040771484,14.9093332290649,3.79297184944153,90.3076019287109,42.5598258972168,33.7568359375,191.263977050781
2019-06-25,46.8238716125488,125.554039001465,93.9134979248047,53.9332466125488,14.6506671905518,3.76365375518799,89.5596237182617,42.4286727905273,33.5990333557129,187.530044555664
2019-06-26,47.8366317749023,126.024528503418,94.8915023803711,53.5732116699219,14.6180000305176,3.95695447921753,90.1580047607422,41.904052734375,33.4290962219238,186.358215332031
2019-06-27,47.8222808837891,126.231567382812,95.213996887207,53.3902282714844,14.8559999465942,4.05559253692627,90.4572143554688,41.871265411377,33.4108924865723,188.185470581055
2019-06-28,47.3865203857422,126.052787780762,94.6815032958984,53.6961975097656,14.8973331451416,4.08043813705444,92.9172668457031,41.7401123046875,33.5292320251465,191.661178588867
2019-07-01,48.2556381225586,127.671264648438,96.1094970703125,54.5491485595703,15.1446666717529,4.12863969802856,94.4797439575195,42.2975158691406,33.5686836242676,191.661178588867
2019-07-02,48.538143157959,128.518112182617,96.7154998779297,55.1739921569824,14.9700002670288,4.03074598312378,94.5794830322266,42.6090202331543,33.8660736083984,193.647323608398
2019-07-03,48.940372467041,129.34619140625,96.9499969482422,55.6892280578613,15.6599998474121,4.04366683959961,94.428825378418,42.7073783874512,34.0845680236816,195.832046508789
2019-07-05,48.8972778320312,128.969757080078,97.1455001831055,56.1692657470703,15.539999961853,3.98105573654175,94.9896087646484,42.7155838012695,33.9813957214355,195.037582397461
2019-07-08,47.8893051147461,128.875686645508,97.6159973144531,55.3817710876465,15.3559999465942,3.90601992607117,94.4706802368164,42.6254119873047,34.2059516906738,194.40202331543
2019-07-09,48.1814041137695,128.405197143555,99.4150009155273,55.7536964416504,15.3373327255249,3.90850448608398,94.8724136352539,42.2893142700195,34.254508972168,197.828094482422
2019-07-10,48.6578559875488,129.713134765625,100.870498657227,56.5778884887695,15.9280004501343,3.97683072090149,94.5962295532227,42.4778633117676,34.2848472595215,201.323699951172
2019-07-11,48.3035087585449,130.230743408203,100.053497314453,56.7350883483887,15.9066667556763,4.13137292861938,95.5001602172852,42.658203125,34.5701141357422,199.834091186523
2019-07-12,48.6746063232422,130.701171875,100.550003051758,56.7975692749023,16.3386669158936,4.16441774368286,96.5045547485352,42.7237739562988,34.7764625549316,203.448822021484
2019-07-15,49.1319160461426,130.701171875,101.049499511719,57.0539512634277,16.8999996185303,4.15596914291382,95.3327713012695,42.7319755554199,34.891773223877,202.495529174805
2019-07-16,48.9619216918945,128.988647460938,100.495002746582,57.2002410888672,16.8253326416016,4.15124845504761,96.353889465332,42.740161895752,34.8250045776367,202.425979614258
2019-07-17,48.6865997314453,128.22639465332,99.6015014648438,56.867000579834,16.9906673431396,4.21659469604492,95.408088684082,42.7729606628418,34.7764625549316,200.400146484375
2019-07-18,49.2396545410156,128.367553710938,98.8949966430664,56.891788482666,16.9026660919189,4.22827100753784,95.9772415161133,42.6499977111816,34.8128700256348,199.387191772461
2019-07-19,48.5046234130859,128.555755615234,98.2259979248047,56.1137237548828,17.2119998931885,4.18503952026367,95.0314559936523,42.125373840332,34.5640335083008,196.983993530273
2019-07-22,49.613151550293,130.258880615234,99.2815017700195,56.493579864502,17.0453338623047,4.25659656524658,95.642463684082,41.9860343933105,34.2363014221191,200.916549682617
2019-07-23,50.0010108947754,131.06819152832,99.7245025634766,56.9319610595703,17.3446674346924,4.36442708969116,97.3917541503906,44.5353584289551,34.014778137207,200.956268310547
2019-07-24,49.9603080749512,132.413711547852,100.040496826172,56.5193634033203,17.6586666107178,4.43896627426147,97.7851409912109,44.0845146179199,33.9874649047852,203.240310668945
2019-07-25,49.5652618408203,131.915023803711,98.6910018920898,56.3314208984375,15.2546672821045,4.30777883529663,96.8477096557617,43.5025177001953,34.0542259216309,199.317718505859
2019-07-26,49.7376670837402,132.997146606445,97.1524963378906,61.7506370544434,15.2026672363281,4.34976863861084,97.2745819091797,44.4042053222656,34.296989440918,198.364349365234
2019-07-29,50.2021369934082,132.705429077148,95.6224975585938,61.5830192565918,15.7180004119873,4.34355592727661,96.9648971557617,44.2566528320312,34.0693969726562,194.580810546875
2019-07-30,49.9866561889648,132.06559753418,94.9264984130859,60.8966941833496,16.1506671905518,4.35920858383179,96.7472610473633,44.0353240966797,34.0056762695312,195.67317199707
2019-07-31,51.006591796875,128.22639465332,93.338996887207,60.4107093811035,16.1073322296143,4.1919960975647,97.0904541015625,43.1418304443359,33.4958572387695,192.882629394531
2019-08-01,49.9028472900391,129.910751342773,92.765998840332,60.092342376709,15.5900001525879,4.09758186340332,94.5292739868164,42.6499977111816,33.1924057006836,191.393051147461
2019-08-02,48.8469924926758,128.819183349609,91.1620025634766,59.3256797790527,15.6226673126221,4.00490760803223,94.5208969116211,42.8959197998047,33.1984710693359,187.708801269531
2019-08-05,46.2899703979492,124.406066894531,88.2565002441406,57.2642097473145,15.2213325500488,3.74651002883911,91.7086181640625,42.3385162353516,32.1120758056641,180.469375610352
2019-08-06,47.166259765625,126.739677429199,89.3915023803711,58.0740242004395,15.3833332061768,3.78527021408081,92.4284286499023,42.8467330932617,32.5521011352539,183.230072021484
2019-08-07,47.6546783447266,127.294868469238,89.6699981689453,58.313549041748,15.5613327026367,3.82353138923645,90.4196624755859,43.5926742553711,32.8343276977539,183.865631103516
2019-08-08,48.7057418823242,130.691757202148,91.6445007324219,59.815128326416,15.8866672515869,3.93210864067078,91.9513549804688,44.0107383728027,33.0935287475586,188.840866088867
2019-08-09,48.304386138916,129.581420898438,90.3789978027344,58.9577178955078,15.667332649231,3.83073663711548,91.8509292602539,43.7894058227539,32.7153854370117,186.546936035156
2019-08-12,48.181812286377,127.774726867676,89.2460021972656,58.2436180114746,15.2673330307007,3.76290845870972,90.1267166137695,43.6090698242188,32.0871849060059,184.084106445312
2019-08-13,50.2222328186035,130.418869018555,91.2170028686523,59.346004486084,15.6666669845581,3.87719917297363,91.5161209106445,43.8549880981445,32.7550201416016,187.142730712891
2019-08-14,48.7273597717285,126.491363525391,88.1480026245117,57.7353210449219,14.6413326263428,3.72862076759338,87.7162170410156,43.4369316101074,32.3860282897949,178.463394165039
2019-08-15,48.4846382141113,126.208198547363,88.8059997558594,57.9867324829102,14.3760004043579,3.69632148742676,88.0510177612305,44.1582870483398,34.3651847839355,181.323379516602
2019-08-16,49.6286087036133,128.521209716797,89.6285018920898,58.4771842956543,14.6626672744751,3.96440768241882,90.1601943969727,44.600944519043,34.4566802978516,182.425689697266
2019-08-19,50.553897857666,130.673751831055,90.8059997558594,59.5299835205078,15.1219997406006,4.24317836761475,90.9720611572266,44.8304443359375,34.7067413330078,184.878570556641
2019-08-20,50.5562973022461,129.58805847168,90.0690002441406,58.6914176940918,15.0573329925537,4.17087888717651,89.8170394897461,44.1664810180664,34.1700096130371,182.534912109375
2019-08-21,51.1042594909668,131.03254699707,91.177001953125,59.0906219482422,14.7220001220703,4.25435876846313,90.0681457519531,44.3468246459961,34.1608734130859,182.276733398438
2019-08-22,51.0609970092773,130.079010009766,90.2330017089844,59.0876388549805,14.8100004196167,4.26057147979736,90.9971771240234,44.6665077209473,34.1273231506348,180.777191162109
2019-08-23,48.700927734375,125.934341430664,87.4810028076172,57.2061920166016,14.0933332443237,4.03596448898315,88.7373275756836,44.0517311096191,33.7979698181152,176.516983032227
2019-08-26,49.6262054443359,127.879211425781,88.4434967041016,58.078971862793,14.3333330154419,4.11075067520142,89.4487533569336,44.7074851989746,34.151725769043,179.10888671875
2019-08-27,49.0662422180176,128.153030395508,88.0914993286133,58.0611267089844,14.2720003128052,4.02006435394287,88.5029525756836,44.8550605773926,34.2828407287598,180.042358398438
2019-08-28,49.3954925537109,127.983070373535,88.2125015258789,58.2064247131348,14.3726673126221,4.00961685180664,89.3901672363281,45.1747360229492,34.374324798584,180.499130249023
2019-08-29,50.2318496704102,130.400024414062,89.3199996948242,59.2225303649902,14.7806673049927,4.15336990356445,91.4156646728516,45.1255569458008,34.7890739440918,184.282745361328
2019-08-30,50.1669616699219,130.154495239258,88.8144989013672,59.0385475158691,15.0406665802002,4.16605234146118,91.9513549804688,45.117359161377,34.8439598083496,184.382034301758
2019-09-03,49.4363479614258,128.436233520508,89.4919967651367,57.9981460571289,15.0006666183472,4.08298635482788,90.8632659912109,45.3304977416992,34.9598350524902,181.124786376953
2019-09-04,50.2751159667969,129.937393188477,90.0309982299805,58.6289291381836,14.7119998931885,4.19714021682739,91.9597015380859,45.7157516479492,35.3471336364746,185.841842651367
2019-09-05,51.2580718994141,132.222122192383,92.036003112793,60.1126708984375,15.3053331375122,4.47021865844727,94.0522003173828,45.1829223632812,35.2038116455078,189.575759887695
2019-09-06,51.253246307373,131.325210571289,91.6754989624023,59.8215713500977,15.163332939148,4.44310998916626,94.253044128418,45.2730941772461,34.9872856140137,186.189422607422
2019-09-09,51.4719619750977,129.833526611328,91.567497253418,59.7695045471191,15.4526672363281,4.4891209602356,96.5882415771484,44.6910972595215,35.4752082824707,187.450607299805
2019-09-10,52.0799903869629,128.474029541016,91.0274963378906,59.790828704834,15.7026672363281,4.55577325820923,97.8186340332031,44.5927391052246,35.3898391723633,184.878570556641
2019-09-11,53.7358932495117,128.511749267578,91.1494979858398,60.4999656677246,16.4733333587646,4.58437490463257,98.0864715576172,44.8960342407227,35.3806762695312,187.182479858398
2019-09-12,53.6157341003418,129.833526611328,92.1774978637695,61.2423362731934,16.3913326263428,4.58288288116455,98.6891021728516,45.1747360229492,35.6551322937012,186.169525146484
2019-09-13,52.5726928710938,129.644729614258,91.9670028686523,61.4932556152344,16.3466663360596,4.52493333816528,100.630897521973,44.803165435791,35.810661315918,185.891510009766
2019-09-16,52.8490676879883,128.710052490234,90.3919982910156,61.0767021179199,16.1873321533203,4.48190927505493,99.7353363037109,44.5554542541504,35.2434501647949,184.92822265625
2019-09-17,53.0413360595703,129.710800170898,91.1275024414062,60.989917755127,16.3193321228027,4.5032958984375,99.2414932250977,44.7866554260254,35.5300979614258,186.775329589844
2019-09-18,53.538818359375,130.777648925781,90.8730010986328,61.1272811889648,16.2326679229736,4.47618770599365,100.237510681152,44.7784042358398,35.7283172607422,186.834915161133
2019-09-19,53.1038246154785,133.185089111328,91.0749969482422,61.4297790527344,16.4400005340576,4.4005823135376,99.9194641113281,45.0178489685059,35.713077545166,188.821014404297
2019-09-20,52.3275566101074,131.646224975586,89.7080001831055,60.9879341125488,16.041332244873,4.29488277435303,99.5177154541016,44.5141639709473,35.6734313964844,188.61247253418
2019-09-23,52.5654716491699,131.362991333008,89.2649993896484,61.2284469604492,16.0820007324219,4.34835338592529,99.5009536743164,44.7040710449219,35.8686065673828,185.524063110352
2019-09-24,52.3155250549316,129.701370239258,87.0804977416992,60.4171524047852,14.8806667327881,4.29090261459351,98.2036437988281,44.8361968994141,36.1064605712891,180.022491455078
2019-09-25,53.1206436157227,131.570678710938,88.4164962768555,61.7863388061523,15.2466669082642,4.4326639175415,98.7644195556641,44.7288551330566,36.1278266906738,181.531936645508
2019-09-26,52.8466758728027,131.740615844727,86.9919967651367,61.6053314208984,16.1706676483154,4.41052913665771,97.9525451660156,44.9105110168457,36.0759696960449,178.860610961914
2019-09-27,52.5895080566406,130.031799316406,86.2724990844727,60.7950286865234,16.1420001983643,4.27175283432007,98.5300674438477,44.8444557189941,36.1217193603516,175.871490478516
2019-09-30,53.8272285461426,131.25910949707,86.7955017089844,60.5565032958984,16.0580005645752,4.3292031288147,98.5049362182617,44.9517936706543,36.1918563842773,176.844696044922
2019-10-01,53.9762191772461,129.408737182617,86.7825012207031,59.8057060241699,16.3126678466797,4.32746171951294,96.7137985229492,45.1252021789551,35.9387474060059,174.590438842773
2019-10-02,52.6231651306152,127.123954772949,85.6614990234375,58.4132194519043,16.208667755127,4.30358743667603,94.7887420654297,43.8288269042969,35.4111671447754,173.388793945312
2019-10-03,53.0701866149902,128.662857055664,86.2210006713867,58.9839973449707,15.5353326797485,4.50926542282104,94.6537246704102,44.4563674926758,35.4691123962402,178.135681152344
2019-10-04,54.5578346252441,130.400024414062,86.9824981689453,60.0516700744629,15.4286670684814,4.52567958831787,96.7039184570312,45.034366607666,36.0332832336426,179.1982421875
2019-10-07,54.5698509216309,129.45588684082,86.6330032348633,59.9172859191895,15.8479995727539,4.58437490463257,96.4929885864258,44.4811363220215,35.7496719360352,178.433578491211
2019-10-08,53.9305572509766,128.086929321289,85.2754974365234,59.0187149047852,16.0033321380615,4.40779304504395,94.3415756225586,44.2416801452637,35.8564071655273,176.516983032227
2019-10-09,54.5626335144043,130.513305664062,86.0995025634766,59.6271820068359,16.3020000457764,4.49434375762939,95.0249481201172,44.448112487793,36.2680854797363,178.602401733398
2019-10-10,55.2980537414551,131.325210571289,86.0130004882812,59.9777793884277,16.3159999847412,4.55204248428345,96.3580093383789,44.3077278137207,36.4754638671875,178.781173706055
2019-10-11,56.7688903808594,131.872802734375,86.5960006713867,60.2872276306152,16.5259990692139,4.62566041946411,97.986328125,44.0104866027832,36.6675834655762,182.912307739258
2019-10-14,56.6871795654297,131.750091552734,86.8215026855469,60.3893814086914,17.1306667327881,4.63908910751343,98.2478713989258,44.0104866027832,36.3412818908691,182.00862121582
2019-10-15,56.5549964904785,133.657150268555,88.3690032958984,61.6028594970703,17.1926670074463,4.88381385803223,101.209243774414,44.1838798522949,36.451057434082,187.579696655273
2019-10-16,56.3266792297363,132.562026977539,88.8714981079102,61.6405448913574,17.3166675567627,4.83009386062622,100.972999572754,44.1673812866211,36.4175224304199,188.235137939453
2019-10-17,56.5453796386719,131.882278442383,89.3740005493164,62.1265258789062,17.4646663665771,4.8320837020874,101.538246154785,44.4150810241699,36.5456085205078,189.069259643555
2019-10-18,56.8169593811035,129.729705810547,87.8755035400391,61.7104644775391,17.1299991607666,4.73757696151733,101.715438842773,45.232536315918,36.3321266174316,184.560791015625
2019-10-21,57.802318572998,130.692687988281,89.2829971313477,61.7040176391602,16.8999996185303,4.87486171722412,104.238098144531,44.7784042358398,36.5151023864746,188.443664550781
2019-10-22,57.6701354980469,128.747787475586,88.2864990234375,61.5512809753418,17.038667678833,4.86491346359253,105.284255981445,44.4646301269531,36.4662971496582,181.075134277344
2019-10-23,58.4440040588379,129.56916809082,88.1084976196289,62.3660469055176,16.978666305542,4.85198020935059,105.562683105469,45.1169471740723,36.396167755127,184.858688354492
2019-10-24,58.5401382446289,132.118301391602,89.0390014648438,62.4394340515137,19.978666305542,4.89600229263306,105.486747741699,45.0921783447266,36.3199310302734,185.087097167969
2019-10-25,59.2611312866211,132.864135742188,88.0664978027344,62.6968116760254,21.8753337860107,5.08700752258301,106.330436706543,44.3820533752441,36.301643371582,186.586639404297
2019-10-28,59.8547515869141,136.130706787109,88.8539962768555,63.9206962585449,21.8473339080811,5.14296531677246,106.735404968262,44.2334289550781,36.3565330505371,188.086151123047
2019-10-29,58.4704475402832,134.846771240234,88.135498046875,62.5163040161133,21.0813331604004,5.04671669006348,106.667907714844,44.1013069152832,35.725269317627,187.996780395508
2019-10-30,58.4632301330566,136.527282714844,88.9994964599609,62.5182876586914,21.0006675720215,5.04870462417603,106.07731628418,44.5389404296875,36.0149841308594,186.944152832031
2019-10-31,59.7850532531738,135.356536865234,88.8330001831055,62.4240684509277,20.9946670532227,4.99946212768555,105.393936157227,44.9435424804688,35.7588195800781,190.320541381836
2019-11-01,61.4818077087402,135.687026977539,89.5719985961914,63.0910491943359,20.8873329162598,5.03850889205933,107.823783874512,44.5059013366699,35.8686065673828,192.276870727539
2019-11-04,61.885570526123,136.470611572266,90.2330017089844,63.9519271850586,21.1646671295166,5.23523426055908,108.68433380127,43.8783683776855,35.8533515930176,193.369277954102
2019-11-05,61.7966423034668,136.385650634766,90.0855026245117,64.0426788330078,21.1480007171631,5.21310043334961,108.920570373535,43.2838439941406,36.2467346191406,192.972061157227
2019-11-06,61.8230819702148,136.008026123047,89.7884979248047,64.0213623046875,21.7719993591309,5.16385746002197,109.089324951172,43.5976219177246,36.4419059753418,190.221237182617
2019-11-07,62.5365905761719,136.196807861328,89.4100036621094,64.8113403320312,22.3693332672119,5.18151378631592,109.679862976074,43.1765174865723,36.6645278930664,189.099075317383
2019-11-08,62.7077407836914,137.801788330078,89.2939987182617,64.9134826660156,22.4759998321533,5.16758584976196,110.00048828125,43.1104545593262,36.4236183166504,189.516143798828
2019-11-11,63.2043190002441,137.943420410156,88.5824966430664,64.3818817138672,23.0060005187988,5.17753458023071,109.612380981445,42.8049468994141,36.301643371582,188.294708251953
2019-11-12,63.1464576721191,138.849746704102,88.9000015258789,64.3288192749023,23.3286666870117,5.21310043334961,108.97119140625,42.6976051330566,36.3260192871094,193.120986938477
2019-11-13,63.7515144348145,139.07633972168,87.6555023193359,64.2777404785156,23.0739994049072,5.1872353553772,108.397468566895,43.2756080627441,36.8932495117188,191.849868774414
2019-11-14,63.3103866577148,139.784408569336,87.7300033569336,64.9209213256836,23.2900009155273,5.21757650375366,108.498725891113,43.4572639465332,36.792610168457,191.810150146484
2019-11-15,64.0624618530273,141.587677001953,86.9745025634766,66.1304321289062,23.4780006408691,5.07830190658569,109.283340454102,43.4902763366699,36.2497940063477,193.746627807617
2019-11-18,64.3854751586914,141.936965942383,87.6265029907227,65.4510345458984,23.3326663970947,5.27950477600098,110.202980041504,43.787540435791,36.6706275939941,196.030670166016
2019-11-19,64.1902008056641,141.98420715332,87.6395034790039,65.0915145874023,23.9680004119873,5.17280864715576,110.169219970703,43.8288269042969,36.5608444213867,197.937362670898
2019-11-20,63.4429550170898,141.737854003906,87.276496887207,64.5594329833984,23.4813327789307,5.25214624404907,109.367713928223,43.9444274902344,36.3290748596191,196.139877319336
2019-11-21,63.1585159301758,141.605270385742,86.7354965209961,64.4741287231445,23.6553325653076,5.22727680206299,109.620796203613,43.729736328125,36.5517044067383,196.556991577148
2019-11-22,63.1030693054199,141.70947265625,87.286003112793,64.1532745361328,22.2026672363281,5.24493408203125,110.346412658691,43.787540435791,36.3992309570312,197.440795898438
2019-11-25,64.2095184326172,143.263061523438,88.6920013427734,64.7468643188477,22.4226665496826,5.50159788131714,110.936988830566,43.9444274902344,36.2650375366211,198.404067993164
2019-11-26,63.7081184387207,144.020935058594,89.8470001220703,65.1118469238281,21.92799949646,5.39689254760742,111.088851928711,44.5059013366699,36.3473739624023,197.589782714844
2019-11-27,64.563850402832,144.295639038086,90.9254989624023,65.0687103271484,22.0860004425049,5.43173694610596,111.417877197266,44.5471992492676,36.2162399291992,200.598754882812
2019-11-29,64.421630859375,143.405197143555,90.0400009155273,64.6700057983398,21.996000289917,5.39440298080444,111.164779663086,44.422420501709,36.3168869018555,200.241271972656
2019-12-02,63.6767921447754,141.671630859375,89.0800018310547,63.9147605895996,22.3246669769287,5.20798635482788,110.920127868652,44.7135734558105,36.3748321533203,198.314697265625
2019-12-03,62.5414199829102,141.444198608398,88.4980010986328,64.2063369750977,22.4133338928223,5.16841411590576,109.494293212891,44.7551651000977,36.1888008117676,197.440795898438
2019-12-04,63.0934257507324,141.955795288086,88.0345001220703,65.4064102172852,22.2019996643066,5.21221733093262,111.654113769531,45.1627960205078,36.194896697998,197.331588745117
2019-12-05,64.0190505981445,142.031555175781,87.0240020751953,65.8041305541992,22.0246677398682,5.19529247283936,112.261566162109,45.0795936584473,36.3480644226074,197.977081298828
2019-12-06,65.2556838989258,143.755676269531,87.5800018310547,66.420539855957,22.3926677703857,5.28066205978394,113.932083129883,45.2709312438965,36.6911430358887,199.655334472656
2019-12-09,64.3420791625977,143.386245727539,87.4755020141602,66.5990600585938,22.6353321075439,5.28066205978394,113.40055847168,44.9797744750977,36.5624923706055,199.943328857422
2019-12-10,64.7181396484375,143.168334960938,86.9605026245117,66.5940933227539,23.2560005187988,5.3257098197937,113.476486206055,44.7302131652832,36.4950942993164,199.476593017578
2019-12-11,65.270133972168,143.70832824707,87.4359970092773,66.6615371704102,23.5133323669434,5.40933656692505,113.206504821777,44.8799476623535,36.4522094726562,200.856948852539
2019-12-12,65.4364776611328,145.167221069336,88.0165023803711,66.8718109130859,23.978666305542,5.57683897018433,116.446319580078,45.0380020141602,36.6850166320801,195.385147094727
2019-12-13,66.3259582519531,146.389236450195,88.0469970703125,66.7914733886719,23.8926677703857,5.57484817504883,115.425453186035,45.2709312438965,36.8473625183105,192.763488769531
2019-12-16,67.4613037109375,147.336517333984,88.4605026245117,67.4773025512695,25.4333324432373,5.60371780395508,115.87255859375,45.2709312438965,36.9239540100098,196.54704284668
2019-12-17,67.5939025878906,146.540802001953,89.5329971313477,67.1891784667969,25.2660007476807,5.68186950683594,116.581268310547,45.2709312438965,37.1506233215332,197.013793945312
2019-12-18,67.4323959350586,146.237686157227,89.2014999389648,67.0414047241211,26.2099990844727,5.71223449707031,116.463150024414,44.8466644287109,36.7156562805176,201.095291137695
2019-12-19,67.499885559082,147.507080078125,89.6139984130859,67.2660369873047,26.9360008239746,5.86032295227051,115.881019592285,45.1877479553223,36.7830390930176,204.630584716797
2019-12-20,67.3600769042969,149.11750793457,89.3249969482422,67.0071792602539,27.0393333435059,5.95763731002808,115.788238525391,45.7284622192383,36.8473625183105,204.868927001953
2019-12-23,68.4592819213867,149.11750793457,89.6500015258789,66.9779281616211,27.9479999542236,5.94394969940186,115.754455566406,45.6785583496094,36.4613990783691,204.749755859375
2019-12-24,68.5243682861328,149.089096069336,89.4605026245117,66.6704635620117,28.3500003814697,5.93897151947021,116.075080871582,45.5121726989746,36.6084289550781,203.697113037109
2019-12-26,69.8839263916016,150.311141967773,93.4384994506836,67.5650634765625,28.7293338775635,5.95315742492676,117.30687713623,45.7700538635254,36.6114921569824,206.348587036133
2019-12-27,69.8573913574219,150.585845947266,93.4899978637695,67.1767883300781,28.6919994354248,5.89541530609131,117.391235351562,46.0445861816406,36.632942199707,206.656448364258
2019-12-30,70.2719955444336,149.287979125977,92.3444976806641,66.4364013671875,27.6466674804688,5.78217124938965,116.960922241211,45.97802734375,36.5747413635254,202.99201965332
2019-12-31,70.7854309082031,149.392242431641,92.3919982910156,66.420539855957,27.8886661529541,5.85633945465088,117.610595703125,46.0445861816406,36.403205871582,203.826217651367
2020-01-02,72.400520324707,152.158386230469,94.9004974365234,67.8730392456055,28.6840000152588,5.97107696533203,119.03645324707,45.7451057434082,36.433837890625,208.324798583984
2020-01-03,71.6966247558594,150.263778686523,93.7484970092773,67.5179595947266,29.5340003967285,5.8755030632019,117.46556854248,45.4955368041992,36.1121978759766,207.222473144531
2020-01-06,72.2679290771484,150.652160644531,95.1439971923828,69.3175964355469,30.1026668548584,5.90014457702637,117.372192382812,45.4789047241211,36.0386924743652,211.125244140625
2020-01-07,71.9280395507812,149.278610229492,95.3430023193359,69.1836929321289,31.2706661224365,5.97157669067383,115.376739501953,45.1295166015625,35.7047920227051,211.582015991211
2020-01-08,73.0850982666016,151.656295776367,94.598503112793,69.6761245727539,32.8093338012695,5.98277568817139,116.276817321777,45.2126960754395,35.5822639465332,213.727066040039
2020-01-09,74.6374969482422,153.55094909668,95.0524978637695,70.407585144043,32.0893325805664,6.04848289489746,116.701377868652,46.0362548828125,35.9498405456543,216.785690307617
2020-01-10,74.8062210083008,152.840454101562,94.1579971313477,70.8623199462891,31.8766670227051,6.08083724975586,115.538093566895,46.1943168640137,35.6496429443359,216.54736328125
2020-01-13,76.404411315918,154.678268432617,94.5650024414062,71.4112930297852,34.990665435791,6.27148580551147,116.497573852539,46.6934394836426,35.4964904785156,220.370651245117
2020-01-14,75.3727188110352,153.588851928711,93.4720001220703,70.9431533813477,35.8613319396973,6.15450763702393,117.856163024902,46.5853042602539,35.5883903503418,217.540405273438
2020-01-15,75.0497055053711,154.583541870117,93.1009979248047,71.3701171875,34.5666656494141,6.11194753646851,116.090026855469,47.167610168457,35.3126945495605,219.615921020508
2020-01-16,75.9898223876953,157.416015625,93.8970031738281,71.9136352539062,34.232666015625,6.19557428359985,116.540046691895,47.2674446105957,35.502613067627,220.231643676758
2020-01-17,76.8310852050781,158.297058105469,93.2360000610352,73.3696060180664,34.033332824707,6.20428609848022,117.346694946289,47.3672714233398,35.214672088623,220.599044799805
2020-01-21,76.3104095458984,157.728652954102,94.5999984741211,73.5049896240234,36.4799995422363,6.17093420028687,116.191917419434,47.55859375,35.407657623291,219.903884887695
2020-01-22,76.5828094482422,156.970825195312,94.3730010986328,73.585319519043,37.9706687927246,6.22494459152222,116.056053161621,47.9246368408203,35.5638809204102,219.784744262695
2020-01-23,76.9515914916992,157.937072753906,94.2289962768555,73.6259841918945,38.1466674804688,6.29338788986206,115.937156677246,48.1076507568359,35.475040435791,218.235549926758
2020-01-24,76.7298202514648,156.345550537109,93.0820007324219,72.7075881958008,37.6546669006348,6.23415279388428,113.058670043945,47.9828605651855,35.0339393615723,216.428176879883
2020-01-27,74.4735870361328,153.73095703125,91.4169998168945,70.9996871948242,37.2013320922852,5.97829580307007,112.107696533203,47.8164863586426,35.4903602600098,213.379455566406
2020-01-28,76.5803680419922,156.743423461914,92.6624984741211,71.9304962158203,37.7933311462402,6.17168235778809,114.145545959473,47.4254989624023,35.7170486450195,216.279235839844
2020-01-29,78.1833953857422,159.1875,92.9000015258789,72.2379608154297,38.732666015625,6.11120176315308,113.975723266602,47.4254989624023,35.4995574951172,221.68147277832
2020-01-30,78.0701141357422,163.677795410156,93.5339965820312,72.1164627075195,42.7206687927246,6.11792135238647,115.385261535645,48.9644775390625,35.7109031677246,208.076507568359
2020-01-31,74.6085739135742,161.262100219727,100.435997009277,71.0517578125,43.3713340759277,5.88446426391602,112.387924194336,48.5818138122559,35.0706977844238,200.509384155273
2020-02-03,74.4036712646484,165.193511962891,100.209999084473,73.522331237793,52,5.98153162002563,113.245491027832,48.731559753418,35.0033111572266,202.773590087891
2020-02-04,76.8600082397461,170.631088256836,102.483497619629,71.6780776977539,59.1373329162598,6.15077638626099,114.875778198242,48.9478492736816,35.3096313476562,208.374404907227
2020-02-05,77.4867401123047,170.422714233398,101.993499755859,71.7098083496094,48.9799995422363,6.24112176895142,116.828765869141,48.9561576843262,35.781364440918,208.65251159668
2020-02-06,78.3931045532227,173.956237792969,102.511497497559,73.1935729980469,49.9306678771973,6.32798337936401,116.845741271973,49.0726280212402,35.6281967163086,209.38737487793
2020-02-07,77.3275527954102,174.202499389648,103.963996887207,73.3492584228516,49.8713340759277,6.26178026199341,116.472122192383,49.2390060424805,35.671085357666,210.857116699219
2020-02-10,77.6948013305664,178.759124755859,106.695503234863,74.8146591186523,51.4186668395996,6.54501438140869,116.956115722656,49.7048530578613,35.3035087585449,211.582015991211
2020-02-11,77.2260437011719,174.723541259766,107.540000915527,74.8840789794922,51.6253318786621,6.66746664047241,117.176864624023,49.5717582702637,35.3494491577148,205.752746582031
2020-02-12,79.0599975585938,174.979309082031,108,75.3090744018555,51.1526679992676,6.78319978713989,117.176864624023,49.4220123291016,35.4872894287109,209.297973632812
2020-02-13,78.4970092773438,174.032012939453,107.493499755859,75.0492248535156,53.5999984741211,6.73939561843872,117.074996948242,49.5883941650391,35.9743499755859,211.661468505859
2020-02-14,78.5163421630859,175.585647583008,106.743499755859,75.3140411376953,53.335334777832,7.21253299713135,116.718353271484,49.8712348937988,36.1121978759766,212.694259643555
2020-02-18,77.0786590576172,177.366577148438,107.783500671387,75.349235534668,57.2266654968262,7.38127851486206,115.172988891602,49.5218276977539,36.645191192627,216.289138793945
2020-02-19,78.1949768066406,177.898498535156,108.511001586914,75.6185073852539,61.1613311767578,7.8325138092041,116.743843078613,49.7214889526367,36.0478706359863,215.981323242188
2020-02-20,77.3927688598633,175.181793212891,107.654998779297,75.2277450561523,59.9606666564941,7.68317937850952,116.743843078613,49.6798973083496,36.0509338378906,213.091522216797
2020-02-21,75.640983581543,169.643798828125,104.798500061035,73.5649871826172,60.0666656494141,7.31905555725098,115.317314147949,50.0209770202637,36.3235664367676,208.722030639648
2020-02-24,72.0480194091797,162.329498291016,100.464500427246,70.4110565185547,55.5859985351562,6.80161905288696,112.218086242676,48.7897911071777,35.6312675476074,199.32763671875
2020-02-25,69.6075897216797,159.650817871094,98.6370010375977,68.7478103637695,53.3273315429688,6.52211570739746,107.208343505859,48.0993309020996,35.0400772094727,195.405044555664
2020-02-26,70.7118148803711,161.645614624023,98.9794998168945,68.9536056518555,51.9199981689453,6.6614933013916,107.53101348877,47.9163093566895,34.8532180786133,195.832046508789
2020-02-27,66.0895156860352,150.256256103516,94.2149963378906,65.2085647583008,45.2666664123535,6.29067659378052,103.056205749512,45.6951904296875,33.8178443908691,188.433731079102
2020-02-28,66.0508651733398,153.894332885742,94.1875,66.4135894775391,44.5326652526855,6.725745677948,98.5899047851562,44.4972839355469,32.9846534729004,191.134872436523
2020-03-02,72.2002563476562,164.134353637695,97.6975021362305,68.7478103637695,49.5746688842773,6.88413190841675,103.183563232422,46.5187568664551,35.4964904785156,195.07731628418
2020-03-03,69.9072189331055,156.269119262695,95.4495010375977,66.3377075195312,49.7006683349609,6.62164783477783,99.311637878418,46.6352081298828,34.5867156982422,184.600524902344
2020-03-04,73.1498336791992,162.006607055664,98.7914962768555,68.5137405395508,49.966667175293,7.08535385131836,101.76554107666,49.0143928527832,35.7691116333008,190.429794311523
2020-03-05,70.7770843505859,157.940948486328,96.2014999389648,65.1991271972656,48.3026657104492,6.80593585968018,96.772819519043,47.2008934020996,35.5087432861328,183.885513305664
2020-03-06,69.8371658325195,153.476409912109,95.0544967651367,64.2559280395508,46.8986663818359,6.62538290023804,91.7715759277344,45.9697036743164,35.9100227355957,179.833801269531
2020-03-09,64.3135833740234,143.074920654297,90.0305023193359,60.2911911010742,40.533332824707,6.11236572265625,79.3406066894531,43.1413154602051,35.8885765075684,168.324188232422
2020-03-10,68.9455337524414,152.858978271484,94.5910034179688,63.2358551025391,43.0219993591309,6.50186109542847,85.5051574707031,44.6387023925781,36.6942024230957,176.953918457031
2020-03-11,66.5510330200195,145.934143066406,91.0429992675781,60.0486946105957,42.2820014953613,6.13801717758179,81.4803848266602,43.4324684143066,35.0523223876953,169.05908203125
2020-03-12,59.9787979125977,132.093994140625,83.8304977416992,55.1219139099121,37.3699989318848,5.38692235946655,74.7639541625977,39.2314796447754,31.8727111816406,153.398483276367
2020-03-13,67.1647415161133,150.873657226562,89.25,60.2158164978027,36.441333770752,5.99781036376953,88.2308044433594,40.6748657226562,34.9512367248535,169.09880065918
2020-03-16,58.524227142334,128.636337280273,84.4574966430664,53.2102241516113,29.6713333129883,4.89108848571777,75.0271606445312,37.9811019897461,32.7028465270996,144.997161865234
2020-03-17,61.0975227355957,139.227828979492,90.3919982910156,55.4447479248047,28.6800003051758,5.41082954406738,79.6123504638672,39.5923347473145,36.5318603515625,148.383483886719
2020-03-18,59.6018676757812,133.366897583008,91.5,54.1122665405273,24.0813331604004,5.05097103118896,71.2316513061523,37.6370468139648,37.5488433837891,145.940582275391
2020-03-19,59.1451873779297,135.561172485352,94.046501159668,55.1278686523438,28.5093326568604,5.30374336242676,72.4289016723633,35.1027336120605,36.751953125,152.067749023438
2020-03-20,55.390323638916,130.469680786133,92.3044967651367,52.9726829528809,28.5020008087158,5.12393856048584,70.9004898071289,32.1404457092285,35.0658950805664,148.691360473633
2020-03-23,54.2136039733887,129.168258666992,95.1415023803711,52.2744522094727,28.9526672363281,5.29676961898804,67.1049957275391,31.5194568634033,35.1612701416016,147.072662353516
2020-03-24,59.6526069641113,140.909164428711,97.004997253418,56.0373611450195,33.6666679382324,6.20550680160522,75.0866012573242,33.1054954528809,35.3920288085938,159.863296508789
2020-03-25,59.3239974975586,139.560272216797,94.2919998168945,54.6294898986816,35.9500007629395,6.11684942245483,77.888671875,34.9181137084961,33.6598052978516,155.126403808594
2020-03-26,62.4458122253418,148.289916992188,97.7744979858398,57.669361114502,35.2106666564941,6.4062294960022,83.314453125,37.167106628418,33.7890357971191,162.206909179688
2020-03-27,59.8604011535645,142.200988769531,95.004997253418,55.0579452514648,34.2906684875488,6.29391479492188,77.3791732788086,35.9251327514648,33.7151985168457,155.702362060547
2020-03-30,61.5687065124512,152.203536987305,98.1975021362305,56.8456687927246,33.4753341674805,6.61417627334595,79.3915786743164,37.7629127502441,35.4412574768066,164.798828125
2020-03-31,61.443042755127,149.809753417969,97.4860000610352,57.6212577819824,34.9333343505859,6.56461906433105,76.4451751708984,37.1335487365723,34.9582138061523,165.642929077148
2020-04-01,58.2101058959961,144.490310668945,95.3850021362305,54.6532897949219,32.1040000915527,6.05334424972534,71.6307373046875,35.3460845947266,35.1181945800781,158.492889404297
2020-04-02,59.1814346313477,147.482498168945,95.9414978027344,55.3936729431152,30.2980003356934,6.36215162277222,74.3054428100586,36.8817863464355,36.5058097839355,157.092651367188
2020-04-03,58.3309135437012,146.124114990234,95.3294982910156,54.187141418457,32.0006675720215,6.07426452636719,72.1091156005859,36.7810897827148,36.7611961364746,153.110458374023
2020-04-06,63.4195365905762,156.991088867188,99.8795013427734,58.6745567321777,34.4160003662109,6.68415546417236,76.7505340576172,39.1643486022949,38.7887763977051,164.401611328125
2020-04-07,62.6850090026855,155.300231933594,100.580001831055,58.6433181762695,36.3633346557617,6.45080757141113,77.7628936767578,39.0300712585449,37.5334548950195,167.65885925293
2020-04-08,64.2893905639648,156.858047485352,102.150001525879,59.8552932739258,36.5893325805664,6.64804553985596,80.9029006958008,40.1294021606445,37.4873123168945,173.071044921875
2020-04-09,64.7533340454102,156.867568969727,102.138000488281,59.8339729309082,38.2000007629395,6.54843044281006,88.161018371582,41.1196212768555,37.4749984741211,173.974716186523
2020-04-13,66.024299621582,157.219024658203,108.443496704102,60.0243988037109,43.3966674804688,6.72026681900024,84.2402725219727,39.3825302124023,38.5518646240234,173.577499389648
2020-04-14,69.3587188720703,164.998794555664,114.166000366211,62.7429351806641,47.326000213623,7.07140779495239,81.9324264526367,41.0524978637695,39.6902732849121,176.93408203125
2020-04-15,68.7256546020508,163.269912719727,115.384002685547,62.349681854248,48.6553344726562,6.99395847320557,77.8915786743164,39.9531784057617,39.6164321899414,175.742385864258
2020-04-16,69.2717437744141,168.171432495117,120.40950012207,62.3561172485352,49.6806678771973,7.33912372589111,74.9231414794922,39.5251960754395,40.7148323059082,175.027389526367
2020-04-17,68.3318252563477,169.6533203125,118.75,63.4257888793945,50.259334564209,7.27985191345215,81.6578903198242,40.3307991027832,40.6502151489258,177.996643066406
2020-04-20,66.913459777832,166.290664672852,119.68049621582,62.5406074523926,49.7573318481445,7.14861011505127,78.6808776855469,39.0468635559082,39.9517860412598,177.003570556641
2020-04-21,64.8451461791992,159.413330078125,116.40599822998,60.1111793518066,45.7813339233398,6.71179914474487,76.3987808227539,38.0818099975586,39.7548828125,169.615173339844
2020-04-22,66.7129058837891,164.827819824219,118.174499511719,62.404727935791,48.8073348999023,7.12619590759277,76.6475830078125,38.3335647583008,40.4871482849121,181.015579223633
2020-04-23,66.4543762207031,162.832977294922,119.972503662109,63.0374946594238,47.0419998168945,7.07290315628052,76.6904754638672,37.821662902832,39.5456581115723,183.845779418945
2020-04-24,68.3728866577148,165.806243896484,120.511001586914,63.306770324707,48.343334197998,7.2118649482727,77.8229293823242,38.1237678527832,39.8256454467773,188.751510620117
2020-04-27,68.4212188720703,165.331268310547,118.800003051758,63.0221214294434,53.25,7.39839363098145,81.1774597167969,39.2566528320312,39.4748954772949,186.199310302734
2020-04-28,67.312141418457,161.303604125977,115.704002380371,61.1243095397949,51.2746658325195,7.25594568252563,81.7522735595703,39.223087310791,39.3825950622559,181.641189575195
2020-04-29,69.5230255126953,168.541931152344,118.635498046875,66.5588989257812,53.3673324584961,7.43276166915894,83.9571533203125,39.5419769287109,38.0288276672363,192.84294128418
2020-04-30,70.9896774291992,170.232788085938,123.699996948242,66.7830429077148,52.1253318786621,7.27885675430298,82.1554794311523,38.5097846984863,37.3980827331543,203.289962768555
2020-05-01,69.846794128418,165.825180053711,114.302001953125,65.3260803222656,46.7546653747559,7.04227113723755,80.0020904541016,38.2664222717285,37.8195838928223,200.866897583008
2020-05-04,70.8350677490234,169.881286621094,115.799499511719,65.602783203125,50.7459983825684,7.25420188903809,79.0497894287109,37.8804092407227,38.0595893859863,203.836135864258
2020-05-05,71.8982009887695,171.705093383789,115.889999389648,66.898078918457,51.2140007019043,7.31521606445312,78.9296798706055,38.0985908508301,38.3764877319336,205.633575439453
2020-05-06,72.6399841308594,173.395904541016,117.563003540039,66.7200546264648,52.1720008850098,7.41607570648193,77.4454498291016,37.5531234741211,37.9365081787109,207.023880004883
2020-05-07,73.3914413452148,174.402847290039,118.380500793457,67.9027862548828,52.0026664733887,7.59239339828491,78.2519073486328,37.4272575378418,37.6676597595215,209.794525146484
2020-05-08,75.1383056640625,175.428741455078,118.980499267578,68.6496124267578,54.6279983520508,7.78240966796875,79.5302124023438,38.694408416748,37.9921493530273,210.876953125
2020-05-11,76.3206176757812,177.385543823242,120.449996948242,69.6042098999023,54.0859985351562,8.03443431854248,77.1880798339844,38.2160835266113,38.2177314758301,211.701202392578
2020-05-12,75.4484024047852,173.367446899414,117.847503662109,68.1953582763672,53.9606666564941,7.7724461555481,74.665771484375,37.611873626709,38.2517242431641,208.642578125
2020-05-13,74.5374374389648,170.745697021484,118.396003723145,66.8638763427734,52.7306671142578,7.75003480911255,72.0919570922852,36.8733940124512,38.230094909668,203.677261352539
2020-05-14,74.9953308105469,171.486663818359,119.442497253418,67.2868728637695,53.5553321838379,7.99957084655762,75.0861358642578,36.6719932556152,38.1404685974121,205.375411987305
2020-05-15,74.5519714355469,173.98486328125,120.488998413086,68.0902404785156,53.2779998779297,8.45804595947266,73.6962966918945,36.3027572631836,38.9192276000977,209.417144775391
2020-05-18,76.3085098266602,175.647262573242,121.313003540039,68.691276550293,54.242000579834,8.71654796600342,77.5998687744141,37.7377510070801,39.450756072998,211.711151123047
2020-05-19,75.8675537109375,174.431381225586,122.466499328613,68.1566848754883,53.8673324584961,8.77158451080322,76.07275390625,37.3768997192383,38.6132965087891,215.375549316406
2020-05-20,77.3430328369141,176.850860595703,124.897003173828,69.8804473876953,54.3706665039062,8.93545150756836,78.3548736572266,38.5097846984863,38.7678070068359,228.374725341797
2020-05-21,76.7664337158203,174.726638793945,122.33699798584,69.7609405517578,55.1733322143555,8.7414493560791,77.3596725463867,37.9055786132812,38.6256561279297,229.784881591797
2020-05-22,77.2606735229492,174.802825927734,121.84400177002,70.082763671875,54.458667755127,8.99148368835449,76.7591094970703,37.7881088256836,38.4216918945312,233.280471801758
2020-05-26,76.7373504638672,172.954864501953,121.093002319336,70.4859313964844,54.5913314819336,8.68417167663574,82.2069931030273,38.6776237487793,38.276439666748,230.589248657227
2020-05-27,77.0716857910156,173.183517456055,120.519500732422,70.4318771362305,54.681999206543,8.49241256713867,86.9684982299805,39.2146911621094,37.8499870300293,227.550491333008
2020-05-28,77.1056137084961,172.79296875,120.055000305176,70.3307189941406,53.7206687927246,8.45431137084961,85.6730270385742,39.5168075561523,38.2239112854004,223.896026611328
2020-05-29,77.030517578125,174.555191040039,122.118499755859,71.0884628295898,55.6666679382324,8.84131526947021,83.4852905273438,39.1727333068848,38.3382568359375,223.528579711914
2020-06-01,77.9777908325195,174.155136108398,123.552001953125,71.1553955078125,59.8733329772949,8.7723331451416,84.5920104980469,39.4328880310059,38.3073501586914,230.30126953125
2020-06-02,78.3388061523438,176.136444091797,123.620498657227,71.5243530273438,58.7706680297852,8.79126071929932,84.8751373291016,39.3573608398438,38.3011665344238,231.105651855469
2020-06-03,78.7700653076172,176.565093994141,123.919998168945,71.3726043701172,58.8639984130859,8.7357234954834,89.4564895629883,40.1965217590332,38.1559295654297,228.563415527344
2020-06-04,78.091682434082,174.240844726562,123.029998779297,70.1353149414062,57.6253318786621,8.73672008514404,91.3181991577148,40.2133140563965,37.7356376647949,224.720260620117
2020-06-05,80.3158264160156,178.317733764648,124.150001525879,71.4107971191406,59.0439987182617,8.88969802856445,95.4276962280273,41.1951484680176,37.5656776428223,229.169174194336
2020-06-08,80.7906875610352,179.422760009766,126.203002929688,71.8085098266602,63.3279991149902,8.7750883102417,97.3322906494141,41.8329238891602,37.4667854309082,229.794815063477
2020-06-09,83.3418960571289,180.794403076172,130.042999267578,72.0088424682617,62.7113342285156,9.0152702331543,94.8357315063477,41.1196212768555,37.5007781982422,237.014389038086
2020-06-10,85.4860610961914,187.500350952148,132.372497558594,72.6346740722656,68.336669921875,9.33492946624756,90.9921722412109,40.8007469177246,37.4420623779297,235.087844848633
2020-06-11,81.3818435668945,177.431869506836,127.898002624512,69.5204162597656,64.8560028076172,8.76636981964111,83.3994979858398,38.2160835266113,37.1114044189453,222.873168945312
2020-06-12,82.0844421386719,178.832168579102,127.250999450684,70.0669021606445,62.3520011901855,8.90215682983398,85.6816024780273,38.6140670776367,36.3851852416992,226.994384765625
2020-06-15,83.099609375,179.975219726562,128.634002685547,70.454704284668,66.0599975585938,9.14258670806885,86.8655319213867,39.2068367004395,36.4902458190918,230.887176513672
2020-06-16,85.3019409179688,184.385543823242,130.76350402832,71.7306365966797,65.4753341674805,9.03769302368164,87.5604629516602,39.6048240661621,36.9754257202148,234.015319824219
2020-06-17,85.183235168457,185.023727416992,132.04899597168,72.0316543579102,66.1193313598633,9.20462894439697,85.3470077514648,39.4439430236816,36.7838249206543,233.89616394043
2020-06-18,85.2171325683594,187.00505065918,132.699005126953,71.1182022094727,66.9306640625,9.18668746948242,84.8837127685547,39.7911262512207,36.4624404907227,234.303344726562
2020-06-19,84.7301712036133,185.890548706055,133.750503540039,70.6481094360352,66.7266693115234,9.22978782653809,83.9142456054688,38.9697418212891,37.037239074707,237.133529663086
2020-06-22,86.9470291137695,191.05339050293,135.690994262695,71.9384307861328,66.2880020141602,9.49438858032227,83.0048370361328,38.7326278686523,37.6027565002441,237.560546875
2020-06-23,88.8028793334961,192.329803466797,138.220504760742,72.5989608764648,66.7853317260742,9.41789627075195,84.0172119140625,38.6479415893555,37.4142570495605,240.559616088867
2020-06-24,87.2353286743164,188.452896118164,136.720001220703,71.0477905273438,64.0566635131836,9.20413017272949,81.2117538452148,37.8096122741699,37.1762962341309,232.396636962891
2020-06-25,88.393424987793,190.834289550781,137.72900390625,71.4643478393555,65.7320022583008,9.45776081085205,84.0429382324219,38.0467262268066,36.993968963623,234.045104980469
2020-06-26,85.6774673461914,187.014587402344,134.643493652344,67.5685501098633,63.982666015625,9.12390232086182,79.4358291625977,36.8950729370117,36.5644187927246,214.581085205078
2020-06-29,87.6520690917969,189.024475097656,134.018997192383,69.2858581542969,67.2900009155273,9.16874599456787,79.7876052856445,37.564037322998,36.7931060791016,219.109451293945
2020-06-30,88.3837280273438,193.853866577148,137.940994262695,70.3212890625,71.9873352050781,9.46548652648926,80.6969985961914,37.8350257873535,37.0156021118164,225.494873046875
2020-07-01,88.216552734375,194.987426757812,143.934997558594,71.5089721679688,74.6419982910156,9.49762535095215,80.0106582641602,37.9535751342773,36.9877967834473,235.902160644531
2020-07-02,88.216552734375,196.473403930664,144.514999389648,72.8940353393555,80.5773315429688,9.5795955657959,80.2705688476562,38.0043907165527,36.8394584655762,231.80078125
2020-07-06,90.5763778686523,200.702774047852,152.852005004883,74.3678436279297,91.4386672973633,9.80582523345947,82.2976837158203,38.3007583618164,36.7405700683594,238.613204956055
2020-07-07,90.2953186035156,198.369003295898,150.005996704102,73.8853454589844,92.6573333740234,9.8382158279419,79.9760131835938,38.2838172912598,39.2313461303711,239.189208984375
2020-07-08,92.3983001708984,202.731674194336,154.05549621582,74.5637435913086,91.0586700439453,10.1812973022461,80.8249969482422,38.1652679443359,38.4556884765625,241.890319824219
2020-07-09,92.7956619262695,204.150955200195,159.131500244141,75.3105545043945,92.9520034790039,10.4732990264893,79.075065612793,37.1829795837402,39.4785690307617,242.803939819336
2020-07-10,92.9579925537109,203.531829833984,160,76.3197174072266,102.976669311523,10.4436511993408,83.3978729248047,38.2330169677734,40.384033203125,243.369995117188
2020-07-13,92.5291748046875,197.24494934082,155.199996948242,74.99169921875,99.8040008544922,10.0181016921997,84.5933456420898,38.3176918029785,40.0255584716797,237.342102050781
2020-07-14,94.0603561401367,198.464263916016,154.199996948242,75.419677734375,101.120002746582,10.3417482376099,85.0784683227539,38.8427085876465,40.7950401306152,238.067016601562
2020-07-15,94.7072372436523,198.1689453125,150.443496704102,75.2222900390625,103.067329406738,10.1925096511841,86.3952484130859,39.2915191650391,40.7919502258301,238.613204956055
2020-07-16,93.541877746582,194.244445800781,149.994995117188,75.1250915527344,100.042663574219,10.10032081604,86.6378021240234,39.0798149108887,40.8537521362305,239.258697509766
2020-07-17,93.3529052734375,193.253753662109,148.098495483398,75.2208099365234,100.055999755859,10.166844367981,85.0351638793945,39.6471672058105,40.7116050720215,240.35107421875
2020-07-20,95.3202056884766,201.560028076172,159.841995239258,77.5510482788086,109.533332824707,10.4750442504883,84.2901458740234,39.0544052124023,40.6281585693359,243.717529296875
2020-07-21,94.004638671875,198.845230102539,156.914505004883,77.1582794189453,104.557334899902,10.2934131622314,86.1180038452148,39.9689559936523,40.8939399719238,240.073013305664
2020-07-22,94.2687149047852,201.70295715332,154.995498657227,77.6011199951172,106.155334472656,10.4032907485962,85.4942932128906,41.0528564453125,40.9959182739258,238.2060546875
2020-07-23,89.9779357910156,192.929870605469,149.327499389648,75.2158279418945,100.87133026123,10.0953416824341,85.7455291748047,40.8834991455078,40.6806983947754,230.98649597168
2020-07-24,89.7550430297852,191.748748779297,150.445495605469,74.7923431396484,94.466667175293,10.1598682403564,85.1391296386719,41.0613250732422,40.5570869445801,229.109619140625
2020-07-27,91.8822555541992,194.177734375,152.760498046875,75.8446426391602,102.639999389648,10.38609790802,83.9436569213867,41.0528564453125,40.5478172302246,231.880249023438
2020-07-28,90.3728637695312,192.4345703125,150.016494750977,74.5662155151367,98.4326705932617,10.1807985305786,84.3074798583984,40.798828125,40.7177772521973,228.523681640625
2020-07-29,92.1051483154297,194.377822875977,151.676498413086,75.5510711669922,99.9406661987305,10.4299468994141,86.351921081543,40.6633262634277,40.3871154785156,231.671691894531
2020-07-30,93.2196502685547,194.225357055664,152.593994140625,76.2879943847656,99.1660003662109,10.5779466629028,84.0475845336914,40.3838882446289,40.2109756469727,232.873291015625
2020-07-31,102.978698730469,195.28271484375,158.233993530273,73.7876510620117,95.3840026855469,10.5786914825439,83.7183837890625,40.0028343200684,39.9884719848633,251.910308837891
2020-08-03,105.573509216309,206.265640258789,155.594497680664,73.5302810668945,99,10.9728469848633,83.2505950927734,39.2068367004395,39.957576751709,250.212188720703
2020-08-04,106.278549194336,203.169830322266,156.941497802734,73.0611572265625,99.1333312988281,11.1896066665649,82.7741546630859,39.5370864868164,40.6806983947754,248.096969604492
2020-08-05,106.663757324219,202.836486816406,160.251495361328,73.348274230957,99.001335144043,11.2484102249146,84.2121887207031,39.9858894348145,40.115177154541,247.391891479492
2020-08-06,110.385200500488,206.084671020508,161.25,74.6306762695312,99.3053359985352,11.2969923019409,84.238166809082,40.2060546875,39.9730262756348,263.439819335938
2020-08-07,107.875503540039,202.398223876953,158.373001098633,74.3043746948242,96.8473358154297,11.1614542007446,86.0920562744141,40.4770278930664,40.164623260498,266.577819824219
2020-08-10,109.443428039551,198.369003295898,157.408004760742,74.2275161743164,94.5713348388672,11.1270713806152,87.1835556030273,40.409294128418,40.7548713684082,261.175598144531
2020-08-11,106.188621520996,193.730041503906,154.033493041992,73.4201812744141,91.6259994506836,10.8131456375122,89.9383773803711,40.5871200561523,40.2356986999512,254.353271484375
2020-08-12,109.717727661133,199.264343261719,158.111999511719,74.7442398071289,103.650665283203,11.401388168335,89.1760330200195,41.0105247497559,40.7579650878906,258.087188720703
2020-08-13,111.659461975098,198.797622680664,158.050994873047,75.2108764648438,108.066665649414,11.4041290283203,88.6822509765625,40.9681816101074,40.9131164550781,259.487365722656
2020-08-14,111.559944152832,198.988174438477,157.401000976562,74.6148071289062,110.047332763672,11.5247173309326,88.7168960571289,41.0274543762207,41.1458320617676,259.427825927734
2020-08-17,111.268684387207,200.302658081055,159.120498657227,75.1905364990234,122.375999450684,12.295090675354,86.3779067993164,40.8242225646973,42.0767364501953,259.348388671875
2020-08-18,112.195846557617,201.455230712891,165.624496459961,77.1513519287109,125.805999755859,12.2191019058228,85.1737823486328,41.0020446777344,41.8005561828613,260.520233154297
2020-08-19,112.336616516113,200.233032226562,163.024002075195,76.5974273681641,125.235336303711,12.0972690582275,85.3730163574219,40.1129112243652,41.0868682861328,260.768432617188
2020-08-20,114.829330444336,204.89274597168,164.868499755859,78.1664505004883,133.455337524414,12.099757194519,84.3507919311523,40.0959701538086,40.5159225463867,267.143951416016
2020-08-21,120.746757507324,203.403182983398,164.235992431641,78.1327285766602,136.665328979492,12.6404142379761,84.3074798583984,40.0366973876953,40.8448371887207,265.157806396484
2020-08-24,122.190933227539,204.042907714844,165.373001098633,78.6078109741211,134.279998779297,12.6770391464233,86.6810989379883,40.6209869384766,40.7517509460449,269.507446289062
2020-08-25,121.188499450684,206.697418212891,167.324493408203,79.6343307495117,134.88932800293,12.7066888809204,87.0623016357422,40.5701789855957,40.5345344543457,278.871978759766
2020-08-26,122.836540222168,211.166091918945,172.092498779297,81.5326309204102,143.544662475586,12.7296113967896,85.8408050537109,40.7818832397461,40.5562477111816,301.801818847656
2020-08-27,121.368118286133,216.351013183594,170,80.7585372924805,149.25,12.5853490829468,88.664909362793,40.8411560058594,42.3963356018066,291.185974121094
2020-08-28,121.171531677246,218.575790405273,170.089996337891,81.299560546875,147.559997558594,13.1030874252319,89.0287704467773,42.1960411071777,43.5351448059082,291.622894287109
2020-08-31,125.280700683594,215.348388671875,172.548004150391,80.8086090087891,166.106674194336,13.3290691375732,86.7937240600586,41.9420013427734,43.085205078125,291.166137695312
2020-09-01,130.270980834961,217.009887695312,174.955993652344,82.0756454467773,158.350006103516,13.778169631958,86.7504196166992,41.5948066711426,45.7972221374512,293.390563964844
2020-09-02,127.571952819824,221.192108154297,176.572494506836,85.1656112670898,149.123336791992,14.302041053772,88.0585098266602,43.3476867675781,45.8251647949219,300.401580810547
2020-09-03,117.358421325684,207.489944458008,168.399993896484,80.8076324462891,135.66667175293,12.9751691818237,87.7813034057617,42.7464599609375,44.8508186340332,289.100555419922
2020-09-04,117.436111450195,204.577651977539,164.731002807617,78.4124221801758,139.440002441406,12.583384513855,89.6784744262695,43.2206726074219,44.3202133178711,280.768707275391
2020-09-08,109.533248901367,193.510879516602,157.492004394531,75.555534362793,110.069999694824,11.8760852813721,86.5598373413086,42.1791038513184,42.9610939025879,269.279052734375
2020-09-09,113.902145385742,201.751251220703,163.43049621582,76.7273483276367,122.093330383301,12.6755990982056,87.3827972412109,42.5008926391602,43.4079246520996,271.821258544922
2020-09-10,110.183723449707,196.098526000977,158.755493164062,75.6770324707031,123.779998779297,12.2735967636108,86.4818801879883,42.3400001525879,42.4521865844727,266.230285644531
2020-09-11,108.73713684082,194.818984985352,155.811004638672,75.1667556762695,124.23999786377,12.1268062591553,87.5560684204102,43.2375984191895,42.4180564880371,264.760559082031
2020-09-14,111.999244689941,196.136764526367,155.148498535156,74.8230895996094,139.873336791992,12.8323602676392,88.7688751220703,43.288818359375,42.6104469299316,264.303802490234
2020-09-15,112.174011230469,199.354583740234,157.806503295898,76.1268157958984,149.919998168945,12.9507436752319,86.0054016113281,43.5790596008301,42.6228675842285,270.5302734375
2020-09-16,108.863349914551,195.79296875,153.904998779297,74.9847564697266,147.253326416016,12.4757204055786,86.369255065918,43.3571243286133,42.2815322875977,261.691955566406
2020-09-17,107.125503540039,193.749588012695,150.436492919922,73.7425155639648,141.143325805664,12.424877166748,85.3816604614258,43.1522331237793,42.4149627685547,253.052352905273
2020-09-18,103.727470397949,191.343383789062,147.745498657227,71.9597473144531,147.383331298828,12.1514797210693,85.1997680664062,43.0668678283691,41.980541229248,250.778244018555
2020-09-21,106.873069763184,193.396286010742,148.023498535156,70.9208374023438,149.796661376953,12.478461265564,82.5662231445312,41.9059066772461,42.5328788757324,246.428619384766
2020-09-22,108.552680969238,198.055969238281,156.449493408203,72.3926773071289,141.410003662109,12.5985851287842,81.6652755737305,42.3924751281738,42.9176406860352,252.982833862305
2020-09-23,103.999320983887,191.534286499023,149.99299621582,69.891845703125,126.786666870117,12.086181640625,80.3398666381836,41.1546859741211,42.1977577209473,247.292587280273
2020-09-24,105.067268371582,194.016983032227,150.989501953125,70.559814453125,129.263336181641,12.3097343444824,80.2705688476562,41.5729713439941,42.4180564880371,247.799026489258
2020-09-25,109.008979797363,198.437927246094,154.756500244141,71.3631820678711,135.779998779297,12.8338575363159,80.9722518920898,41.5900573730469,42.5949363708496,253.052352905273
2020-09-28,111.610900878906,199.984771728516,158.702499389648,72.3351440429688,140.399993896484,12.994607925415,83.3025741577148,42.0680961608887,42.5887260437012,255.038467407227
2020-09-29,110.766265869141,197.903213500977,157.244003295898,72.7001419067383,139.690002441406,13.1847648620605,82.6008834838867,41.7607803344727,42.5545959472656,259.974029541016
2020-09-30,112.436149597168,200.834625244141,157.436492919922,72.6792984008789,143.003326416016,13.4885711669922,83.3978729248047,42.1449241638184,43.4141311645508,260.083221435547
2020-10-01,113.387580871582,202.868438720703,161.063003540039,73.7851638793945,149.386672973633,13.5723085403442,84.0042724609375,41.9827308654785,44.397777557373,264.780456542969
2020-10-02,109.727416992188,196.881484985352,156.25,72.1833953857422,138.363327026367,13.0217742919922,84.8012619018555,42.1363868713379,43.5972061157227,258.136810302734
2020-10-05,113.106056213379,200.882339477539,159.960006713867,73.5337524414062,141.893325805664,13.6002235412598,86.5936279296875,42.1534690856934,44.0005950927734,262.814178466797
2020-10-06,109.863349914551,196.614151000977,154.998001098633,71.9562835693359,137.99333190918,13.6939325332642,85.7018127441406,41.7778587341309,43.6375465393066,256.86572265625
2020-10-07,111.727416992188,200.357177734375,159.78450012207,72.3589553833008,141.766662597656,13.9207286834717,87.1969375610352,42.3071250915527,43.7182235717773,256.329437255859
2020-10-08,111.62060546875,201.073364257812,159.527496337891,73.5635070800781,141.973327636719,13.7958650588989,88.9893035888672,43.0754013061523,43.8640632629395,261.930358886719
2020-10-09,113.562355041504,206.067153930664,164.332504272461,74.9034194946289,144.66667175293,13.7201013565063,88.4821853637695,43.3741836547852,44.3047027587891,262.615570068359
2020-10-12,120.775886535645,211.404830932617,172.146499633789,77.5882263183594,147.433334350586,14.1819152832031,89.5663528442383,43.6132125854492,44.7608261108398,273.837158203125
2020-10-13,117.572036743164,212.798919677734,172.181503295898,77.7112197875977,148.883331298828,14.2040977478027,88.1149673461914,42.8705368041992,45.3752288818359,274.224456787109
2020-10-14,117.65941619873,210.889221191406,168.185501098633,77.5312042236328,153.766662597656,14.051570892334,87.625358581543,42.7851638793945,44.6646423339844,269.934448242188
2020-10-15,117.193397521973,209.743408203125,166.932495117188,77.1359558105469,149.626663208008,13.9267101287842,88.9368515014648,42.674186706543,44.847713470459,264.869781494141
2020-10-16,115.552627563477,209.743408203125,163.635498046875,77.7424545288086,146.556671142578,13.7687005996704,88.7532348632812,42.7083396911621,44.9035720825195,264.085205078125
2020-10-19,112.601188659668,204.548980712891,160.360504150391,75.8704376220703,143.610000610352,13.45592212677,87.2581405639648,42.3583450317383,44.3574523925781,259.586700439453
2020-10-20,114.086624145508,204.959518432617,160.850494384766,76.9182815551758,140.646667480469,13.6032180786133,87.7565078735352,42.8961372375488,44.6522369384766,265.704010009766
2020-10-21,113.465293884277,205.102783203125,159.246994018555,78.6494598388672,140.880004882812,13.4828395843506,86.8821716308594,42.674186706543,44.807373046875,276.796508789062
2020-10-22,112.377876281738,205.188751220703,158.820007324219,79.6744918823242,141.929992675781,13.3195972442627,89.9510803222656,43.2632064819336,44.5436210632324,276.190734863281
2020-10-23,111.688575744629,206.468246459961,160.220001220703,80.9797134399414,140.210006713867,13.5481376647949,90.7641754150391,43.1266250610352,44.6366996765137,282.814483642578
2020-10-26,111.698295593262,200.595901489258,160.352005004883,78.5651626586914,140.093338012695,13.1005277633667,88.5171432495117,42.5119895935059,44.1123008728027,275.187713623047
2020-10-27,113.203125,203.622787475586,164.316497802734,79.2886810302734,141.559997558594,13.3552360534668,86.8472061157227,42.5973663330078,44.3326148986816,281.324890136719
2020-10-28,107.960456848145,193.529983520508,158.139007568359,74.920783996582,135.339996337891,12.5878715515137,84.4078063964844,40.9412689208984,43.4544677734375,265.813201904297
2020-10-29,111.960418701172,195.477874755859,160.550506591797,77.2058868408203,136.943328857422,12.9836416244507,84.9586410522461,40.9924850463867,43.4172286987305,278.881896972656
2020-10-30,105.688606262207,193.329467773438,151.807495117188,80.1431274414062,129.346664428711,12.4951610565186,85.7193145751953,41.0266342163086,43.0541763305664,261.284820556641
2020-11-02,105.601234436035,193.195770263672,150.223999023438,80.5502471923828,133.503326416016,12.5417642593384,87.6515655517578,41.5046806335449,43.5661659240723,259.546966552734
2020-11-03,107.222579956055,197.11067199707,152.420501708984,81.6085052490234,141.300003051758,12.9791555404663,90.4144744873047,42.1278457641602,44.3047027587891,263.459625244141
2020-11-04,111.601196289062,206.621017456055,162.057998657227,86.5769577026367,140.32666015625,13.7515020370483,87.6515655517578,41.9741897583008,44.0502471923828,285.386505126953
2020-11-05,115.56233215332,213.209503173828,166.100006103516,87.4026184082031,146.029998779297,14.1161203384399,91.2363357543945,42.2046852111816,44.5187950134277,292.635833740234
2020-11-06,115.431037902832,213.620147705078,165.568496704102,87.265266418457,143.316665649414,14.5168743133545,90.0210037231445,42.2132148742676,45.2324867248535,291.374694824219
2020-11-09,113.126121520996,208.53076171875,157.186996459961,87.3490524291992,140.419998168945,13.5885105133057,102.209144592285,44.8766098022461,44.5405158996582,276.836242675781
2020-11-10,112.785720825195,201.483917236328,151.751007080078,86.1737899780273,136.786666870117,12.7304306030273,101.876922607422,46.0802688598633,45.1673240661621,270.540222167969
2020-11-11,116.209075927734,206.773803710938,156.869506835938,86.645378112793,139.043334960938,13.3764181137085,100.355583190918,45.7388191223145,45.9182434082031,274.562133789062
2020-11-12,115.936744689941,205.713943481445,155.514007568359,86.4266738891602,137.253326416016,13.4150505065918,99.122802734375,45.2522315979004,45.9958305358887,273.171783447266
2020-11-13,115.985412597656,206.735565185547,156.440505981445,87.8866195678711,136.16667175293,13.2557935714722,99.7435684204102,45.6278419494629,46.7126197814941,275.028869628906
2020-11-16,116.99683380127,207.423126220703,156.552993774414,87.9743957519531,136.029998779297,13.4733686447144,102.55891418457,45.969295501709,47.3021926879883,277.02490234375
2020-11-17,116.111808776855,204.77815246582,156.783004760742,87.360954284668,147.203338623047,13.3806571960449,101.518440246582,45.8241844177246,46.3495674133301,273.092376708984
2020-11-18,114.789161682129,202.078414916992,155.272994995117,86.3185729980469,162.213333129883,13.3871355056763,100.766532897949,44.9107704162598,46.2626838684082,270.083404541016
2020-11-19,115.382415771484,203.361267089844,155.850997924805,87.2077331542969,166.42333984375,13.3986015319824,101.037567138672,45.3546600341797,47.2028884887695,271.046661376953
2020-11-20,114.118095397949,201.417877197266,154.970001220703,86.1073303222656,163.203338623047,13.0471925735474,100.171997070312,44.961986541748,46.6195259094238,267.8291015625
2020-11-23,110.723945617676,201.149795532227,154.919494628906,85.6699447631836,173.949996948242,13.0992813110352,103.057281494141,44.970516204834,46.8336372375488,266.567932128906
2020-11-24,112.007682800293,204.739883422852,155.90299987793,87.472053527832,185.126663208008,12.9175968170166,107.822364807129,45.4314880371094,46.9670715332031,274.999084472656
2020-11-25,112.84407043457,204.749450683594,159.253494262695,87.4834518432617,191.33332824707,13.1937379837036,106.694480895996,45.1839332580566,47.1129112243652,273.678283691406
2020-11-27,113.388725280762,206.051422119141,159.766998291016,88.6185607910156,195.253326416016,13.2201547622681,105.986274719238,44.9875946044922,47.0415267944336,275.882843017578
2020-11-30,115.781143188477,204.940933227539,158.401992797852,87.0009384155273,189.199996948242,13.3599691390991,103.066024780273,44.3939476013184,47.4107933044434,275.048675537109
2020-12-01,119.350395202637,206.989654541016,161.003997802734,89.0321578979492,194.919998168945,13.3485059738159,104.692260742188,44.7725067138672,47.3642578125,284.562225341797
2020-12-02,119.700492858887,206.185485839844,160.176498413086,90.5005111694336,189.606674194336,13.5025281906128,106.703231811523,44.8327217102051,46.7064170837402,285.525482177734
2020-12-03,119.564353942871,205.103637695312,159.336502075195,90.3452987670898,197.793334960938,13.3584318161011,106.003761291504,45.4091644287109,46.3278503417969,279.894897460938
2020-12-04,118.893295288086,205.218551635742,158.128997802734,90.4405212402344,199.679992675781,13.520227432251,106.965538024902,46.3297309875488,46.2068290710449,277.759765625
2020-12-07,120.352119445801,205.15153503418,157.899993896484,90.1067657470703,213.919998168945,13.5685949325562,106.563316345215,45.5898361206055,45.9585952758789,283.598937988281
2020-12-08,120.964820861816,206.79817199707,158.864501953125,89.8240966796875,216.626663208008,13.3125648498535,106.668251037598,45.7532997131348,46.3743934631348,281.434112548828
2020-12-09,118.43620300293,202.76774597168,155.210006713867,88.1643218994141,201.49333190918,12.8944873809814,105.837646484375,45.8823623657227,46.008243560791,275.992095947266
2020-12-10,119.856101989746,201.542327880859,155.074493408203,87.6579971313477,209.023330688477,12.9358720779419,105.155654907227,45.6414527893066,45.7933464050293,275.197631835938
2020-12-11,119.048904418945,204.165451049805,155.820999145508,88.012565612793,203.330001831055,12.9767560958862,104.534896850586,45.8995628356934,45.7808876037598,271.652404785156
2020-12-14,118.43620300293,205.065383911133,157.848495483398,86.8948059082031,213.276672363281,13.2714281082153,103.433242797852,45.8307304382324,45.3604545593262,272.287963867188
2020-12-15,124.368705749512,204.99836730957,158.255996704102,87.3322067260742,211.08332824707,13.323034286499,105.199363708496,46.3211364746094,45.3386611938477,273.638549804688
2020-12-16,124.300621032715,209.928741455078,162.048004150391,87.139289855957,207.589996337891,13.2053651809692,105.505393981934,45.6500625610352,45.2919311523438,273.757720947266
2020-12-17,125.166206359863,210.062759399414,161.804000854492,86.3121337890625,218.633331298828,13.3038368225098,104.631065368652,45.8307304382324,45.5005989074707,272.576019287109
2020-12-18,123.18221282959,209.268142700195,160.082504272461,85.6034927368164,231.66667175293,13.2347803115845,104.115211486816,46.2350997924805,45.4538917541504,274.482604980469
2020-12-21,124.709083557129,213.097564697266,160.309005737305,86.0170593261719,216.619995117188,13.2948608398438,108.023452758789,45.4349746704102,45.4601173400879,270.897705078125
2020-12-22,128.258880615234,214.390014648438,160.32600402832,85.3059539794922,213.446670532227,13.2410116195679,106.379722595215,45.3919563293457,44.908878326416,265.237243652344
2020-12-23,127.364120483398,211.594528198242,159.26350402832,85.7031631469727,215.32666015625,12.972767829895,109.352432250977,45.6672668457031,44.6036720275879,266.250152587891
2020-12-24,128.346435546875,213.250747680664,158.634506225586,85.9972305297852,220.589996337891,12.9573135375977,108.871574401855,45.9769897460938,44.6908645629883,265.545074462891
2020-12-28,132.936813354492,215.366500854492,164.197998046875,87.9709091186523,221.229995727539,12.863823890686,109.588523864746,46.5964393615723,45.2265319824219,275.078491210938
2020-12-29,131.166793823242,214.591033935547,166.100006103516,87.1675643920898,221.996673583984,12.9069519042969,109.299995422363,46.5706405639648,44.940013885498,274.860015869141
2020-12-30,130.04833984375,212.226379394531,164.292495727539,86.1008834838867,231.593338012695,13.1088857650757,109.605995178223,46.8373413085938,44.9026489257812,269.984069824219
2020-12-31,129.046615600586,212.934860229492,162.846496582031,86.9136581420898,235.223327636719,13.0183877944946,111.101089477539,47.1814804077148,44.8933029174805,271.265075683594
2021-01-04,125.85669708252,208.406555175781,159.331497192383,85.5990142822266,243.25666809082,13.0767250061035,110.051895141602,45.3919563293457,45.6345138549805,267.074371337891
2021-01-05,127.412788391113,208.607543945312,160.925506591797,86.2893142700195,245.036666870117,13.3671598434448,110.650733947754,44.892951965332,45.3916015625,269.090301513672
2021-01-06,123.12385559082,203.198486328125,156.919006347656,85.437858581543,251.99333190918,12.5791254043579,115.846450805664,43.4647789001465,45.6750068664551,261.483428955078
2021-01-07,127.325233459473,208.980941772461,158.108001708984,87.9897766113281,272.013336181641,13.3065805435181,119.650726318359,42.982982635498,45.6718826293945,266.875823974609
2021-01-08,128.424209594727,210.254241943359,159.134994506836,89.1546401977539,293.339996337891,13.2395162582397,119.782829284668,43.9465827941895,45.6656646728516,265.713897705078
2021-01-11,125.438529968262,208.215072631836,155.710494995117,87.0946731567383,270.396667480469,13.5833015441895,121.570503234863,43.1894760131836,45.871208190918,255.058349609375
2021-01-12,125.263458251953,205.764266967773,156.04150390625,86.1593933105469,283.146667480469,13.4469356536865,123.481468200684,43.1120300292969,46.3944091796875,249.348205566406
2021-01-13,127.296035766602,207.114105224609,158.294494628906,86.646369934082,284.803344726562,13.493800163269,123.595970153809,43.1550559997559,45.921028137207,249.894393920898
2021-01-14,125.370407104492,203.935684204102,156.373504638672,85.8365631103516,281.666656494141,13.1632318496704,124.318084716797,42.3549308776855,45.7715530395508,243.936050415039
2021-01-15,123.649032592773,203.581466674805,155.212493896484,85.6729125976562,275.386657714844,12.8234376907349,122.09008026123,41.8989486694336,45.0458984375,249.616363525391
2021-01-19,124.320083618164,207.209823608398,156.037994384766,88.4921188354492,281.516662597656,12.9887247085571,121.561683654785,41.7354698181152,44.656608581543,259.288818359375
2021-01-20,128.404754638672,214.772903442383,163.169006347656,93.2329254150391,283.483337402344,13.3282699584961,119.738815307617,41.8817443847656,45.3168601989746,265.62451171875
2021-01-21,133.111892700195,215.376113891602,165.349502563477,93.4352645874023,281.663330078125,13.8286094665527,118.734878540039,42.1140327453613,45.1113090515137,270.977111816406
2021-01-22,135.251480102539,216.314239501953,164.61149597168,93.8523101806641,282.213317871094,13.6740446090698,117.819030761719,41.7182693481445,45.5722274780273,272.595825195312
2021-01-25,138.995727539062,219.741592407227,164.699996948242,93.9375991821289,293.600006103516,13.6149606704712,116.348388671875,41.9677696228027,45.5317459106445,276.081481933594
2021-01-26,139.229141235352,222.422225952148,166.306503295898,94.6155014038086,294.363342285156,13.397572517395,115.872848510742,42.4065475463867,45.9397277832031,280.093444824219
2021-01-27,138.15934753418,222.967880249023,161.628997802734,90.2014846801758,288.053344726562,12.8815240859985,112.59691619873,41.7526893615723,44.7967681884766,270.252227783203
2021-01-28,133.325820922852,228.740737915039,161.880996704102,91.9004516601562,278.476654052734,13.0144004821777,114.578338623047,42.2861022949219,44.7687301635742,263.161743164062
2021-01-29,128.336685180664,222.067962646484,160.309997558594,90.6190338134766,264.510009765625,12.9533224105835,113.31022644043,41.4257583618164,43.7534637451172,256.537994384766
2021-02-01,130.456848144531,229.430053710938,167.143997192383,93.8776092529297,279.936676025391,13.1998805999756,114.146820068359,41.7096672058105,43.3735008239746,260.192443847656
2021-02-02,131.283493041992,229.296020507812,169,95.1694259643555,290.929992675781,13.5187349319458,117.660530090332,42.122631072998,43.840648651123,265.227264404297
2021-02-03,130.262313842773,232.637191772461,165.626495361328,102.100143432617,284.896667480469,13.4925556182861,119.007881164551,41.959171295166,43.9745750427246,264.800262451172
2021-02-04,133.617553710938,231.689407348633,166.550003051758,101.839797973633,283.329986572266,13.6259307861328,121.746635437012,42.1656455993652,44.3887825012207,264.641357421875
2021-02-05,133.203628540039,231.871307373047,167.607498168945,103.58536529541,284.07666015625,13.5528879165649,121.508865356445,42.7162704467773,44.9587059020996,266.240234375
2021-02-08,133.349746704102,232.129806518555,166.147003173828,103.371635437012,287.806671142578,14.3982591629028,123.411026000977,42.9485664367676,45.1673622131348,264.730743408203
2021-02-09,132.473129272461,233.374374389648,165.25,102.918876647949,283.1533203125,14.2232513427734,122.917915344238,42.7592964172363,45.4165153503418,267.580871582031
2021-02-10,131.869277954102,232.464859008789,164.328994750977,103.468818664551,268.273345947266,14.7228450775146,122.988319396973,42.6732597351074,44.8870735168457,269.984069824219
2021-02-11,131.616012573242,234.063629150391,163.106506347656,103.581398010254,270.553344726562,15.2079811096191,122.644874572754,43.2755012512207,44.8528213500977,268.514373779297
2021-02-12,131.849792480469,234.54231262207,163.885498046875,103.892837524414,272.040008544922,14.9192943572998,124.388473510742,43.6110343933105,44.9929542541504,268.623565673828
2021-02-16,129.726455688477,233.307312011719,163.447494506836,104.669914245605,265.406677246094,15.2872610092163,127.382598876953,43.2496910095215,45.3635673522949,272.069519042969
2021-02-17,127.437591552734,234.324447631836,165.432006835938,105.062652587891,266.049987792969,14.8641986846924,127.778938293457,43.1292457580566,45.8431739807129,271.672302246094
2021-02-18,126.336975097656,233.931045532227,166.411499023438,104.42741394043,262.459991455078,14.7874155044556,128.210433959961,43.6798667907715,42.8720932006836,267.521301269531
2021-02-19,126.492774963379,231.225082397461,162.494995117188,103.584381103516,260.433319091797,14.8846416473389,130.350372314453,43.1120300292969,43.0838737487793,259.745574951172
2021-02-22,122.723442077637,225.026336669922,159.037002563477,101.871040344238,238.16667175293,14.3154907226562,131.574432373047,43.5594139099121,42.8814392089844,258.524139404297
2021-02-23,122.58708190918,223.836486816406,159.725006103516,102.161636352539,232.946670532227,14.1023416519165,132.631195068359,43.4819831848145,42.1900520324707,264.015747070312
2021-02-24,122.090347290039,225.064743041992,157.976501464844,103.336410522461,247.339996337891,14.4583396911621,134.964859008789,43.6282424926758,41.4862022399902,262.476501464844
2021-02-25,117.843711853027,219.729537963867,152.858001708984,99.9712448120117,227.406661987305,13.2701826095581,133.13313293457,43.1636581420898,41.0938034057617,252.923248291016
2021-02-26,118.106704711914,222.982467651367,154.646499633789,100.266799926758,225.16667175293,13.6760396957397,129.601821899414,42.1484489440918,40.4615821838379,255.832946777344
2021-03-01,124.466903686523,227.358062744141,157.307006835938,102.634727478027,239.476669311523,13.8029346466064,132.534286499023,42.9313621520996,40.9131774902344,263.072326660156
2021-03-02,121.866333007812,224.412185668945,154.726501464844,102.377853393555,228.813339233398,13.3686561584473,132.102798461914,43.1034317016602,40.5207710266113,257.203369140625
2021-03-03,118.885894775391,218.357360839844,150.25,99.7461090087891,217.733337402344,12.7688407897949,134.656616210938,43.0001907348633,39.7359428405762,253.638275146484
2021-03-04,117.006080627441,217.560943603516,148.878494262695,100.862884521484,207.146667480469,12.3355617523193,132.587142944336,42.9657707214355,39.7172470092773,255.852798461914
2021-03-05,118.262542724609,222.233993530273,150.022994995117,103.993980407715,199.316665649414,12.4265518188477,132.895355224609,43.697078704834,40.2124404907227,262.446716308594
2021-03-08,113.334129333496,218.194244384766,147.597503662109,99.5522079467773,187.66667175293,11.5607376098633,134.656616210938,44.4283676147461,39.8262634277344,253.538940429688
2021-03-09,117.941116333008,224.325866699219,153.142501831055,101.181739807129,224.526672363281,12.4894504547119,133.705551147461,43.7572975158691,40.1408157348633,263.896575927734
2021-03-10,116.860008239746,223.020858764648,152.88200378418,100.974945068359,222.686660766602,12.4375782012939,136.611602783203,44.256290435791,41.1654319763184,263.062438964844
2021-03-11,118.78849029541,227.540390014648,155.679504394531,104.166061401367,233.199996948242,12.9615354537964,135.898330688477,43.7744941711426,41.1498565673828,271.980102539062
2021-03-12,117.882675170898,226.216156005859,154.474502563477,101.659790039062,231.24333190918,12.8243732452393,137.509826660156,43.6877517700195,41.7696189880371,266.538177490234
2021-03-15,120.765724182129,225.314178466797,154.083999633789,101.87996673584,235.979995727539,13.1587982177734,136.822952270508,44.2689781188965,41.5547180175781,271.851043701172
2021-03-16,122.304641723633,228.096908569336,154.593002319336,103.340408325195,225.626663208008,13.2585525512695,135.184997558594,44.4338150024414,41.5422706604004,277.342651367188
2021-03-17,121.515701293945,227.453964233398,156.786499023438,103.25757598877,233.936660766602,13.3084297180176,136.576385498047,44.4511642456055,41.1965713500977,282.039886474609
2021-03-18,117.395690917969,221.389587402344,151.399505615234,100.23853302002,217.720001220703,12.691201210022,138.830764770508,43.8699226379395,40.6586723327637,276.687286376953
2021-03-19,116.869728088379,221.034591674805,153.748001098633,100.517234802246,218.289993286133,12.8141479492188,136.620407104492,44.0781288146973,41.1996994018555,288.097503662109
2021-03-22,120.181289672852,226.44645690918,155.543502807617,100.702209472656,223.33332824707,13.1538105010986,132.948211669922,44.2429542541504,41.3967170715332,291.503784179688
2021-03-23,119.353416442871,227.972152709961,156.875,101.229827880859,220.720001220703,13.038595199585,131.618469238281,44.5812835693359,41.8877258300781,288.613952636719
2021-03-24,116.96711730957,225.937911987305,154.353500366211,100.793449401855,210.089996337891,12.6118965148926,132.639953613281,44.6940612792969,41.6281394958496,280.182861328125
2021-03-25,117.454132080078,222.944061279297,152.313003540039,100.789970397949,213.463333129883,12.5044116973877,134.339584350586,45.127815246582,41.9096031188965,276.806427001953
2021-03-26,118.058006286621,226.91667175293,152.601501464844,100.406639099121,206.236663818359,12.8076629638672,136.576385498047,46.0126876831055,42.2598724365234,281.056732177734
2021-03-29,118.233337402344,225.726806640625,153.786499023438,101.451011657715,203.763336181641,12.9163951873779,134.454071044922,46.7153549194336,42.7414894104004,288.802581787109
2021-03-30,116.782081604004,222.473907470703,152.764495849609,101.484733581543,211.873336791992,12.8400831222534,136.039215087891,46.1081047058105,42.4506416320801,286.002166748047
2021-03-31,118.973541259766,226.235366821289,154.703994750977,102.280654907227,222.643325805664,13.3154125213623,134.057800292969,45.7263984680176,42.4787864685059,292.486907958984
2021-04-01,119.80143737793,232.549270629883,158.050003051758,105.616081237793,220.58332824707,13.7777719497681,135.361145019531,45.5528984069824,42.4131126403809,296.588256835938
2021-04-05,122.626029968262,238.997497558594,161.336502075195,110.038528442383,230.350006103516,13.953088760376,136.078628540039,45.8131523132324,43.604621887207,306.767211914062
2021-04-06,122.927978515625,237.83642578125,161.190994262695,109.557518005371,230.539993286133,13.8273973464966,135.121963500977,46.1428070068359,43.8141670227051,304.135498046875
2021-04-07,124.574035644531,239.793930053711,163.969497680664,111.033821105957,223.656661987305,14.1087074279785,137.239013671875,46.2208786010742,43.720344543457,310.918151855469
2021-04-08,126.970077514648,243.008483886719,164.964996337891,111.599128723145,227.933334350586,14.2817802429199,137.407348632812,46.0820808410645,43.6921997070312,310.848663330078
2021-04-09,129.541366577148,245.503311157227,168.610000610352,112.602836608887,225.67333984375,14.3645753860474,138.434906005859,46.1341247558594,43.7140922546387,310.29248046875
2021-04-12,127.827201843262,245.560913085938,168.969497680664,111.311019897461,233.99333190918,15.1715841293335,138.142562866211,46.2816047668457,43.720344543457,309.378845214844
2021-04-13,130.934188842773,248.036575317383,170,111.797500610352,254.106674194336,15.6409282684326,136.49494934082,46.0560531616211,43.5858688354492,307.611206054688
2021-04-14,128.596633911133,245.253799438477,166.649993896484,111.176628112793,244.07666015625,15.2394189834595,133.943786621094,46.0473747253418,43.5702285766602,300.719390869141
2021-04-15,131.002426147461,249.005722045898,168.954498291016,113.325866699219,246.283340454102,16.0975494384766,134.794174194336,46.2642593383789,43.832935333252,305.684722900391
2021-04-16,130.671295166016,250.195556640625,169.97200012207,113.201881408691,246.593338012695,15.8733530044556,135.795166015625,46.5678939819336,43.9736633300781,304.056030273438
2021-04-19,131.333541870117,248.276428222656,168.600494384766,113.549522399902,238.210006713867,15.3239574432373,135.219360351562,46.8454818725586,43.6921997070312,300.143432617188
2021-04-20,129.648529052734,247.815872192383,166.734497070312,113.016426086426,239.663330078125,15.1339263916016,132.225357055664,46.9929618835449,44.0299530029297,300.550537109375
2021-04-21,130.028411865234,250.042007446289,168.100997924805,112.983703613281,248.039993286133,15.3227119445801,133.350341796875,47.3746566772461,44.1581726074219,299.378753662109
2021-04-22,128.509002685547,246.769927978516,165.451995849609,111.702781677246,239.896667480469,14.813717842102,130.542266845703,47.2271842956543,43.6796875,294.463104248047
2021-04-23,130.827133178711,250.588989257812,167.044006347656,114.053840637207,243.133331298828,15.2276983261108,133.040252685547,47.2532196044922,43.7516174316406,299.041137695312
2021-04-26,131.216659545898,250.972808837891,170.449996948242,114.549736022949,246.066665649414,15.439923286438,133.368041992188,46.5505294799805,43.1292839050293,300.937866210938
2021-04-27,130.895278930664,251.375854492188,170.871505737305,113.610015869141,234.913330078125,15.3439083099365,133.979248046875,46.4811401367188,43.276252746582,301.464172363281
2021-04-28,130.106292724609,244.265533447266,172.925003051758,116.985130310059,231.466659545898,15.2391691207886,134.847366333008,46.4898109436035,43.1230201721191,304.969665527344
2021-04-29,130.008926391602,242.298370361328,173.565505981445,118.657295227051,225.66667175293,15.2870512008667,137.469345092773,47.0710334777832,43.6671714782715,327.224273681641
2021-04-30,128.041488647461,241.981750488281,173.371002197266,116.710388183594,236.479995727539,14.9725742340088,136.246948242188,46.8281288146973,43.7547454833984,322.824981689453
2021-05-03,129.093383789062,241.674682617188,169.324493408203,116.193664550781,228.300003051758,14.8002510070801,135.848327636719,47.261890411377,44.4458923339844,320.342254638672
2021-05-04,124.525329589844,237.769256591797,165.593505859375,114.396011352539,224.533340454102,14.3159437179565,137.726226806641,46.966926574707,44.0080604553223,316.151550292969
2021-05-05,124.768829345703,236.502655029297,163.526992797852,114.789764404297,223.646667480469,14.4229316711426,139.533279418945,46.8454818725586,43.970531463623,312.834777832031
2021-05-06,126.366180419922,239.630813598633,165.318496704102,115.909507751465,221.179992675781,14.4872722625732,142.341323852539,47.3139381408691,44.2844924926758,317.800109863281
2021-05-07,127.039398193359,242.250457763672,164.580505371094,116.632530212402,224.123336791992,14.7758092880249,142.828536987305,47.2879104614258,44.0176277160645,316.866546630859
2021-05-10,123.761207580566,237.183929443359,159.524505615234,113.648208618164,209.679992675781,14.230655670166,142.810806274414,47.6349220275879,44.2122802734375,303.847534179688
2021-05-11,122.844108581543,236.272354125977,161.195495605469,112.57258605957,205.733337402344,14.2710552215576,140.436859130859,47.1230888366699,43.8135414123535,304.403625488281
2021-05-12,119.780548095703,229.334762573242,157.59700012207,109.110694885254,196.630004882812,13.7246532440186,139.471267700195,46.880184173584,42.6801376342773,300.451263427734
2021-05-13,121.92699432373,233.201782226562,158.073501586914,110.53840637207,190.563339233398,13.6316318511963,143.058822631836,47.2879104614258,43.4022598266602,303.142456054688
2021-05-14,124.346580505371,238.114700317383,161.145004272461,112.985168457031,196.580001831055,14.2079601287842,145.2822265625,47.4787712097168,43.8041343688965,313.748352050781
2021-05-17,123.195304870605,235.26481628418,163.519500732422,113.507858276367,192.276672363281,14.1306505203247,145.866882324219,47.400691986084,43.6063385009766,313.271697998047
2021-05-18,121.809898376465,233.249771118164,161.613998413086,112.196189880371,192.623336791992,13.9812707901001,143.811782836914,47.140438079834,44.5545043945312,307.809844970703
2021-05-19,121.653793334961,233.826782226562,161.589996337891,112.643997192383,187.820007324219,14.0311460494995,142.71337890625,46.9929618835449,44.5576438903809,311.414672851562
2021-05-20,124.210006713867,237.058395385742,162.384002685547,114.401969909668,195.593338012695,14.5765514373779,142.46533203125,47.4093742370605,44.7146263122559,316.399871826172
2021-05-21,122.375785827637,235.798446655273,160.154006958008,113.766220092773,193.626663208008,14.9548673629761,144.086364746094,47.3833427429199,44.5042724609375,314.036376953125
2021-05-24,124.005111694336,241.19401550293,162.249496459961,117.08430480957,202.146667480469,15.5735950469971,144.86589050293,47.5394897460938,44.5074043273926,322.378051757812
2021-05-25,123.809997558594,242.098083496094,162.952499389648,117.17505645752,201.563339233398,15.6092538833618,143.368865966797,47.5308151245117,44.6895027160645,325.516174316406
2021-05-26,123.761207580566,241.876892089844,163.257995605469,118.039901733398,206.376663208008,15.6613759994507,143.351150512695,47.7390174865723,44.6361236572266,325.387084960938
2021-05-27,122.229423522949,239.780181884766,161.505493164062,117.165626525879,210.283340454102,15.4498977661133,145.583419799805,48.1380729675293,44.4854316711426,330.441772460938
2021-05-28,121.575744628906,240.136001586914,161.153503417969,116.876518249512,208.406661987305,16.2045345306396,145.485946655273,47.9645767211914,44.5921745300293,326.449676513672
2021-06-01,121.253784179688,237.943206787109,160.932495117188,118.083038330078,207.966659545898,16.2244853973389,147.089309692383,47.9558906555176,44.4760093688965,326.846862792969
2021-06-02,122.014793395996,237.847045898438,161.699493408203,117.557884216309,201.706665039062,16.7369709014893,147.098159790039,48.1467475891113,44.3786849975586,326.866729736328
2021-06-03,120.531799316406,236.317794799805,159.350494384766,116.416809082031,190.946670532227,16.9280033111572,147.195571899414,48.2681999206543,44.4571723937988,323.778289794922
2021-06-04,122.824569702148,241.203598022461,160.311004638672,118.697471618652,199.683334350586,17.5350093841553,147.434768676758,48.7887077331543,44.5356636047363,328.058410644531
2021-06-07,122.834320068359,244.10823059082,159.900497436523,119.130393981934,201.710006713867,17.5756549835205,146.743835449219,48.6152153015137,44.2374000549316,334.245147705078
2021-06-08,123.653861999512,242.915588378906,163.205505371094,118.93896484375,201.196670532227,17.4140548706055,146.1591796875,48.2768745422363,43.9014587402344,331.365264892578
2021-06-09,124.034370422363,243.896591186523,164.057495117188,119.410087585449,199.593338012695,17.3195114135742,144.334411621094,48.1294021606445,43.6659736633301,327.959106445312
2021-06-10,123.039215087891,247.40705871582,167.482498168945,120.758438110352,203.373336791992,17.3861122131348,142.084426879883,48.5024261474609,43.9171676635742,330.153747558594
2021-06-11,124.249015808105,248.032257080078,167.341506958008,120.513946533203,203.296661376953,17.7854766845703,141.987030029297,48.719295501709,44.1903038024902,328.962127685547
2021-06-14,127.302787780762,249.955764770508,169.193496704102,121.441787719727,205.896667480469,17.9785404205322,139.577621459961,48.5532379150391,44.1306533813477,334.433837890625
2021-06-15,126.483253479004,248.484283447266,169.156494140625,120.424201965332,199.786666870117,17.7488079071045,137.460510253906,48.4308776855469,43.9548301696777,334.414031982422
2021-06-16,126.980842590332,247.541717529297,170.762496948242,119.782493591309,201.623336791992,17.7705039978027,138.426040649414,47.7840766906738,43.0600395202637,328.783325195312
2021-06-17,128.580917358398,250.927124023438,174.462005615234,120.745536804199,205.533340454102,18.6156196594238,134.431015014648,48.0288200378418,43.2389945983887,334.175659179688
2021-06-18,127.283271789551,249.513397216797,174.345001220703,119.126419067383,207.770004272461,18.5971565246582,131.029495239258,46.9974365234375,42.4384002685547,327.373260498047
2021-06-21,129.078491210938,252.591125488281,172.697998046875,120.813980102539,206.943328857422,18.3861274719238,133.252868652344,47.5131187438965,42.8245697021484,329.984954833984
2021-06-22,130.717575073242,255.360961914062,175.272003173828,121.327728271484,207.903335571289,18.8446025848389,133.058029174805,47.687931060791,43.0223693847656,336.678192138672
2021-06-23,130.444381713867,255.130157470703,175.190994262695,121.12589263916,218.856674194336,19.0147228240967,133.864120483398,47.303352355957,42.6864242553711,338.227386474609
2021-06-24,130.16145324707,256.495849609375,172.453994750977,121.495834350586,226.606674194336,19.1626472473145,135.09538269043,47.5393371582031,42.9846839904785,340.799377441406
2021-06-25,129.868743896484,254.889739990234,170.072998046875,121.504272460938,223.956665039062,18.9885311126709,136.459518432617,47.4781684875488,43.4933052062988,339.001922607422
2021-06-28,131.498123168945,258.4482421875,172.19450378418,121.531539916992,229.573333740234,19.9404029846191,136.707550048828,47.4257164001465,43.3583068847656,353.172943115234
2021-06-29,133.010314941406,261.025787353516,172.406997680664,121.270210266113,226.919998168945,19.9820594787598,136.539245605469,47.076099395752,43.1071281433105,349.449005126953
2021-06-30,133.625015258789,260.544952392578,172.007995605469,121.08869934082,226.566665649414,19.9578609466553,137.779403686523,47.2946090698242,44.2750701904297,345.297973632812
2021-07-01,133.927474975586,261.218170166016,171.648498535156,121.440803527832,225.973327636719,20.1668968200684,139.143524169922,47.163501739502,43.741340637207,351.931671142578
2021-07-02,136.551956176758,267.036865234375,175.54899597168,124.230735778809,226.300003051758,20.4412822723389,139.009887695312,47.3557968139648,43.9893684387207,352.239532470703
2021-07-06,138.561813354492,267.046508789062,183.787002563477,125.15559387207,219.860000610352,20.652307510376,136.675689697266,47.093578338623,43.9360008239746,350.332763671875
2021-07-07,141.049728393555,269.229736328125,184.828994750977,125.43726348877,214.883331298828,20.326286315918,136.836074829102,47.4781684875488,43.8637886047363,348.058715820312
2021-07-08,139.752075195312,266.815673828125,186.570495605469,124.018989562988,217.603332519531,19.858341217041,134.475143432617,47.3121032714844,43.8261070251465,343.252288818359
2021-07-09,141.576568603516,267.315826416016,185.966995239258,124.489601135254,218.983337402344,20.0055103302002,138.778274536133,47.6005210876465,44.0490188598633,347.989166259766
2021-07-12,140.981430053711,266.719512939453,185.927505493164,125.93465423584,228.566665649414,20.4667282104492,140.765014648438,47.6180076599121,43.9705352783203,350.710174560547
2021-07-13,142.093643188477,270.239654541016,183.86799621582,126.297645568848,222.846664428711,20.20481300354,138.671371459961,48.0899925231934,44.1369247436523,349.647613525391
2021-07-14,145.518218994141,271.711120605469,184.083999633789,127.18579864502,217.793334960938,19.7972240447998,138.199157714844,49.1738128662109,44.4414749145508,345.218566894531
2021-07-15,144.864517211914,270.287719726562,181.559997558594,125.963912963867,216.866668701172,18.9239292144775,138.502075195312,49.3311462402344,44.4760093688965,342.070495605469
2021-07-16,142.825408935547,270.018463134766,178.681503295898,125.92919921875,214.740005493164,18.120475769043,135.339340209961,49.2961769104004,44.4446220397949,338.793395996094
2021-07-19,138.981323242188,266.421325683594,177.479507446289,123.556793212891,215.406661987305,18.7378444671631,130.938186645508,48.7105598449707,44.3410186767578,334.612701416016
2021-07-20,142.591247558594,268.643127441406,178.65950012207,125.174934387207,220.16667175293,18.5704669952393,133.379333496094,48.7979736328125,44.5419387817383,339.289978027344
2021-07-21,141.859466552734,270.643524169922,179.259994506836,126.503456115723,218.429992675781,19.3666896820068,136.18571472168,49.4272766113281,44.3221702575684,343.828277587891
2021-07-22,143.225402832031,275.202423095703,181.901504516602,127.368804931641,216.419998168945,19.5502758026123,134.466186523438,49.3573608398438,44.3535614013672,348.753845214844
2021-07-23,144.94255065918,278.597473144531,182.832000732422,131.92463684082,214.460006713867,19.5143547058105,134.207855224609,49.8293418884277,44.7177734375,367.224853515625
2021-07-26,145.362121582031,278.001190185547,184.990997314453,132.936294555664,219.206665039062,19.2509441375732,135.107696533203,49.873046875,44.7805557250977,369.876251220703
2021-07-27,143.196182250977,275.587066650391,181.31950378418,130.818756103516,214.926666259766,19.1651401519775,134.929489135742,50.0478553771973,44.7836952209473,365.258544921875
2021-07-28,141.449722290039,275.279327392578,181.516006469727,134.978378295898,215.660003662109,19.4594783782959,135.152221679688,49.5933494567871,44.6015968322754,370.690582275391
2021-07-29,142.093643188477,275.548614501953,179.996002197266,134.664474487305,225.783340454102,19.6181240081787,136.310409545898,49.8643074035645,44.6581077575684,355.834411621094
2021-07-30,142.308319091797,274.019378662109,166.379501342773,133.622116088867,229.066665649414,19.4554901123047,135.223510742188,49.8468246459961,44.755443572998,353.828399658203
2021-08-02,141.976577758789,273.932891845703,166.574005126953,133.749053955078,236.556671142578,19.7059268951416,134.680038452148,49.7157211303711,44.6518211364746,349.508575439453
2021-08-03,143.771789550781,276.144927978516,168.311996459961,134.518203735352,236.580001831055,19.7707824707031,136.212417602539,49.7506790161133,45.1541748046875,348.803466796875
2021-08-04,143.371780395508,275.558227539062,167.735992431641,134.017852783203,236.973327636719,20.228759765625,134.742431640625,49.0339622497559,44.846492767334,356.430236816406
2021-08-05,143.479080200195,278.453155517578,168.799499511719,135.134613037109,238.210006713867,20.5909519195557,136.444046020508,49.3835792541504,45.6784896850586,360.452178955078
2021-08-06,142.795104980469,278.395416259766,167.246994018555,134.62580871582,233.033340454102,20.3205547332764,140.319564819336,49.5059471130371,45.5968627929688,360.988403320312
2021-08-09,142.74626159668,277.308654785156,167.093505859375,135.79069519043,237.919998168945,20.2497119903564,140.168106079102,49.5146827697754,45.7067527770996,359.101531982422
2021-08-10,142.267486572266,275.490905761719,166.033996582031,135.685562133789,236.663330078125,19.8915119171143,141.887573242188,49.6457939147949,46.6800308227539,358.624908447266
2021-08-11,142.521545410156,275.981475830078,164.605499267578,135.161926269531,235.940002441406,19.6550388336182,143.580337524414,49.5846138000488,47.0976066589355,357.463012695312
2021-08-12,145.482208251953,278.732116699219,165.175003051758,136.069396972656,240.75,19.8605785369873,144.1416015625,49.6807594299316,46.9715614318848,360.134338378906
2021-08-13,145.687377929688,281.655883789062,164.698501586914,136.598495483398,239.056671142578,20.1429500579834,142.529022216797,50.0216369628906,47.1196594238281,360.66064453125
2021-08-16,147.661163330078,283.339050292969,164.949493408203,137.175750732422,228.723327636719,19.905481338501,141.593566894531,50.2401390075684,47.5041122436523,364.017242431641
2021-08-17,146.752395629883,281.877044677734,162.098007202148,135.541244506836,221.903335571289,19.4145793914795,139.88298034668,50.0653381347656,47.4883460998535,355.963470458984
2021-08-18,143.01008605957,280.152282714844,160.061004638672,134.33869934082,229.663330078125,18.9975128173828,138.608993530273,49.3835792541504,46.9841575622559,352.984344482422
2021-08-19,143.342269897461,285.972503662109,159.387496948242,134.567779541016,224.490005493164,19.7538223266602,137.450790405273,49.6982383728027,47.302433013916,352.656555175781
2021-08-20,144.798202514648,293.286315917969,159.997497558594,136.302978515625,226.753326416016,20.7695484161377,137.842834472656,49.5059471130371,47.7246894836426,356.877105712891
2021-08-23,146.283432006836,293.565734863281,163.293502807617,138.893569946289,235.433334350586,21.9090003967285,139.606811523438,49.3311462402344,47.4095764160156,360.829498291016
2021-08-24,146.195465087891,291.609588623047,165.289001464844,140.103561401367,236.163330078125,21.7443695068359,140.471008300781,48.9552917480469,46.9211349487305,362.974548339844
2021-08-25,144.964279174805,291.021850585938,164.958999633789,140.914337158203,237.066665649414,22.1634311676025,143.366485595703,49.007740020752,46.9400367736816,365.834503173828
2021-08-26,144.1630859375,288.208099365234,165.800003051758,140.281066894531,233.720001220703,22.0187530517578,144.10595703125,48.544490814209,46.4327125549316,361.852355957031
2021-08-27,145.198791503906,288.815155029297,167.481506347656,142.823577880859,237.306671142578,22.585485458374,145.264190673828,48.6406440734863,46.1711540222168,370.045104980469
2021-08-30,149.615341186523,292.544281005859,171.078506469727,143.405242919922,243.636672973633,22.6373748779297,142.938858032227,49.1038818359375,46.5429954528809,378.019409179688
2021-08-31,148.354843139648,290.896606445312,173.539505004883,143.511367797852,245.240005493164,22.3389873504639,142.502288818359,49.2175102233887,46.6690483093262,376.748291015625
2021-09-01,149.019302368164,290.848358154297,173.949996948242,144.025131225586,244.696670532227,22.394868850708,142.297409057617,49.5496482849121,46.5682029724121,379.399749755859
2021-09-02,150.133193969727,290.193145751953,173.156005859375,142.112457275391,244.130004882812,22.3499622344971,142.956665039062,49.6195640563965,46.8140029907227,372.676696777344
2021-09-03,150.768325805664,290.183471679688,173.902496337891,142.561218261719,244.523330688477,22.7960453033447,142.092483520508,49.5846138000488,47.0314178466797,373.649932861328
2021-09-07,153.103622436523,289.258392333984,175.464492797852,143.097793579102,250.973327636719,22.6154193878174,141.843032836914,48.6581153869629,46.4075050354004,379.528900146484
2021-09-08,151.559783935547,289.287231445312,176.274993896484,142.513107299805,251.289993286133,22.2930812835693,141.210479736328,49.313663482666,46.4673652648926,374.950866699219
2021-09-09,150.54362487793,286.435028076172,174.207992553711,142.364349365234,251.619995117188,22.1314182281494,141.8251953125,48.8241958618164,46.1396446228027,375.377838134766
2021-09-10,145.560348510742,284.951080322266,173.457504272461,139.721221923828,245.42333984375,22.4317951202393,140.194839477539,48.6056785583496,45.9726257324219,376.063079833984
2021-09-13,146.127059936523,286.184478759766,172.858505249023,141.165771484375,247.66667175293,22.106466293335,142.422103881836,49.007740020752,45.7110862731934,373.898223876953
2021-09-14,144.72981262207,288.882629394531,172.5,141.376022338867,248.163330078125,22.1962833404541,139.936477661133,49.0429649353027,45.4715805053711,373.918090820312
2021-09-15,145.618942260742,293.729583740234,173.789505004883,143.245574951172,251.943328857422,22.2950801849365,140.907592773438,49.2102851867676,45.550365447998,371.326202392578
2021-09-16,145.38444519043,294.115112304688,174.412002563477,142.43278503418,252.330001831055,22.1962833404541,140.845199584961,48.7435493469238,45.7016334533691,370.472106933594
2021-09-17,142.716934204102,288.959655761719,173.126007080078,139.64582824707,253.163330078125,21.8549842834473,140.479919433594,47.9421539306641,45.6070861816406,362.190002441406
2021-09-20,139.668380737305,283.592315673828,167.786499023438,137.582397460938,243.389999389648,21.0695972442627,136.274765014648,47.6075172424316,44.9800148010254,353.232543945312
2021-09-21,140.147125244141,284.074157714844,167.181503295898,137.893310546875,246.460006713867,21.2023258209229,136.292633056641,47.5987091064453,45.0682373046875,355.000244140625
2021-09-22,142.511734008789,287.716522216797,169.002502441406,139.133575439453,250.646667480469,21.8958969116211,138.903015136719,47.6691703796387,44.9642524719238,340.829162597656
2021-09-23,143.469360351562,288.660949707031,170.800003051758,140.058410644531,251.213333129883,22.435791015625,143.598114013672,47.5899085998535,44.9894561767578,343.560119628906
2021-09-24,143.557220458984,288.458587646484,171.276000976562,141.049209594727,258.130004882812,22.0356121063232,145.255233764648,47.4578132629395,45.1155090332031,350.511596679688
2021-09-27,142.042709350586,283.467102050781,170.289993286133,139.915588378906,263.786682128906,21.6154747009277,148.765487670898,47.211238861084,44.8255958557129,351.127227783203
2021-09-28,138.66194152832,273.204620361328,165.798004150391,134.716567993164,259.186676025391,20.6564502716064,147.963623046875,46.357006072998,44.2741432189941,338.286926269531
2021-09-29,139.560852050781,273.667114257812,165.055999755859,133.252166748047,260.436676025391,20.4748268127441,147.847808837891,46.6388130187988,44.2552375793457,337.254150390625
2021-09-30,138.261337280273,271.662780761719,164.251998901367,132.580230712891,258.493347167969,20.6734218597412,145.834365844727,46.2073020935059,43.9212112426758,337.035736083984
2021-10-01,139.384979248047,278.58154296875,164.162994384766,135.423736572266,258.406677246094,20.6993637084961,148.899124145508,46.6916618347168,43.1869850158691,340.630554199219
2021-10-04,135.955322265625,272.809417724609,159.488998413086,132.563858032227,260.510009765625,19.691442489624,148.738693237305,46.6652336120605,42.7710266113281,323.966979980469
2021-10-05,137.880218505859,278.25390625,161.050003051758,134.907989501953,260.196655273438,20.4089622497559,151.167678833008,46.7444915771484,43.0514831542969,330.650299072266
2021-10-06,138.749862670898,282.445617675781,163.100494384766,136.437362670898,260.916656494141,20.65744972229,151.490280151367,47.2993011474609,43.3666038513184,331.325592041016
2021-10-07,140.010314941406,284.122314453125,165.121505737305,138.083755493164,264.536682128906,21.0316829681396,152.449401855469,47.4490089416504,43.8770942687988,326.936248779297
2021-10-08,139.629257202148,284.122314453125,164.430999755859,138.639663696289,261.829986572266,20.7881774902344,152.565887451172,47.6603584289551,44.0094451904297,327.760467529297
2021-10-11,139.54133605957,283.524932861328,162.315002441406,137.775268554688,263.980010986328,20.6524543762207,149.357177734375,47.7572326660156,43.9684753417969,323.192443847656
2021-10-12,138.271072387695,282.223999023438,162.366500854492,135.330520629883,268.573333740234,20.628511428833,148.209899902344,47.7572326660156,43.9212112426758,321.524017333984
2021-10-13,137.684829711914,285.529235839844,164.214004516602,136.454193115234,270.359985351562,20.8959579467773,144.302124023438,47.766040802002,43.6029396057129,322.288696289062
2021-10-14,140.46955871582,291.734924316406,164.99299621582,139.993927001953,272.773345947266,21.7012996673584,146.515914916992,48.0918655395508,44.0756149291992,326.251037597656
2021-10-15,141.524871826172,293.141845703125,170.45100402832,140.209182739258,281.010009765625,21.8170604705811,149.330261230469,47.9773864746094,44.2898941040039,322.507171630859
2021-10-18,143.195739746094,296.109710693359,172.337005615234,141.607604980469,290.036682128906,22.1763210296631,149.276489257812,47.501838684082,44.6459846496582,333.013793945312
2021-10-19,145.355117797852,297.015563964844,172.207504272461,142.062850952148,288.089996337891,22.2441844940186,151.087020874023,47.6867866516113,45.5944938659668,337.631561279297
2021-10-20,145.843719482422,296.225341796875,170.753005981445,140.606903076172,288.600006103516,22.0575675964355,153.121566772461,48.1094818115234,46.0072937011719,338.416076660156
2021-10-21,146.058670043945,299.453491210938,171.750503540039,140.722930908203,298,22.6453533172607,151.920547485352,47.8628959655762,46.2625465393066,339.508422851562
2021-10-22,145.286758422852,297.911743164062,166.777496337891,136.438858032227,303.226654052734,22.6792869567871,153.964050292969,47.9509658813477,46.7446670532227,322.358215332031
2021-10-25,145.237884521484,296.919158935547,166.018493652344,136.320327758789,341.619995117188,23.1183853149414,153.211212158203,47.7572326660156,47.2866706848145,326.409942626953
2021-10-26,145.90234375,298.827117919922,168.803497314453,138.166549682617,339.476654052734,24.6661911010742,153.623458862305,47.9685821533203,46.8738632202148,313.619262695312
2021-10-27,145.443084716797,311.411987304688,169.624496459961,145.018920898438,345.953338623047,24.4007434844971,150.423736572266,48.8932647705078,46.4894218444824,310.05419921875
2021-10-28,149.077941894531,312.549041748047,172.328506469727,144.653427124023,359.013336181641,24.8897304534912,152.691375732422,49.3511924743652,46.7793350219727,314.721588134766
2021-10-29,146.371307373047,319.554565429688,168.621505737305,146.832427978516,371.333343505859,25.5144462585449,152.270080566406,49.6418037414551,47.0849914550781,321.325469970703
2021-11-01,145.550567626953,317.386444091797,165.905502319336,142.320709228516,402.863342285156,25.7739124298096,152.189453125,49.4656753540039,47.201587677002,327.690979003906
2021-11-02,146.586318969727,321.009582519531,165.637496948242,144.240341186523,390.666656494141,26.3467292785645,152.789932250977,49.4040260314941,47.1795349121094,325.804138183594
2021-11-03,148.022659301758,321.847869873047,169.199996948242,145.396301269531,404.619995117188,26.5433254241943,152.843704223633,49.571346282959,47.3244934082031,329.319610595703
2021-11-04,147.504776000977,324.199127197266,173.850006103516,147.052124023438,409.970001220703,29.73974609375,150.835998535156,49.8443489074707,47.6711196899414,333.520294189453
2021-11-05,148.033248901367,323.833038330078,175.949493408203,147.6318359375,407.363342285156,29.690845489502,150.620941162109,50.0557022094727,47.3402481079102,338.763671875
2021-11-08,147.211227416992,324.729156494141,174.449005126953,147.809371948242,387.646667480469,30.7406806945801,151.526184082031,49.6065788269043,47.0377349853516,336.271057128906
2021-11-09,147.573272705078,323.726928710938,178.811492919922,147.697769165039,341.166656494141,30.5939826965332,150.378952026367,49.7474784851074,47.201587677002,333.043579101562
2021-11-10,144.745315551758,318.764404296875,174.102493286133,144.697570800781,355.983337402344,29.3984432220459,150.235534667969,49.9500312805176,46.7761764526367,325.367218017578
2021-11-11,144.696365356445,320.335083007812,173.625,144.57160949707,354.503326416016,30.3275279998779,150.226531982422,49.9676399230957,46.7950897216797,325.466491699219
2021-11-12,146.770889282227,324.468933105469,176.257507324219,147.459243774414,344.473327636719,30.3275279998779,149.554336547852,49.8531494140625,46.5619010925293,338.525329589844
2021-11-15,146.780654907227,323.842590332031,177.283996582031,147.235107421875,337.796661376953,29.9632835388184,149.285430908203,49.8619689941406,46.2940444946289,345.149017333984
2021-11-16,147.759216308594,327.157440185547,177.035003662109,146.663833618164,351.57666015625,30.1409149169922,148.209899902344,49.5097045898438,45.1155090332031,340.580932617188
2021-11-17,150.195785522461,327.379486083984,177.449996948242,146.833419799805,363.003326416016,29.2008571624756,147.412216186523,49.2367095947266,44.7279090881348,338.406127929688
2021-11-18,154.481735229492,329.455047607422,184.802993774414,148.610229492188,365.459991455078,31.6098861694336,146.139526367188,48.7963829040527,45.1123580932617,336.340515136719
2021-11-19,157.104263305664,331.231353759766,183.828506469727,147.705718994141,379.019989013672,32.9171943664551,144.230407714844,48.5498123168945,44.8697242736816,342.904693603516
2021-11-22,157.564147949219,328.064880371094,178.628494262695,145.102722167969,385.623321533203,31.8903121948242,147.304641723633,48.8492240905762,45.6228446960449,338.644500732422
2021-11-23,157.945846557617,325.989318847656,179.001998901367,144.586975097656,369.676666259766,31.6807460784912,150.827056884766,49.2102851867676,45.9474143981934,334.910583496094
2021-11-24,158.464431762695,326.21142578125,179.020492553711,144.922210693359,372,32.6068344116211,149.643981933594,48.8139991760254,46.1774635314941,338.694091796875
2021-11-26,153.44450378418,318.266235351562,175.227996826172,141.017501831055,360.640014648438,31.4382438659668,145.135681152344,47.3169059753418,45.6606636047363,330.809204101562
2021-11-29,156.800888061523,324.975708007812,178.078506469727,144.337554931641,378.996673583984,33.3073997497559,144.508209228516,48.0654525756836,44.9453430175781,335.685150146484
2021-11-30,161.752258300781,319.144805908203,175.353500366211,140.734329223633,381.586669921875,32.608829498291,142.357177734375,46.5478782653809,44.315113067627,322.209259033203
2021-12-01,161.233688354492,318.652435302734,172.186004638672,139.895263671875,365,31.3742256164551,141.514663696289,46.4147605895996,43.2153434753418,308.445434570312
2021-12-02,160.245361328125,318.082824707031,171.86799621582,141.794067382812,361.533325195312,32.063892364502,144.490341186523,47.0981063842773,42.6891021728516,308.236877441406
2021-12-03,158.366546630859,311.827239990234,169.489501953125,140.837478637695,338.323333740234,30.6336631774902,141.873168945312,47.5152282714844,43.3319358825684,304.711486816406
2021-12-06,161.771911621094,314.897094726562,171.368499755859,141.981521606445,336.336669921875,29.9789257049561,143.549224853516,48.7310638427734,43.8014602661133,315.664978027344
2021-12-07,167.506088256836,323.324859619141,176.164505004883,146.062301635742,350.583343505859,32.3643035888672,145.709243774414,48.9972915649414,43.6596565246582,320.570709228516
2021-12-08,171.322387695312,323.373229980469,176.158004760742,146.971786499023,356.320007324219,31.7644691467285,144.042190551758,48.8109283447266,43.2184944152832,328.266906738281
2021-12-09,170.813552856445,321.567932128906,174.171005249023,146.428283691406,334.600006103516,30.4310512542725,143.818099975586,48.6866760253906,43.8196296691895,327.532104492188
2021-12-10,175.598602294922,330.681060791016,172.212005615234,146.788299560547,339.010009765625,30.1396141052246,143.244522094727,49.9468955993652,44.6200866699219,327.462585449219
2021-12-13,171.968200683594,327.649810791016,169.567504882812,144.631118774414,322.136657714844,28.1065540313721,141.541534423828,51.2603569030762,45.4237213134766,332.169677734375
2021-12-14,170.588470458984,316.972686767578,169.091506958008,142.727355957031,319.503326416016,28.2822132110596,142.626083374023,51.2958526611328,45.8571701049805,331.424896240234
2021-12-15,175.45182800293,323.064300537109,173.315002441406,145.240585327148,325.329986572266,30.4001121520996,141.559448242188,51.5265884399414,46.1197662353516,339.289978027344
2021-12-16,168.562927246094,313.651763916016,168.871002197266,143.260971069336,308.973327636719,28.3321170806885,143.77326965332,52.0502014160156,45.3509407043457,332.576843261719
2021-12-17,167.466949462891,312.589813232422,170.017501831055,140.563262939453,310.856658935547,27.7472515106201,140.501861572266,51.2337265014648,43.8987312316895,331.474548339844
2021-12-20,166.106826782227,308.834564208984,167.078994750977,140.446212768555,299.980010986328,27.6654090881348,137.974319458008,51.0651092529297,44.0411071777344,323.192443847656
2021-12-21,169.277282714844,315.959075927734,170.417007446289,142.296417236328,312.843322753906,29.0187892913818,139.9013671875,51.2692260742188,44.1739883422852,331.881713867188
2021-12-22,171.870376586914,321.664459228516,171.037002563477,145.214797973633,336.290008544922,29.3431606292725,140.448059082031,51.6330909729004,44.2309303283691,328.15771484375
2021-12-23,172.496627807617,323.102844238281,171.068496704102,145.712203979492,355.666656494141,29.5826950073242,140.949996948242,51.6685829162598,44.1328506469727,332.914459228516
2021-12-27,176.459732055664,330.594146728516,169.669494628906,146.694091796875,364.646667480469,30.8851718902588,141.756652832031,52.0502014160156,44.5346603393555,343.778625488281
2021-12-28,175.442031860352,329.435729980469,170.660995483398,145.484573364258,362.823333740234,30.2633762359619,142.186889648438,52.2543182373047,45.1737632751465,343.818328857422
2021-12-29,175.53010559082,330.111511230469,169.20100402832,145.452819824219,362.063323974609,29.9429988861084,142.115188598633,52.3164482116699,45.151611328125,340.561096191406
2021-12-30,174.375411987305,327.572570800781,168.644500732422,145.002075195312,356.779998779297,29.5288009643555,142.043472290039,52.1655654907227,45.2971572875977,341.971221923828
2021-12-31,173.75895690918,324.676452636719,166.716995239258,143.664642333984,352.260009765625,29.3541374206543,141.926956176758,52.5471839904785,45.7780685424805,334.016754150391
2022-01-03,178.103652954102,323.160797119141,170.404495239258,143.802993774414,399.926666259766,30.06276512146,144.929473876953,52.6270523071289,45.7654075622559,336.191589355469
2022-01-04,175.843246459961,317.619537353516,167.522003173828,143.2158203125,383.196655273438,29.2333755493164,150.423736572266,53.5056533813477,44.9269752502441,334.195587158203
2022-01-05,171.16584777832,305.426818847656,164.356994628906,136.645629882812,362.706665039062,27.5506286621094,147.673706054688,53.9493942260742,45.5344467163086,321.921264648438
2022-01-06,168.308502197266,303.013366699219,163.253997802734,136.618347167969,354.899993896484,28.1235198974609,149.242599487305,53.6654052734375,45.4078903198242,330.153747558594
2022-01-07,168.474853515625,303.167816162109,162.554000854492,135.893844604492,342.320007324219,27.1943187713623,150.721298217773,53.5411529541016,45.8413391113281,329.488433837891
2022-01-10,168.494415283203,303.389831542969,161.485992431641,137.532791137695,352.706665039062,27.3470268249512,150.86555480957,53.6298980712891,45.752758026123,325.794250488281
2022-01-11,171.322387695312,304.075256347656,165.361999511719,138.590560913086,354.799987792969,27.7632217407227,151.018844604492,53.647647857666,45.6230354309082,332.050506591797
2022-01-12,171.762741088867,307.251342773438,165.207000732422,140.271133422852,368.739990234375,27.9448680877686,151.875396728516,53.7275199890137,45.3825798034668,330.9482421875
2022-01-13,168.494415283203,294.247650146484,161.214004516602,137.450973510742,343.853332519531,26.5236225128174,151.686080932617,54.0470161437988,46.0248527526855,324.215301513672
2022-01-14,169.355529785156,299.460723876953,162.138000488281,138.337142944336,349.869995117188,26.8899116516113,142.362930297852,54.4818649291992,45.8951377868652,329.59765625
2022-01-18,166.155731201172,292.172027587891,158.917495727539,134.883209228516,343.503326416016,25.8529186248779,136.393920898438,54.0470161437988,45.0915107727051,315.943023681641
2022-01-19,162.662307739258,292.828552246094,156.29899597168,134.008911132812,331.883331298828,25.018533706665,134.284057617188,54.1357498168945,45.5407791137695,317.373016357422
2022-01-20,160.979232788086,291.158477783203,151.667495727539,132.214736938477,332.089996337891,24.103307723999,133.138961791992,53.9138870239258,44.6802101135254,314.364105224609
2022-01-21,158.924362182617,285.781372070312,142.643005371094,129.282974243164,314.633331298828,23.3288116455078,130.812683105469,53.647647857666,44.3543243408203,301.066986083984
2022-01-24,158.151290893555,286.109527587891,144.544006347656,129.731750488281,310,23.326810836792,130.695465087891,53.2127876281738,44.3574905395508,306.568542480469
2022-01-25,156.350784301758,278.502258300781,139.985992431641,125.894477844238,306.133331298828,22.2808380126953,132.120056152344,53.0885467529297,43.3925094604492,298.067901611328
2022-01-26,156.262710571289,286.437713623047,138.872497558594,128.17366027832,312.470001220703,22.7279758453369,133.373352050781,52.8932952880859,42.9495658874512,292.586212158203
2022-01-27,155.802795410156,289.459320068359,139.637496948242,127.94751739502,276.366668701172,21.901575088501,131.020034790039,52.9376754760742,42.9780349731445,292.596160888672
2022-01-28,166.674331665039,297.587829589844,143.977996826172,132.257904052734,282.116668701172,22.7958431243896,132.192230224609,53.9937591552734,43.5095748901367,299.617095947266
2022-01-31,171.028854370117,300.213684082031,149.573501586914,134.194396972656,312.239990234375,24.4386615753174,133.98649597168,54.1446380615234,44.2341003417969,311.086944580078
2022-02-01,170.862518310547,298.070556640625,151.193496704102,136.515686035156,310.416656494141,24.590368270874,136.285720825195,53.7452621459961,44.5821228027344,316.787109375
2022-02-02,172.06608581543,302.607849121094,150.612503051758,146.786804199219,301.886657714844,25.1931991577148,135.194747924805,54.2954940795898,44.5631408691406,320.759399414062
2022-02-03,169.189147949219,290.820495605469,138.845504760742,141.917037963867,297.046661376953,23.9016971588135,134.076629638672,54.677116394043,44.6074371337891,236.110702514648
2022-02-04,168.905059814453,295.348236083984,157.639495849609,142.118408203125,307.773345947266,24.2719821929932,137.557098388672,54.1002655029297,44.0822296142578,235.445327758789
2022-02-07,168.189834594727,290.530975341797,157.935501098633,138.059967041016,302.446655273438,24.6801948547363,138.01692199707,54.6682395935059,43.6487884521484,223.349853515625
2022-02-08,171.295700073242,294.016021728516,161.413497924805,138.256301879883,307.333343505859,25.059455871582,140.613693237305,55.0232315063477,43.6582679748535,218.652633666992
2022-02-09,172.716400146484,300.435699462891,161.189498901367,140.43132019043,310.666656494141,26.6533718109131,141.199783325195,54.1712532043457,43.5633506774902,230.390640258789
2022-02-10,168.640548706055,291.911376953125,159.003494262695,137.483688354492,301.516662597656,25.7740707397461,140.613693237305,54.4729995727539,43.0539817810059,226.487899780273
2022-02-11,165.230865478516,284.825561523438,153.293502807617,133.181762695312,286.666656494141,23.9026966094971,138.783340454102,53.5056533813477,42.8166809082031,218.02702331543
2022-02-14,165.466018676758,284.786956787109,155.167007446289,134.415054321289,291.920013427734,24.220085144043,137.493957519531,53.8517646789551,42.3800735473633,216.189849853516
2022-02-15,169.296951293945,290.067565917969,156.510498046875,135.488693237305,307.476654052734,26.4437770843506,139.504653930664,54.0558929443359,42.5129432678223,219.46696472168
2022-02-16,169.06184387207,289.729034423828,158.100494384766,136.608947753906,307.796661376953,26.4597454071045,139.757110595703,54.0470161437988,42.2471923828125,215.037872314453
2022-02-17,165.466018676758,281.245147705078,154.652496337891,131.452545166016,292.116668701172,24.4596176147461,136.538177490234,55.1297187805176,43.9398612976074,206.269149780273
2022-02-18,163.917938232422,278.536437988281,152.601501464844,129.334045410156,285.660003662109,23.5962905883789,137.178421020508,55.5024604797363,43.6582679748535,204.729888916016
2022-02-22,160.998184204102,278.333343505859,150.197494506836,128.749389648438,273.843322753906,23.3447780609131,136.934951782227,55.2717170715332,43.1710395812988,200.678207397461
2022-02-23,156.834136962891,271.126373291016,144.826995849609,126.542129516602,254.679992675781,22.3437118530273,134.067657470703,54.6593589782715,42.7280960083008,197.073379516602
2022-02-24,159.450134277344,284.979156494141,151.358001708984,131.603317260742,266.92333984375,23.7020874023438,130.33479309082,53.7008972167969,42.5635719299316,206.159927368164
2022-02-25,161.517517089844,287.610412597656,153.788497924805,133.357330322266,269.956665039062,24.110294342041,133.41845703125,55.7775764465332,43.1488914489746,209.019927978516
2022-02-28,161.782012939453,289.042175292969,153.563003540039,133.949920654297,290.143341064453,24.337854385376,127.85521697998,55.2362289428711,42.7629013061523,209.566131591797
2022-03-01,159.900833129883,285.327453613281,151.141998291016,132.96257019043,288.123321533203,23.4316101074219,123.031341552734,54.9966049194336,43.0254974365234,202.078430175781
2022-03-02,163.192901611328,290.396453857422,152.052505493164,133.468368530273,293.296661376953,24.1772899627686,125.583030700684,55.404842376709,43.079288482666,206.666397094727
2022-03-03,162.869552612305,286.265808105469,147.898498535156,132.801895141602,279.763336181641,23.6721858978271,124.6904296875,55.4403419494629,44.0695724487305,201.562042236328
2022-03-04,159.87141418457,280.403503417969,145.641006469727,130.825225830078,279.429992675781,22.8955612182617,121.182952880859,55.5290870666504,45.1864242553711,198.672210693359
2022-03-07,156.079650878906,269.810729980469,137.453002929688,125.342544555664,268.193328857422,21.3143482208252,116.503341674805,54.2067565917969,44.8225708007812,186.169525146484
2022-03-08,154.257278442383,266.8505859375,136.014495849609,126.062599182129,274.799987792969,21.4760646820068,115.682838439941,52.0590782165527,43.8955612182617,188.969985961914
2022-03-09,159.655883789062,279.087860107422,139.279006958008,132.326324462891,286.323333740234,22.9734172821045,120.317359924316,52.3253173828125,44.1233558654785,197.123046875
2022-03-10,155.315475463867,276.272766113281,146.817504882812,131.343963623047,279.433319091797,22.6180477142334,118.892738342285,51.3668441772461,45.1263084411621,193.855850219727
2022-03-11,151.602081298828,270.932861328125,145.524505615234,128.805892944336,265.116668701172,22.0610332489014,116.214820861816,51.40234375,44.9491348266602,186.308563232422
2022-03-14,147.575134277344,267.421325683594,141.852996826172,124.91854095459,255.456665039062,21.292387008667,117.368919372559,52.3502655029297,45.5755844116211,185.335372924805
2022-03-15,151.95475769043,277.781890869141,147.366500854492,128.138931274414,267.296661376953,22.9324913024902,119.45174407959,53.3160705566406,46.122932434082,190.697906494141
2022-03-16,156.363815307617,284.785797119141,153.10400390625,132.187973022461,280.07666015625,24.4528102874756,124.789581298828,53.1729927062988,45.9868850708008,202.217468261719
2022-03-17,157.372970581055,285.588714599609,157.238998413086,132.74186706543,290.533325195312,24.7223300933838,126.367485046387,53.7363815307617,46.0567626953125,206.398239135742
2022-03-18,160.665069580078,290.628631591797,161.250503540039,135.009628295898,301.796661376953,26.4063510894775,126.322425842285,53.7453155517578,46.1933288574219,214.988265991211
2022-03-21,162.03678894043,289.400054931641,161.491500854492,134.98583984375,307.053344726562,26.686861038208,125.916656494141,54.1745681762695,45.8090133666992,210.022918701172
2022-03-22,165.4072265625,294.140197753906,164.889007568359,138.721466064453,331.32666015625,26.4772300720215,128.594604492188,54.3713073730469,45.6724472045898,215.14714050293
2022-03-23,166.769149780273,289.719299316406,163.408004760742,137.142013549805,333.036682128906,25.5888042449951,126.033882141113,54.013599395752,45.0848731994629,211.979248046875
2022-03-24,170.55110168457,294.178955078125,163.649505615234,140.411529541016,337.973327636719,28.1003646850586,126.854362487793,54.5322723388672,45.3643608093262,218.046875
2022-03-25,171.187942504883,293.772644042969,164.773498535156,140.511672973633,336.880004882812,27.6431694030762,127.963424682617,55.0241165161133,45.5612716674805,220.281280517578
2022-03-28,172.050155639648,300.563659667969,168.990493774414,140.295959472656,363.946655273438,28.1692428588867,127.016654968262,55.3728866577148,46.3711853027344,222.038986206055
2022-03-29,175.342254638672,305.119964599609,169.315002441406,141.337356567383,366.523345947266,28.6054725646973,127.296195983887,55.5875015258789,46.7618522644043,228.265487670898
2022-03-30,174.176300048828,303.620544433594,166.300994873047,140.774978637695,364.663330078125,27.6411724090576,126.719131469727,55.6322135925293,47.6003532409668,226.269424438477
2022-03-31,171.080200195312,298.251586914062,162.997497558594,137.927520751953,359.200012207031,27.237886428833,122.91414642334,55.4444274902344,47.2986183166504,220.817535400391
2022-04-01,170.786254882812,299.325347900391,163.559997558594,139.001647949219,361.529998779297,26.6649017333984,122.003456115723,56.2224273681641,47.9624252319336,223.290267944336
2022-04-04,174.832733154297,304.694366455078,168.346496582031,141.799514770508,381.816680908203,27.3117580413818,122.544464111328,55.9273300170898,47.9719543457031,232.267532348633
2022-04-05,171.521072387695,300.737731933594,164.054992675781,139.438552856445,363.753326416016,25.8852710723877,121.118362426758,55.8647308349609,48.1085319519043,230.231750488281
2022-04-06,168.356369018555,289.729034423828,158.755996704102,135.4287109375,348.586669921875,24.3639640808105,119.437942504883,56.4281196594238,49.2265129089355,221.750991821289
2022-04-07,168.660140991211,291.537933349609,157.78450012207,134.774612426758,352.420013427734,24.1653118133545,119.074592590332,56.7321624755859,49.718807220459,221.403442382812
2022-04-08,166.651550292969,287.281585693359,154.460494995117,132.194915771484,341.829986572266,23.0782318115234,121.254608154297,57.0809326171875,49.9951400756836,220.787750244141
2022-04-11,162.399276733398,275.953582763672,151.121994018555,127.767501831055,325.309997558594,21.8783512115479,120.809524536133,57.063045501709,49.0041885375977,214.958450317383
2022-04-12,164.270660400391,272.857971191406,150.787506103516,126.667594909668,328.983337402344,21.4660797119141,119.483360290527,57.7337341308594,48.6675186157227,212.654541015625
2022-04-13,166.955276489258,278.236633300781,155.541000366211,128.829223632812,340.790008544922,22.1638488769531,115.631988525391,57.8857688903809,49.9347877502441,213.498657226562
2022-04-14,161.948577880859,270.70068359375,151.706497192383,125.69116973877,328.333343505859,21.2205181121826,114.56014251709,58.1451034545898,49.8903198242188,208.722030639648
2022-04-18,161.733032226562,271.368194580078,152.785003662109,126.629905700684,334.763336181641,21.7445869445801,116.685684204102,57.6264343261719,49.5091819763184,209.307922363281
2022-04-19,164.015914916992,275.992309570312,158.115493774414,128.943283081055,342.716674804688,22.1588573455811,119.101837158203,58.1898193359375,50.0713577270508,215.802536010742
2022-04-20,163.849365234375,277.017669677734,153.998001098633,126.990425109863,325.733337402344,21.4441223144531,119.519668579102,58.9857139587402,50.7002258300781,199.029708862305
2022-04-21,163.055740356445,271.648742675781,148.296005249023,123.791366577148,336.260009765625,20.1474113464355,118.593162536621,59.2092781066895,50.7764587402344,186.765396118164
2022-04-22,158.519302368164,265.089965820312,144.350006103516,118.654815673828,335.016662597656,19.4805889129639,115.186889648438,58.3507881164551,49.8204460144043,182.832855224609
2022-04-25,159.587280273438,271.561645507812,146.074005126953,122.065132141113,332.67333984375,19.8669090270996,115.150543212891,58.9678230285645,49.8458633422852,185.69287109375
2022-04-26,153.630249023438,261.404235839844,139.391006469727,117.677391052246,292.140014648438,18.7548732757568,111.744270324707,58.1719360351562,49.3249778747559,179.694778442383
2022-04-27,153.404876708984,273.980163574219,138.167007446289,113.357604980469,293.836669921875,18.3825263977051,110.290924072266,58.6280059814453,48.9883041381836,173.736389160156
2022-04-28,160.331939697266,280.180999755859,144.596496582031,117.550941467285,292.503326416016,19.7471160888672,112.034934997559,59.1913871765137,49.6140022277832,204.302886962891
2022-04-29,154.46305847168,268.466033935547,124.28150177002,113.174118041992,290.253326416016,18.5142974853516,108.419746398926,57.7784576416016,48.5912933349609,199.079345703125
2022-05-02,154.766784667969,275.189361572266,124.5,115.627342224121,300.980010986328,19.4985599517822,109.40983581543,56.7321624755859,48.2705078125,209.665405273438
2022-05-03,156.256042480469,272.587158203125,124.25350189209,116.372184753418,303.083343505859,19.5674362182617,111.753364562988,56.4102249145508,48.4388389587402,210.559204101562
2022-05-04,162.663803100586,280.519683837891,125.928497314453,121.258796691895,317.540008544922,20.2981452941895,115.450286865234,58.1540489196777,49.1089973449707,221.860229492188
2022-05-05,153.600830078125,268.301574707031,116.406997680664,115.550476074219,291.093322753906,18.8107719421387,112.561782836914,57.6890182495117,48.6882286071777,206.835205078125
2022-05-06,154.326919555664,265.767120361328,114.772499084473,114.797698974609,288.549987792969,18.6420707702637,112.380104064941,57.8947105407715,47.6745529174805,202.356491088867
2022-05-09,149.20491027832,255.948257446289,108.789001464844,111.588729858398,262.369995117188,16.9201126098633,110.690589904785,57.7784576416016,48.2323951721191,194.848922729492
2022-05-10,151.608917236328,260.707733154297,108.859001159668,113.457275390625,266.679992675781,17.5639762878418,107.992820739746,57.2418975830078,47.5534248352051,196.278930664062
2022-05-11,143.74934387207,252.049713134766,105.372001647949,112.671279907227,244.66667175293,16.6006698608398,107.311561584473,57.5101737976074,47.05615234375,187.430740356445
2022-05-12,139.883270263672,247.019378662109,106.93049621582,111.918991088867,242.66667175293,16.1464786529541,107.220726013184,57.6890182495117,47.0115203857422,189.91340637207
2022-05-13,144.347854614258,252.601165771484,113.055000305176,115.09920501709,256.529998779297,17.6747779846191,108.17448425293,58.7710876464844,47.1932144165039,197.2421875
2022-05-16,142.807373046875,252.968719482422,110.810501098633,113.506866455078,241.456665039062,17.2335567474365,107.420562744141,58.9857139587402,47.2442245483398,198.65234375
2022-05-17,146.437911987305,258.115173339844,115.368499755859,115.518249511719,253.869995117188,18.1449489593506,110.981269836426,58.8247489929199,41.8698425292969,201.214447021484
2022-05-18,138.175979614258,246.363296508789,107.112503051758,110.982238769531,236.603332519531,16.9081287384033,109.082824707031,54.7290077209473,39.0264472961426,190.906463623047
2022-05-19,134.771133422852,245.451797485352,107.319000244141,109.479156494141,236.473327636719,17.093807220459,107.465980529785,53.6558876037598,37.9553985595703,189.96305847168
2022-05-20,135.006591796875,244.889434814453,107.591003417969,108.015243530273,221.300003051758,16.6645622253418,106.584892272949,54.5322723388672,37.9968414306641,192.19743347168
2022-05-23,140.422973632812,252.733703613281,107.556999206543,110.574111938477,224.966659545898,16.8682022094727,113.179443359375,56.2134895324707,39.0806350708008,194.868774414062
2022-05-24,137.724609375,251.735000610352,104.099998474121,105.101348876953,209.386672973633,16.1255130767822,114.778137207031,57.2508392333984,39.568359375,180.022491455078
2022-05-25,137.881607055664,254.546905517578,106.775001525879,104.937690734863,219.600006103516,16.945068359375,115.577484130859,57.2955551147461,39.3260841369629,182.554779052734
2022-05-26,141.080413818359,257.824279785156,111.077499389648,106.908897399902,235.910003662109,17.8195266723633,117.575820922852,57.5012283325195,40.1644439697266,190.300674438477
2022-05-27,146.830383300781,264.941284179688,115.146499633789,111.395805358887,253.210006713867,18.7778301239014,119.238105773926,57.8410606384277,40.9549827575684,193.776428222656
2022-05-31,146.045379638672,263.612945556641,120.209503173828,112.829475402832,252.753326416016,18.6390762329102,120.110076904297,56.6785087585449,41.0027961730957,192.296737670898
2022-06-01,145.917846679688,264.146301269531,121.68399810791,112.958396911621,246.789993286133,18.2876968383789,118.002746582031,56.4012870788574,39.9891204833984,187.331420898438
2022-06-02,148.370895385742,266.240661621094,125.511001586914,116.658317565918,258.333343505859,19.5574531555176,119.901184082031,56.9915084838867,40.6457824707031,197.480560302734
2022-06-03,142.650360107422,261.819122314453,122.349998474121,113.602081298828,234.516662597656,18.6869926452637,118.229820251465,56.3118667602539,39.9476776123047,189.456588745117
2022-06-06,143.396041870117,260.587738037109,124.790000915527,115.862892150879,238.279998779297,18.752872467041,117.839248657227,56.2224273681641,39.8042449951172,192.902496337891
2022-06-07,145.917846679688,264.223815917969,123,116.189193725586,238.886672973633,18.8926277160645,118.148078918457,56.5622520446777,39.3260841369629,194.29280090332
2022-06-08,145.181900024414,262.197357177734,121.180000305176,116.233337402344,241.866668701172,18.6190528869629,116.267807006836,56.2403182983398,38.9850120544434,195.275939941406
2022-06-09,139.961791992188,256.748046875,116.150001525879,113.894172668457,239.706665039062,18.019983291626,113.824371337891,55.2655639648438,38.5769958496094,182.723602294922
2022-06-10,134.555282592773,245.306396484375,109.650001525879,110.250282287598,232.229995727539,16.9476547241211,108.592315673828,54.9168090820312,38.7937469482422,174.352111816406
2022-06-13,129.40380859375,234.902267456055,103.669998168945,105.520362854004,215.736663818359,15.6227121353149,105.358627319336,54.8542137145996,38.063777923584,163.120544433594
2022-06-14,130.267303466797,237.064544677734,102.309997558594,105.840728759766,220.889999389648,15.8114185333252,103.605522155762,53.3499984741211,38.0797157287598,162.594223022461
2022-06-15,132.887176513672,244.113723754883,107.669998168945,108.864730834961,233,16.5013484954834,104.83177947998,53.7463111877441,38.0542068481445,168.175262451172
2022-06-16,127.618003845215,237.529937744141,103.660003662109,105.164329528809,213.100006103516,15.5767841339111,103.033271789551,53.2058753967285,38.4494895935059,159.754043579102
2022-06-17,129.089828491211,240.128540039062,106.220001220703,106.265213012695,216.759994506836,15.8553504943848,102.669937133789,53.5301399230957,37.7067604064941,162.604156494141
2022-06-21,133.318878173828,246.033599853516,108.680000305176,110.629638671875,237.036666870117,16.540283203125,105.21329498291,54.6740608215332,38.9435729980469,155.960586547852
2022-06-22,132.808654785156,245.442138671875,108.949996948242,110.573616027832,236.086669921875,16.3346080780029,104.622871398926,55.0793838500977,38.4717979431152,154.768905639648
2022-06-23,135.673858642578,250.998077392578,112.440002441406,111.321914672852,235.070007324219,16.1998176574707,103.47834777832,55.7369194030762,39.4057807922363,157.648773193359
2022-06-24,139.000198364258,259.569610595703,116.459999084473,117.007919311523,245.706665039062,17.0994148254395,106.566711425781,56.7817687988281,39.4376602172852,168.979629516602
2022-06-27,139.000198364258,256.844970703125,113.220001220703,114.883987426758,244.919998168945,16.8428115844727,105.712852478027,56.664665222168,39.5651626586914,168.31428527832
2022-06-28,134.859436035156,248.690368652344,107.400001525879,111.089340209961,232.663330078125,15.9571905136108,105.204200744629,56.0972137451172,39.00732421875,159.565368652344
2022-06-29,136.615859985352,252.355545043945,108.919998168945,110.785858154297,228.490005493164,15.5178747177124,104.731864929199,56.5025329589844,38.8638877868652,162.802764892578
2022-06-30,134.152954101562,249.029724121094,106.209999084473,108.069808959961,224.473327636719,15.1354675292969,102.288429260254,56.664665222168,38.755500793457,160.131439208984
2022-07-01,136.321472167969,251.696212768555,109.559997558594,107.846145629883,227.263336181641,14.5004577636719,103.59644317627,57.9887313842773,39.090202331543,158.919937133789
2022-07-05,138.902069091797,254.866928100586,113.5,112.334548950195,233.066665649414,14.9407739639282,103.202392578125,56.9979286193848,39.6066055297852,167.02326965332
2022-07-06,140.236557006836,258.124877929688,114.330001831055,113.632827758789,231.733337402344,15.1065139770508,102.53343963623,57.1150360107422,39.8871116638184,168.592346191406
2022-07-07,143.602111816406,260.248382568359,116.330001831055,117.809303283691,244.543334960938,15.8333873748779,105.126800537109,56.664665222168,39.9476776123047,170.995544433594
2022-07-08,144.279190063477,259.530822753906,115.540000915527,118.375129699707,250.763336181641,15.8134164810181,104.796897888184,56.8718376159668,39.9731826782227,169.69465637207
2022-07-11,142.149917602539,256.476531982422,111.75,114.728271484375,234.343338012695,15.1284799575806,103.422325134277,56.6916885375977,39.9891204833984,161.750122070312
2022-07-12,143.121353149414,245.965728759766,109.220001220703,113.08585357666,233.070007324219,15.0585899353027,103.523132324219,56.4484939575195,39.8679885864258,162.137420654297
2022-07-13,142.75830078125,245.044555664062,110.400001525879,110.440704345703,237.039993286133,15.1404619216919,102.551780700684,56.1872863769531,39.963623046875,162.355895996094
2022-07-14,145.682327270508,246.363296508789,110.629997253418,109.462799072266,238.313339233398,15.3481378555298,98.9687423706055,56.0071334838867,40.7446022033691,156.953643798828
2022-07-15,147.350463867188,248.923095703125,113.550003051758,110.861228942871,240.066665649414,15.7375316619873,103.504783630371,56.2953720092773,41.1430587768555,163.557495117188
2022-07-18,144.308654785156,246.528137207031,113.76000213623,108.136253356934,240.546661376953,16.0760078430176,102.441795349121,55.5297470092773,41.0474243164062,166.069946289062
2022-07-19,148.164840698242,251.647766113281,118.209999084473,112.877067565918,245.529998779297,16.9656257629395,104.980163574219,56.3223838806152,41.2992477416992,174.560623168945
2022-07-20,150.166519165039,254.304489135742,122.769996643066,112.966339111328,247.5,17.7793560028076,104.96183013916,55.394645690918,41.6435127258301,181.819931030273
2022-07-21,152.433181762695,256.796417236328,124.629997253418,113.402717590332,271.706665039062,18.0219821929932,105.676612854004,55.2685394287109,42.2523574829102,181.899383544922
2022-07-22,151.196807861328,252.452575683594,122.419998168945,107.015510559082,272.243347167969,17.2921161651611,105.163436889648,55.4757080078125,42.1439781188965,168.095794677734
2022-07-25,150.078231811523,250.968994140625,121.139999389648,106.628723144531,268.433319091797,16.9975719451904,105.584968566895,56.0161399841309,42.0834159851074,165.493957519531
2022-07-26,148.753570556641,244.249450683594,114.809997558594,104.159111022949,258.859985351562,16.5073356628418,103.935493469238,56.934886932373,38.882999420166,158.045989990234
2022-07-27,153.846115112305,260.577972412109,120.970001220703,112.13321685791,274.820007324219,17.7623844146729,105.603294372559,56.7547378540039,40.3525085449219,168.40364074707
2022-07-28,154.395599365234,268.015075683594,122.279998779297,113.283706665039,280.899993896484,17.9560852050781,105.209274291992,57.7005004882812,41.3598175048828,159.605117797852
2022-07-29,159.458709716797,272.213562011719,134.949996948242,115.366500854492,297.149993896484,18.1348056793213,105.713264465332,57.7995758056641,42.0929756164551,157.996337890625
2022-08-01,158.477523803711,269.566528320312,135.389999389648,113.918464660645,297.276672363281,18.41237449646,104.659439086914,58.1148338317871,42.2491722106934,158.820587158203
2022-08-02,157.005661010742,266.473388671875,134.160003662109,114.186256408691,300.586669921875,18.4972400665283,103.028282165527,57.3221969604492,42.2937965393066,159.078796386719
2022-08-03,163.010726928711,273.890960693359,139.520004272461,117.11206817627,307.396667480469,18.8636703491211,104.109619140625,57.5743942260742,41.5988845825195,167.629058837891
2022-08-04,162.69677734375,275.035217285156,142.570007324219,117.221176147461,308.633331298828,19.1851749420166,102.964149475098,57.3492164611816,40.0273704528809,169.386779785156
2022-08-05,162.470779418945,274.317626953125,140.800003051758,116.507080078125,288.170013427734,18.9595279693604,106.079833984375,57.0880088806152,40.3493270874023,165.950775146484
2022-08-08,161.999114990234,271.806335449219,139.410003662109,116.33846282959,290.42333984375,17.7653770446777,104.787734985352,56.7187118530273,40.6776580810547,169.068984985352
2022-08-09,162.048248291016,273.726135253906,137.830001831055,115.673957824707,283.333343505859,17.0594787597656,105.731590270996,56.790771484375,41.0793037414551,167.360931396484
2022-08-10,166.293029785156,280.377807617188,142.690002441406,118.718788146973,294.356658935547,18.0689125061035,108.489891052246,57.3312034606934,41.1653633117676,177.102890014648
2022-08-11,165.556091308594,278.302856445312,140.639999389648,117.865844726562,286.630004882812,17.9141483306885,110.093559265137,56.9438934326172,41.5623588562012,176.2587890625
2022-08-12,169.103240966797,283.044372558594,143.550003051758,120.682556152344,300.029998779297,18.6799621582031,111.917152404785,57.3762397766113,42.3307228088379,179.24787902832
2022-08-15,170.174270629883,284.556945800781,143.179992675781,121.079284667969,309.320007324219,19.0024566650391,112.219528198242,58.0968132019043,42.4523849487305,179.635223388672
2022-08-16,170.017028808594,283.820037841797,144.779998779297,120.702392578125,306.563323974609,18.8496932983398,113.291687011719,58.5742073059082,44.6198348999023,178.225036621094
2022-08-17,171.510604858398,283.071807861328,142.100006103516,118.570022583008,303.996673583984,18.3065414428711,112.338668823242,58.4390869140625,44.6678466796875,173.637084960938
2022-08-18,171.117538452148,281.954376220703,142.300003051758,119.184936523438,302.869995117188,18.743860244751,111.468109130859,58.7453460693359,44.5237846374512,173.448394775391
2022-08-19,168.533340454102,278.048187255859,138.229995727539,116.249198913574,296.666656494141,17.8212947845459,108.709815979004,58.7003059387207,43.8674621582031,166.794906616211
2022-08-22,164.652145385742,269.886047363281,133.220001220703,113.30354309082,289.913330078125,17.0075588226318,106.913719177246,57.826602935791,43.0830841064453,161.918930053711
2022-08-23,164.31803894043,268.613189697266,133.619995117188,112.92667388916,296.453338623047,17.1543292999268,105.859886169434,57.8896484375,42.9005966186523,159.992401123047
2022-08-24,164.612823486328,267.981567382812,133.800003051758,112.758056640625,297.0966796875,17.1952705383301,106.116493225098,57.9707145690918,43.2111511230469,162.127487182617
2022-08-25,167.069259643555,270.954925537109,137.279998779297,115.693794250488,296.070007324219,17.8851928710938,108.636528015137,58.2499465942383,43.4992866516113,167.609176635742
2022-08-26,160.770889282227,260.499542236328,130.75,109.435516357422,288.089996337891,16.2347583770752,105.080978393555,56.8448066711426,42.1322326660156,160.657745361328
2022-08-29,158.569885253906,257.720550537109,129.789993286133,108.523063659668,284.820007324219,15.7764730453491,104.824378967285,56.5025329589844,42.5420227050781,158.065856933594
2022-08-30,156.142913818359,255.524536132812,128.729995727539,108.047004699707,277.700012207031,15.4439897537231,104.842712402344,55.9801177978516,42.4139595031738,156.069793701172
2022-08-31,154.482315063477,254.066940307617,126.769996643066,107.332901000977,275.609985351562,15.0705690383911,104.219589233398,55.5837936401367,42.4363746643066,161.799758911133
2022-09-01,155.209426879883,253.027267456055,127.819999694824,108.840438842773,277.160003662109,13.9153661727905,104.934349060059,55.8450012207031,43.0542755126953,164.212921142578
2022-09-02,153.096878051758,248.810119628906,127.51000213623,106.965927124023,270.209991455078,13.6258163452148,104.201240539551,55.0793838500977,42.5804405212402,159.207885742188
2022-09-06,151.83918762207,246.079696655273,126.110000610352,105.934455871582,274.420013427734,13.4440984725952,104.228729248047,55.1064147949219,42.369140625,157.440216064453
2022-09-07,153.244277954102,250.782653808594,129.479995727539,108.552803039551,283.700012207031,13.696780204773,106.208122253418,56.1242256164551,43.4576644897461,159.277404785156
2022-09-08,151.770416259766,251.200485229492,129.820007324219,107.491577148438,289.260009765625,13.9724340438843,108.682319641113,55.9530944824219,43.6785659790039,160.935821533203
2022-09-09,154.629730224609,256.972320556641,133.270004272461,109.742988586426,299.679992675781,14.3689346313477,109.204666137695,56.1332359313965,43.8098297119141,167.976623535156
2022-09-12,160.584197998047,259.100341796875,136.449996948242,109.951248168945,304.420013427734,14.4867877960205,110.496765136719,56.2953720092773,44.2036323547363,167.787948608398
2022-09-13,151.161178588867,244.855392456055,126.819999694824,103.464866638184,292.130004882812,13.1145143508911,106.657135009766,54.4668998718262,43.2911911010742,152.067749023438
2022-09-14,152.605606079102,245.078826904297,128.550003051758,104.139289855957,302.609985351562,13.111517906189,106.409729003906,54.7551307678223,43.1951332092285,150.419281005859
2022-09-15,149.716781616211,238.432556152344,126.279998779297,102.066421508789,303.75,12.9127655029297,108.013374328613,54.0111465454102,42.7309226989746,148.512573242188
2022-09-16,148.07585144043,237.810638427734,123.529998779297,101.957328796387,303.350006103516,13.1814289093018,107.289428710938,54.0202178955078,42.6412734985352,145.275192260742
2022-09-19,151.790069580078,237.596878051758,124.660003662109,102.225112915039,309.070007324219,13.3651990890503,108.279121398926,54.4285011291504,43.0062484741211,146.993209838867
2022-09-20,154.167892456055,235.585479736328,122.190002441406,100.310935974121,308.730010986328,13.1594572067261,106.143981933594,54.3468360900879,42.7565307617188,145.076583862305
2022-09-21,151.043273925781,232.184585571289,118.540000915527,98.466178894043,300.799987792969,13.2443504333496,103.083274841309,53.8932037353516,43.1471099853516,141.134124755859
2022-09-22,150.080352783203,234.157073974609,117.309997558594,99.3191375732422,288.589996337891,12.5452289581299,101.910301208496,53.766170501709,42.7052993774414,141.82926940918
2022-09-23,147.810577392578,231.183700561523,113.779998779297,97.9306030273438,275.329986572266,12.500283241272,100.013404846191,53.1673622131348,41.6391868591309,139.435989379883
2022-09-26,148.144653320312,230.727020263672,115.150001525879,97.3652801513672,276.010009765625,12.212646484375,97.8599243164062,52.5050392150879,42.0393867492676,135.424011230469
2022-09-27,149.117416381836,229.716491699219,114.410003662109,96.7007598876953,282.940002441406,12.3974151611328,96.9985275268555,51.1531715393066,41.924129486084,133.467697143555
2022-09-28,147.230834960938,234.244567871094,118.01000213623,99.2298583984375,287.809997558594,12.7200107574463,98.9595642089844,51.6975479125977,42.6156578063965,140.627685546875
2022-09-29,139.998992919922,230.775619506836,114.800003051758,96.6214218139648,268.209991455078,12.2046566009521,97.2826156616211,51.325553894043,42.3403244018555,135.463729858398
2022-09-30,135.793518066406,226.305862426758,113,94.8659362792969,265.25,12.12375831604,95.7614212036133,50.826545715332,41.5239410400391,134.738815307617
2022-10-03,139.96955871582,233.923919677734,115.879997253418,97.8314361572266,242.399993896484,12.4962921142578,98.7213287353516,51.3981437683105,42.4299774169922,137.648483276367
2022-10-04,143.55598449707,241.833450317383,121.089996337891,100.806831359863,249.440002441406,13.1504650115967,103.33984375,51.5160903930664,42.980640411377,139.306915283203
2022-10-05,143.85075378418,242.14436340332,120.949996948242,100.598556518555,240.809997558594,13.1924133300781,102.063934326172,51.0261535644531,42.5548324584961,138.015914916992
2022-10-06,142.89762878418,239.802612304688,120.300003051758,100.588638305664,238.130004882812,13.1135149002075,99.983642578125,49.9283294677734,42.157844543457,138.105270385742
2022-10-07,137.650634765625,227.607955932617,114.559997558594,97.8711013793945,223.070007324219,12.0608386993408,97.9865646362305,49.4565353393555,41.1589584350586,132.524276733398
2022-10-10,137.974884033203,222.759201049805,113.669998168945,97.0578079223633,222.960006713867,11.655348777771,97.0712203979492,49.3476676940918,41.4022827148438,132.861907958984
2022-10-11,136.559906005859,219.027954101562,112.209999084473,96.3834075927734,216.5,11.5714540481567,94.2697601318359,49.4293212890625,42.4747886657715,127.648315429688
2022-10-12,135.931121826172,219.358306884766,112.900001525879,96.7602767944336,217.240005493164,11.4855604171753,95.7953109741211,50.0281295776367,41.994556427002,126.61555480957
2022-10-13,140.500122070312,227.607955932617,112.529998779297,98.2479705810547,221.720001220703,11.9449844360352,101.120864868164,50.6904563903809,42.3499298095703,129.386184692383
2022-10-14,135.97038269043,222.088775634766,106.900001525879,95.7684707641602,204.990005493164,11.2129020690918,102.803611755371,49.8829650878906,41.7576484680176,125.880683898926
2022-10-17,139.930221557617,230.804763793945,113.790000915527,99.150520324707,219.350006103516,11.8730735778809,107.121353149414,50.5271377563477,42.0585899353027,133.110168457031
2022-10-18,141.246887207031,231.747314453125,116.360000610352,99.943962097168,220.190002441406,11.9519739151001,109.876594543457,51.2076148986816,42.9454154968262,131.878799438477
2022-10-19,141.354949951172,229.78450012207,115.069999694824,98.8133087158203,222.039993286133,12.0358686447144,107.722343444824,50.7721138000488,42.8237571716309,132.305801391602
2022-10-20,140.893173217773,229.463851928711,115.25,99.150520324707,207.279998779297,12.1786890029907,107.37100982666,49.973690032959,42.9294166564941,130.617614746094
2022-10-21,144.705627441406,235.264831542969,119.319999694824,100.301010131836,214.440002441406,12.4503479003906,113.010925292969,50.7721138000488,43.7970314025879,129.108139038086
2022-10-24,146.847640991211,240.249588012695,119.819999694824,101.679618835449,211.25,12.583179473877,113.149604797363,52.232852935791,44.6326293945312,128.820159912109
2022-10-25,149.687301635742,243.563034057617,120.599998474121,103.623558044434,222.419998168945,13.2443504333496,113.445465087891,53.4849166870117,44.8439292907715,136.556091308594
2022-10-26,146.749374389648,224.770599365234,115.660003662109,94.1518478393555,224.639999389648,12.8798084259033,114.749122619629,53.8841209411621,45.1864929199219,128.919464111328
2022-10-27,142.278594970703,220.330001831055,110.959999084473,91.4640579223633,225.089996337891,13.1594572067261,115.2021484375,54.0111465454102,45.0552291870117,97.2606048583984
2022-10-28,153.02815246582,229.191787719727,103.410003662109,95.5006942749023,228.520004272461,13.81662940979,116.570533752441,55.1271171569824,45.6251106262207,98.5118637084961
2022-10-31,150.669891357422,225.557678222656,102.440002441406,93.7352752685547,227.539993286133,13.4800548553467,116.385620117188,54.3014793395996,45.5674781799316,92.5137634277344
2022-11-01,148.026733398438,221.709777832031,96.7900009155273,89.728401184082,227.820007324219,13.5259952545166,118.484420776367,54.1109504699707,45.3625755310059,94.5396194458008
2022-11-02,142.504577636719,213.868286132812,92.120002746582,86.257080078125,214.979995727539,13.2024002075195,117.393402099609,53.3578948974609,45.0616302490234,89.9119338989258
2022-11-03,136.461700439453,208.183929443359,89.3000030517578,82.7461166381836,215.309997558594,13.4041471481323,117.606056213379,53.330680847168,45.0520286560059,88.2932357788086
2022-11-04,136.195938110352,215.121795654297,90.9800033569336,85.8702774047852,207.470001220703,14.1382265090942,120.823570251465,53.766170501709,45.1320686340332,90.1602096557617
2022-11-07,136.727432250977,221.41828918457,90.5299987792969,87.7646102905273,197.080001831055,14.2830438613892,121.461540222168,53.9748611450195,45.6058959960938,96.0490646362305
2022-11-08,137.298278808594,222.389984130859,89.9800033569336,88.1712646484375,191.300003051758,14.5836668014526,121.535499572754,54.0746574401855,45.7147521972656,95.8008041381836
2022-11-09,132.741333007812,218.153396606445,86.1399993896484,86.6042098999023,177.589996337891,13.7587032318115,119.954490661621,53.321605682373,44.6518440246582,100.766120910645
2022-11-10,144.55192565918,236.100479125977,96.629997253418,93.1699600219727,190.720001220703,15.730224609375,124.891723632812,55.2359924316406,45.5770874023438,111.093971252441
2022-11-11,147.337295532227,240.113525390625,100.790000915527,95.6197128295898,195.970001220703,16.3064975738525,125.095123291016,55.635196685791,45.6475143432617,112.235992431641
2022-11-14,145.939727783203,234.710968017578,98.4899978637695,94.9155197143555,190.949996948242,16.2745418548584,123.809967041016,55.0998992919922,44.3060836791992,113.427680969238
2022-11-15,147.671920776367,235.119049072266,98.9400024414062,97.6330642700195,194.419998168945,16.6450748443604,122.913131713867,55.0091781616211,47.2034606933594,116.26782989502
2022-11-16,146.441635131836,235.547821044922,97.120002746582,98.0397109985352,186.919998168945,15.890022277832,123.079536437988,54.909366607666,47.5428276062012,112.444541931152
2022-11-17,148.341186523438,235.499069213867,94.8499984741211,97.5537261962891,183.169998168945,15.6573162078857,122.543266296387,55.0817604064941,47.3827438354492,110.676887512207
2022-11-18,148.90217590332,235.050888061523,94.1399993896484,96.6313400268555,180.190002441406,15.3896541595459,123.745223999023,55.4718933105469,48.0966987609863,111.272727966309
2022-11-21,145.673934936523,235.859634399414,92.4599990844727,94.8163452148438,167.869995117188,15.2977685928345,123.014831542969,56.3247451782227,48.3912239074707,109.097915649414
2022-11-22,147.809692382812,238.763412475586,93.1999969482422,96.2544555664062,169.910003662109,16.0178642272949,124.85474395752,56.5697059631348,48.5641136169434,110.666961669922
2022-11-23,148.685668945312,241.24821472168,94.129997253418,97.6529006958008,183.199996948242,16.4982566833496,126.18611907959,56.8237533569336,48.7978324890137,111.461395263672
2022-11-25,145.772369384766,241.160491943359,93.4100036621094,96.6610870361328,182.860000610352,16.2495746612549,126.426513671875,56.8781967163086,49.0059242248535,110.637168884277
2022-11-28,141.943786621094,235.577041625977,93.9499969482422,95.2626647949219,182.919998168945,15.8071269989014,124.216773986816,56.887264251709,49.146800994873,108.025413513184
2022-11-29,138.941940307617,234.183624267578,92.4199981689453,94.4097137451172,180.830001831055,15.61936378479,126.260093688965,56.6876602172852,48.9739189147949,108.70068359375
2022-11-30,145.693618774414,248.614868164062,96.5400009155273,100.162162780762,194.699996948242,16.9060745239258,127.757904052734,58.1222114562988,48.7978324890137,117.28076171875
2022-12-01,145.96923828125,248.176361083984,95.5,100.162162780762,194.699996948242,17.117862701416,125.964233398438,58.2866821289062,49.101978302002,119.604515075684
2022-12-02,145.477127075195,248.497940063477,94.129997253418,99.6166687011719,194.860000610352,16.8591232299805,124.965705871582,58.7983703613281,49.0539512634277,122.633361816406
2022-12-05,144.31575012207,243.801193237305,91.0100021362305,98.66455078125,182.449996948242,16.593391418457,121.461540222168,57.9942893981934,48.5513114929199,121.580711364746
2022-12-06,140.654434204102,238.851104736328,88.25,96.1850357055664,179.820007324219,15.9710130691528,121.664970397949,57.9668731689453,47.9878425598145,113.32836151123
2022-12-07,138.715560913086,238.120269775391,88.4599990844727,94.161750793457,174.039993286133,16.1038780212402,121.581733703613,58.0582542419434,47.7381210327148,113.139686584473
2022-12-08,140.398574829102,241.072769165039,90.3499984741211,92.9418334960938,173.440002441406,17.1518306732178,122.85765838623,58.3049545288086,47.8120346069336,114.529975891113
2022-12-09,139.91633605957,239.143463134766,89.0899963378906,92.0690536499023,179.050003051758,16.9839973449707,122.191963195801,57.6927604675293,46.6969146728516,115.096008300781
2022-12-12,142.209518432617,246.052108764648,90.5500030517578,92.5451126098633,167.820007324219,17.517463684082,124.087348937988,58.4511566162109,47.567798614502,113.914268493652
2022-12-13,143.174026489258,250.349365234375,92.4899978637695,94.8460845947266,160.949996948242,18.0539245605469,123.967124938965,58.469425201416,47.3974800109863,119.316528320312
2022-12-14,140.94970703125,250.641677856445,91.5800018310547,94.2906951904297,156.800003051758,17.6563243865967,123.347671508789,58.469425201416,47.1339683532715,120.746536254883
2022-12-15,134.345626831055,242.641647338867,88.4499969482422,90.1152038574219,157.669998168945,16.9350452423096,120.287330627441,57.6653480529785,46.7129783630371,115.344291687012
2022-12-16,132.387069702148,238.43212890625,87.8600006103516,89.520133972168,150.229995727539,16.5544319152832,119.538414001465,57.3364028930664,45.8742294311523,118.601531982422
2022-12-19,130.280822753906,234.300552368164,84.9199981689453,87.7150344848633,149.869995117188,16.2377433776855,120.250350952148,57.4186325073242,45.8902931213379,113.68586730957
2022-12-20,130.211944580078,235.616027832031,85.1900024414062,88.290283203125,137.800003051758,16.0689125061035,120.83283996582,57.3729553222656,46.2919960021973,116.277755737305
2022-12-21,133.312210083008,238.178756713867,86.7699966430664,88.8456954956055,137.570007324219,16.4845008850098,122.191963195801,58.2958183288574,46.6551399230957,118.929244995117
2022-12-22,130.143020629883,232.098327636719,83.7900009155273,87.0406112670898,125.349998474121,15.3236598968506,120.805068969727,57.8755073547363,46.1088256835938,116.307556152344
2022-12-23,129.778869628906,232.624526977539,85.25,88.4985656738281,123.150001525879,15.1907930374146,121.378326416016,58.3140869140625,46.202018737793,117.221168518066
2022-12-27,127.977745056152,230.899826049805,83.0400009155273,86.6736450195312,109.099998474121,14.1068773269653,121.80362701416,58.6704483032227,46.2148742675781,116.069206237793
2022-12-28,124.050720214844,228.531936645508,81.8199996948242,85.3148651123047,112.709999084473,14.0219612121582,122.469329833984,58.0856590270996,45.4050445556641,114.817970275879
2022-12-29,127.564353942871,234.84619140625,84.1800003051758,87.7249526977539,121.819999694824,14.5883941650391,123.172027587891,58.4328842163086,45.6814117431641,119.425773620605
2022-12-30,127.879318237305,233.686676025391,84,87.5067443847656,123.180000305176,14.59938621521,123.985649108887,58.1222114562988,45.565731048584,119.505210876465
2023-01-03,123.096015930176,233.452789306641,85.8199996948242,88.3894577026367,108.099998474121,14.3006820678711,124.928703308105,57.5191459655762,46.1473922729492,123.874694824219
2023-01-04,124.365653991699,223.240844726562,85.1399993896484,87.3579940795898,113.639999389648,14.7342510223389,126.093688964844,57.4917335510254,46.198802947998,126.486457824707
2023-01-05,123.046813964844,216.624465942383,83.120002746582,85.4933853149414,110.339996337891,14.2507333755493,126.065757751465,56.8338584899902,46.0413360595703,126.059432983398
2023-01-06,127.574203491211,219.177444458008,86.0800018310547,86.6240539550781,113.059997558594,14.8441390991211,128.478073120117,57.9303283691406,47.1693077087402,129.118087768555
2023-01-09,128.095855712891,221.311462402344,87.3600006103516,87.2984771728516,119.769996643066,15.6123714447021,127.94718170166,57.2084846496582,46.581226348877,128.571884155273
2023-01-10,128.66667175293,222.997192382812,89.870002746582,87.6952056884766,118.849998474121,15.8930883407593,129.092819213867,56.7698974609375,46.5522956848145,132.067474365234
2023-01-11,131.38313293457,229.740219116211,95.0899963378906,90.7697906494141,123.220001220703,15.98499584198,130.052154541016,56.6602439880371,46.9604225158691,131.968139648438
2023-01-12,131.304397583008,232.410171508789,95.2699966430664,90.3829803466797,123.559997558594,16.4944858551025,129.921737670898,55.9292640686035,46.5362358093262,135.761688232422
2023-01-13,132.633071899414,233.111770629883,98.120002746582,91.3648681640625,122.400001525879,16.8820991516113,133.200286865234,56.1302909851074,46.6904830932617,136.029769897461
2023-01-17,133.79443359375,234.203109741211,96.0500030517578,90.5416641235352,131.490005493164,17.6842975616455,131.141876220703,56.3587226867676,46.4076881408691,134.421020507812
2023-01-18,133.075973510742,229.779190063477,95.4599990844727,90.3730773925781,128.779998779297,17.3596267700195,127.202049255371,54.6500473022461,45.2604370117188,132.097259521484
2023-01-19,133.135055541992,225.998428344727,93.6800003051758,92.2872543334961,127.169998168945,16.748233795166,125.506874084473,54.567813873291,44.6144981384277,135.205535888672
2023-01-20,135.694000244141,234.076446533203,97.25,97.2164993286133,133.419998168945,17.821159362793,125.814247131348,54.8967590332031,45.1640243530273,138.403213500977
2023-01-23,138.882873535156,236.376083374023,97.5199966430664,98.9719924926758,143.75,19.173807144165,127.854019165039,55.0338134765625,45.8388824462891,142.276168823242
2023-01-24,140.280426025391,235.849853515625,96.3199996948242,96.8991317749023,143.889999389648,19.2457332611084,128.953094482422,55.3262023925781,45.9609985351562,142.147048950195
2023-01-25,139.621032714844,234.456497192383,97.1800003051758,94.4394683837891,144.429992675781,19.3036785125732,129.577117919922,55.6734199523926,45.7424774169922,140.518432617188
2023-01-26,141.687927246094,241.657470703125,99.2200012207031,96.7205963134766,160.270004272461,19.7821960449219,130.378143310547,55.5637817382812,45.7006950378418,146.278182983398
2023-01-27,143.626800537109,241.813369750977,102.23999786377,98.5554428100586,177.899993896484,20.3446350097656,130.69482421875,55.2713851928711,46.0509796142578,150.687393188477
2023-01-30,140.743057250977,236.502777099609,100.550003051758,96.1453628540039,166.660003662109,19.1428375244141,129.586456298828,55.408447265625,45.6814117431641,146.039855957031
2023-01-31,142.012680053711,241.472320556641,103.129997253418,98.0297775268555,173.220001220703,19.5174655914307,130.359497070312,56.0297775268555,46.2341537475586,147.936614990234
2023-02-01,143.134689331055,246.285980224609,105.150001525879,99.6067504882812,181.410003662109,20.9220561981201,130.014877319336,56.0389137268066,46.4912376403809,152.057830810547
2023-02-02,148.439636230469,257.832916259766,112.910003662109,106.856819152832,188.270004272461,21.6872901916504,129.409469604492,55.0795021057129,46.1538124084473,187.460525512695
2023-02-03,152.061553955078,251.742752075195,103.389999389648,103.921073913574,189.979995727539,21.0788993835449,131.411987304688,54.668327331543,45.5400123596191,185.236053466797
2023-02-06,149.335235595703,250.203140258789,102.180000305176,102.056518554688,194.759994506836,21.0679130554199,132.185043334961,54.9789848327637,45.2090148925781,184.769317626953
2023-02-07,152.209167480469,260.717224121094,102.110000610352,106.75764465332,196.809997558594,22.1508255004883,133.796401977539,54.8876113891602,45.305419921875,190.290771484375
2023-02-08,149.522247314453,259.908447265625,100.050003051758,98.5554428100586,201.289993286133,22.182788848877,132.855667114258,54.567813873291,45.0611915588379,182.157577514648
2023-02-09,148.488815307617,256.877960205078,98.2399978637695,94.2311859130859,207.320007324219,22.3146629333496,130.787948608398,54.4764404296875,45.4789543151855,176.685775756836
2023-02-10,148.853530883789,256.371337890625,97.6100006103516,93.794792175293,196.889999389648,21.2437286376953,131.365417480469,54.4764404296875,46.1859474182129,172.941940307617
2023-02-13,151.65299987793,264.381072998047,99.5400009155273,93.8344650268555,194.639999389648,21.7662105560303,132.790481567383,55.3718910217285,46.8897247314453,178.185317993164
2023-02-14,151.012283325195,265.209350585938,99.6999969482422,93.9038772583008,209.25,22.9480285644531,133.37727355957,54.4490280151367,46.754753112793,178.234985351562
2023-02-15,153.111831665039,263.089538574219,101.160003662109,96.1453628540039,214.240005493164,22.7412338256836,133.936111450195,54.4490280151367,47.1018257141113,175.931076049805
2023-02-16,151.514999389648,256.085357666016,98.1500015258789,94.7270812988281,202.039993286133,21.9799957275391,132.091903686523,54.110954284668,46.3627014160156,171.243789672852
2023-02-17,150.371536254883,252.09001159668,97.1999969482422,93.5765762329102,208.309997558594,21.3666114807129,132.483093261719,54.9333038330078,47.0600547790527,171.680755615234
2023-02-21,146.359664916992,246.82470703125,94.5800018310547,91.0375823974609,197.369995117188,20.6343441009521,130.052154541016,54.6409034729004,47.3460578918457,170.886291503906
2023-02-22,146.783538818359,245.691528320312,95.7900009155273,90.8987350463867,200.860000610352,20.7332458496094,129.055541992188,54.8053817749023,46.3530578613281,169.932952880859
2023-02-23,147.266510009766,248.876113891602,95.8199996948242,90.1449432373047,202.070007324219,23.6403350830078,130.089385986328,54.9058990478516,45.6621360778809,170.846557617188
2023-02-24,144.614944458008,243.454483032227,93.5,88.3993835449219,196.880004882812,23.2627105712891,131.262954711914,54.6774711608887,45.7842559814453,169.208038330078
2023-02-27,145.807693481445,244.372787475586,93.7600021362305,89.1333160400391,207.630004882812,23.4774951934814,132.408584594727,54.6591873168945,45.4532470703125,168.36393737793
2023-02-28,145.304931640625,243.649887084961,94.2300033569336,89.3217620849609,205.710006713867,23.1927814483643,133.516983032227,54.3759307861328,45.6749877929688,173.726470947266
2023-03-01,143.234924316406,240.572769165039,92.1699981689453,89.6193008422852,202.770004272461,22.6753005981445,132.771850585938,53.7820014953613,45.0386924743652,172.216995239258
2023-03-02,143.826385498047,245.30078125,92.129997253418,91.245849609375,190.899993896484,23.2906856536865,131.39338684082,54.567813873291,45.1511688232422,173.319290161133
2023-03-03,148.873275756836,249.384094238281,94.9000015258789,92.8823318481445,197.789993286133,23.8661041259766,133.805740356445,54.3119659423828,45.2057952880859,183.964950561523
2023-03-06,151.633270263672,250.927551269531,93.75,94.3501892089844,193.809997558594,23.530445098877,133.023330688477,55.1526069641113,45.1993713378906,183.617370605469
2023-03-07,149.435119628906,248.270462036133,93.5500030517578,93.0906143188477,187.710006713867,23.2686595916748,129.111389160156,54.8327980041504,44.7494697570801,183.230072021484
2023-03-08,150.686981201172,247.830871582031,93.9199981689453,93.477409362793,182,24.1609230041504,128.347671508789,54.8601989746094,44.3799057006836,183.686874389648
2023-03-09,148.439529418945,246.482803344727,92.25,91.5632247924805,172.919998168945,23.416540145874,121.399391174316,54.3302459716797,44.0810394287109,180.429641723633
2023-03-10,146.379364013672,242.839080810547,90.7300033569336,89.8870849609375,173.440002441406,22.9459285736084,124.48233795166,54.1018142700195,44.0167655944824,178.264755249023
2023-03-13,148.321243286133,248.045791625977,92.4300003051758,90.363151550293,174.479995727539,22.946928024292,122.246971130371,54.6500473022461,44.1453056335449,179.645095825195
2023-03-14,150.410980224609,254.7568359375,94.879997253418,93.1996994018555,183.259994506836,24.0430145263672,125.385780334473,54.8510665893555,44.3799057006836,192.674118041992
2023-03-15,150.805282592773,259.299255371094,96.1999969482422,95.3221588134766,180.449996948242,24.2078800201416,119.462051391602,55.2165565490723,44.8747978210449,196.37825012207
2023-03-16,153.624404907227,269.810424804688,100.040000915527,99.4976577758789,184.130004882812,25.5197906494141,121.781257629395,55.5204010009766,44.6198806762695,203.508438110352
2023-03-17,152.786560058594,272.965576171875,98.9499969482422,100.787002563477,180.130004882812,25.7036361694336,117.180122375488,55.2625961303711,44.9812850952148,194.253082275391
2023-03-20,155.152282714844,265.932189941406,97.7099990844727,100.390274047852,183.25,25.8784961700439,118.418891906738,55.7966194152832,45.4652976989746,196.437805175781
2023-03-21,157.005432128906,267.4462890625,100.610000610352,104.059928894043,197.580001831055,26.1772441864014,121.59497833252,55.5388145446777,45.3104133605957,200.757675170898
2023-03-22,155.576126098633,265.990814208984,98.6999969482422,102.522651672363,191.149993896484,26.4460201263428,118.45613861084,55.2902183532715,45.0199966430664,198.423950195312
2023-03-23,156.660430908203,271.236572265625,98.7099990844727,104.734375,192.220001220703,27.168420791626,118.139457702637,55.1705207824707,45.3846282958984,202.862930297852
2023-03-24,157.961578369141,274.079315185547,98.129997253418,104.57568359375,190.410003662109,26.7567596435547,116.341857910156,56.0728492736816,45.7557067871094,204.580917358398
2023-03-27,156.019729614258,269.986175537109,98.0400009155273,101.620109558105,191.809997558594,26.5089683532715,119.676284790039,56.487174987793,46.5204544067383,201.432922363281
2023-03-28,155.398712158203,268.862823486328,97.2399978637695,100.201835632324,189.190002441406,26.388069152832,120.039535522461,56.5516242980957,46.3397521972656,199.287887573242
2023-03-29,158.474166870117,274.020629882812,100.25,100.558883666992,193.880004882812,26.9615936279297,120.281684875488,56.9567527770996,46.5398178100586,203.925491333008
2023-03-30,160.041458129883,277.478759765625,102,100.06298828125,195.279998779297,27.360258102417,119.91845703125,56.9475440979004,47.0044746398926,206.398239135742
2023-03-31,162.545166015625,281.630462646484,103.290000915527,102.879699707031,207.460006713867,27.7539329528809,121.371429443359,57.1132736206055,47.5788307189941,210.469802856445
2023-04-03,163.797058105469,280.585266113281,102.410003662109,103.504539489746,194.770004272461,27.9417781829834,121.231719970703,57.4539413452148,47.9789543151855,211.59196472168
2023-04-04,163.264755249023,280.536407470703,103.949996948242,103.861587524414,192.580001831055,27.4302043914795,119.611083984375,57.2789993286133,47.5078430175781,213.230529785156
2023-04-05,161.421463012695,277.762084960938,101.099998474121,103.613632202148,185.520004272461,26.8586807250977,119.789436340332,57.8222465515137,48.2951774597168,210.013000488281
2023-04-06,162.308639526367,284.854095458984,102.059997558594,107.531257629395,185.059997558594,27.0145492553711,119.658004760742,57.8590621948242,48.6598091125488,214.600952148438
2023-04-10,159.716156005859,282.695251464844,102.169998168945,105.567481994629,184.509994506836,27.5560989379883,120.052268981934,57.7209625244141,48.5662269592285,213.260314941406
2023-04-11,158.503753662109,276.286956787109,99.9199981689453,104.486427307129,186.789993286133,27.1464405059814,120.643669128418,57.619686126709,48.4242515563965,212.366561889648
2023-04-12,157.813751220703,276.931701660156,97.8300018310547,103.782234191895,180.539993286133,26.4729976654053,120.624893188477,57.7209625244141,48.1887016296387,212.515502929688
2023-04-13,163.195785522461,283.134796142578,102.400001525879,106.549377441406,185.899993896484,26.4410228729248,121.084854125977,58.1445045471191,48.2371025085449,218.82145690918
2023-04-14,162.850769042969,279.520416259766,102.51000213623,107.977569580078,185,26.7357807159424,130.227951049805,58.0524215698242,47.911190032959,219.953567504883
2023-04-17,162.870452880859,282.118865966797,102.73999786377,105.101348876953,187.039993286133,26.9795761108398,131.260513305664,58.4299278259277,48.2467765808105,217.341781616211
2023-04-18,164.092788696289,281.698852539062,102.300003051758,103.643394470215,184.309997558594,27.6440258026123,132.734329223633,58.5220031738281,48.3532600402832,216.378524780273
2023-04-19,165.236175537109,281.776977539062,104.300003051758,103.326011657715,180.589996337891,27.9078044891357,132.565338134766,58.6324882507324,48.4048919677734,214.203735351562
2023-04-20,164.270172119141,279.491027832031,103.809997558594,104.426918029785,162.990005493164,27.0814933776855,132.180480957031,58.8902931213379,48.7146682739258,211.59196472168
2023-04-21,162.663482666016,279.149169921875,106.959999084473,104.545936584473,165.080001831055,27.0964813232422,131.927017211914,58.9731674194336,48.9598999023438,211.413208007812
2023-04-24,162.969055175781,275.25146484375,106.209999084473,105.101348876953,162.550003051758,27.0195426940918,132.105392456055,58.8810920715332,49.2922554016113,211.313903808594
2023-04-25,161.43132019043,269.048431396484,102.569999694824,102.998710632324,160.669998168945,26.2192077636719,129.23291015625,58.7890167236328,48.9082641601562,206.110244750977
2023-04-26,161.421463012695,288.536834716797,104.980003356934,102.859870910645,153.75,26.9336166381836,126.942443847656,58.5127906799316,48.6953048706055,207.947402954102
2023-04-27,166.005065917969,297.778045654297,109.819999694824,106.708068847656,160.190002441406,27.2033920288086,128.650909423828,58.6324882507324,48.8469543457031,236.905136108398
2023-04-28,167.256896972656,300.151824951172,105.449996948242,106.460105895996,164.309997558594,27.7259616851807,129.768005371094,59.0652351379395,48.7146682739258,238.652938842773
2023-05-01,167.168212890625,298.491119384766,102.050003051758,106.321250915527,161.830001831055,28.8859958648682,132.546585083008,59.2033500671387,48.914722442627,241.493072509766
2023-05-02,166.133209228516,298.344573974609,103.629997253418,104.456665039062,160.309997558594,28.1865711212158,130.406295776367,58.936336517334,48.7824211120605,237.580413818359
2023-05-03,165.058776855469,297.357971191406,103.650001525879,104.545936584473,160.610000610352,27.7789134979248,127.646492004395,58.604866027832,48.6017227172852,235.385757446289
2023-05-04,163.422485351562,298.344573974609,104,103.831840515137,161.199996948242,27.5391139984131,125.900482177734,58.6693229675293,48.7377624511719,231.900115966797
2023-05-05,171.091384887695,303.463348388672,105.660003662109,104.704620361328,170.059997558594,28.6561870574951,128.359924316406,58.9455413818359,49.1588401794434,231.165237426758
2023-05-08,171.022354125977,301.509643554688,105.830001831055,106.886581420898,171.789993286133,29.1267929077148,128.669677734375,58.8534622192383,49.4665451049805,231.651824951172
2023-05-09,169.317092895508,299.897796630859,106.620002746582,106.470031738281,169.149993896484,28.5472736358643,128.050140380859,58.3654747009277,49.5507583618164,231.75114440918
2023-05-10,171.081512451172,305.084991455078,110.190002441406,110.833969116211,168.539993286133,28.8610172271729,128.115844726562,58.4667625427246,49.4114837646484,231.463134765625
2023-05-11,171.268814086914,302.935852050781,112.180000305176,115.614440917969,172.080001831055,28.5542697906494,127.712196350098,58.7982292175293,49.5961112976074,234.154312133789
2023-05-12,170.340942382812,301.822265625,110.26000213623,116.546745300293,167.979995727539,28.3164672851562,125.881706237793,59.0284118652344,49.5799140930176,232.188110351562
2023-05-15,169.847427368164,302.300903320312,111.199996948242,115.55493927002,166.350006103516,28.9289569854736,126.942443847656,58.8718795776367,49.1944732666016,237.203063964844
2023-05-16,169.847427368164,304.528198242188,113.400001525879,118.530342102051,166.520004272461,29.18874168396,126.088218688965,58.2089500427246,48.5142784118652,237.163360595703
2023-05-17,170.459411621094,307.406402587891,115.5,119.84944152832,173.860000610352,30.1529445648193,129.965118408203,58.1445045471191,48.4333000183105,240.807891845703
2023-05-18,172.788909912109,311.831512451172,118.150001525879,121.823127746582,176.889999389648,31.6516933441162,130.950759887695,57.8222465515137,49.0616683959961,245.137634277344
2023-05-19,172.897476196289,311.655303955078,116.25,121.753715515137,180.139999389648,31.238037109375,130.650360107422,57.8498687744141,48.5563850402832,243.936050415039
2023-05-22,171.949890136719,314.435638427734,115.01000213623,124.024948120117,188.869995117188,31.1501140594482,129.570877075195,56.6344909667969,48.1288261413574,246.597442626953
2023-05-23,169.343994140625,308.640014648438,114.98999786377,121.55534362793,185.770004272461,30.6625156402588,128.21907043457,56.5332145690918,48.0381393432617,245.028411865234
2023-05-24,169.620376586914,307.259582519531,116.75,119.908935546875,182.899993896484,30.5126399993896,127.045715332031,56.0544281005859,47.8178787231445,247.481262207031
2023-05-25,170.755523681641,319.076110839844,115,122.467803955078,184.470001220703,37.9484558105469,127.355476379395,55.6216773986816,47.3417358398438,250.937118530273
2023-05-26,173.164016723633,325.899749755859,120.110000610352,123.588539123535,193.169998168945,38.9136619567871,128.54768371582,55.483570098877,47.4259567260742,260.222290039062
2023-05-30,175.009857177734,324.255035400391,121.660003662109,122.65625,201.160003662109,40.077693939209,129.035766601562,55.0416145324707,47.3093566894531,260.698974609375
2023-05-31,174.960494995117,321.494262695312,120.580001831055,121.862808227539,203.929992675781,37.8025779724121,127.393043518066,54.9311332702637,47.5717124938965,262.883666992188
2023-06-01,177.763793945312,325.596282958984,122.769996643066,122.705833435059,207.520004272461,39.7369766235352,129.1484375,55.2441787719727,47.7466201782227,270.718902587891
2023-06-02,178.612731933594,328.357025146484,124.25,123.648040771484,213.970001220703,39.2943344116211,131.861312866211,56.3122406005859,48.2033271789551,270.718902587891
2023-06-05,177.26042175293,328.885681152344,125.300003051758,124.977066040039,217.610000610352,39.1384735107422,130.565887451172,55.9347343444824,48.5207557678223,269.507446289062
2023-06-06,176.895156860352,326.673187255859,126.610000610352,126.266410827637,221.309997558594,38.6219024658203,130.800582885742,55.5296096801758,48.5142784118652,269.239318847656
2023-06-07,175.523132324219,316.589508056641,121.230003356934,121.495834350586,224.570007324219,37.4477500915527,132.067825317383,55.4467506408691,48.5855369567871,261.771453857422
2023-06-08,178.23762512207,318.429992675781,124.25,121.138793945312,234.860000610352,38.4820022583008,132.105392456055,55.5848541259766,49.2883987426758,262.744598388672
2023-06-09,178.622573852539,319.927886962891,123.430000305176,121.228050231934,244.399993896484,38.741813659668,132.368225097656,55.676929473877,49.5863914489746,263.112060546875
2023-06-12,181.416030883789,324.881591796875,126.569999694824,122.626502990723,249.830001831055,39.453296661377,132.358840942383,55.4375343322754,49.9135398864746,269.169769287109
2023-06-13,180.94221496582,327.270385742188,126.660003662109,122.814933776855,258.709991455078,40.9921760559082,133.316299438477,55.6585083007812,50.3022155761719,269.437927246094
2023-06-14,181.573944091797,330.25634765625,126.419998168945,122.65625,256.790008544922,42.9657440185547,132.818817138672,56.0360107421875,50.8107490539551,271.453796386719
2023-06-15,183.607345581055,340.790344238281,127.110000610352,124.064598083496,255.899993896484,42.6219940185547,134.320770263672,56.8060493469238,51.0893058776855,279.874938964844
2023-06-16,182.53141784668,335.141540527344,125.48999786377,122.517395019531,260.540008544922,42.660961151123,134.480316162109,57.2142524719238,50.3767204284668,279.050689697266
2023-06-20,182.620269775391,330.951385498047,125.779998779297,122.090919494629,274.450012207031,43.7761497497559,133.795074462891,56.8338775634766,49.9329719543457,282.357635498047
2023-06-21,181.583847045898,326.555694580078,124.830001831055,119.561828613281,259.459991455078,43.0137062072754,133.597915649414,56.9916000366211,50.0301475524902,279.686309814453
2023-06-22,184.584564208984,332.576599121094,130.149993896484,122.140518188477,264.609985351562,42.9937171936035,131.02587890625,57.3812522888184,50.4479713439941,282.90380859375
2023-06-23,184.268676757812,327.985015869141,129.330001831055,121.337135314941,256.600006103516,42.1783180236816,130.340606689453,56.7782173156738,50.3540382385254,286.727111816406
2023-06-26,182.876907348633,321.699859619141,127.330001831055,117.36994934082,241.050003051758,40.6024589538574,130.659744262695,56.7967643737793,50.2212448120117,276.538299560547
2023-06-27,185.630859375,327.544494628906,129.179992675781,117.36003112793,250.210006713867,41.8455505371094,130.669128417969,56.6761703491211,50.0398635864258,285.058746337891
2023-06-28,186.805480957031,328.797637939453,129.039993286133,119.194862365723,256.239990234375,41.0871086120605,130.096542358398,56.1473388671875,50.3119354248047,283.31103515625
2023-06-29,187.141098022461,328.014404296875,127.900001525879,118.123710632324,257.5,40.7923240661621,134.639892578125,55.6834716796875,49.9718360900879,279.577056884766
2023-06-30,191.464553833008,333.389099121094,130.360000610352,118.718788146973,261.769989013672,42.2712440490723,136.526733398438,55.869026184082,50.9111557006836,284.989288330078
2023-07-03,189.974044799805,330.892639160156,130.220001220703,118.917144775391,279.820007324219,42.3821601867676,137.625030517578,56.2030143737793,51.2415390014648,284.035888671875
2023-07-05,188.858612060547,331.049346923828,130.380004882812,120.751976013184,282.480010986328,42.2862358093262,136.708206176758,56.6204948425293,51.2123870849609,292.328002929688
2023-07-06,189.332427978516,334.103851318359,128.360000610352,119.125434875488,276.540008544922,42.0723915100098,135.356658935547,56.184455871582,50.8884811401367,289.964538574219
2023-07-07,188.217010498047,330.138824462891,129.779998779297,118.500587463379,274.429992675781,42.4720993041992,136.424652099609,55.442253112793,49.7159538269043,288.5146484375
2023-07-10,186.173751831055,324.861999511719,127.129997253418,115.495429992676,269.609985351562,42.1493301391602,137.190246582031,55.024772644043,50.1661796569824,292.059875488281
2023-07-11,185.650619506836,325.488586425781,128.779998779297,116.17977142334,269.790008544922,42.3741722106934,139.33576965332,55.2195892333984,50.091682434082,296.220855712891
2023-07-12,187.318786621094,330.119323730469,130.800003051758,117.955108642578,271.989990234375,43.8700866699219,140.025726318359,55.516487121582,50.2179985046387,307.194122314453
2023-07-13,188.078826904297,335.464599609375,134.300003051758,123.519119262695,277.899993896484,45.9435729980469,140.706268310547,55.9896278381348,49.9232597351074,311.235900878906
2023-07-14,188.226898193359,337.990417480469,134.679992675781,124.391899108887,281.380004882812,45.4359474182129,141.556900024414,56.4998931884766,50.0949211120605,306.727447509766
2023-07-17,191.484268188477,338.470153808594,133.559997558594,123.628219604492,290.380004882812,46.4272232055664,144.968887329102,56.4163970947266,50.1564636230469,308.465240478516
2023-07-18,191.227645874023,351.941253662109,132.830001831055,122.745513916016,293.339996337891,47.45947265625,145.233581542969,56.193733215332,50.0657730102539,309.885345458984
2023-07-19,192.579940795898,347.623748779297,135.360000610352,121.029693603516,291.260009765625,47.0427742004395,145.791198730469,57.1864242553711,50.0819702148438,313.817901611328
2023-07-20,190.635391235352,339.586242675781,129.960006713867,118.22289276123,262.899993896484,45.4869041442871,147.587020874023,57.8822364807129,51.0083312988281,300.421478271484
2023-07-21,189.460739135742,336.551300048828,130,119.036163330078,260.019989013672,44.276782989502,146.452850341797,57.9286193847656,51.2966041564941,292.218780517578
2023-07-24,190.260314941406,337.863189697266,128.800003051758,120.533790588379,269.059997558594,44.5795631408691,149.335586547852,57.9471740722656,51.5978355407715,289.587127685547
2023-07-25,191.119049072266,343.609924316406,129.130004882812,121.208213806152,265.279998779297,45.6457939147949,148.220291137695,57.7523536682129,51.5557289123535,292.427307128906
2023-07-26,191.987701416016,330.67724609375,128.149993896484,128.210342407227,264.350006103516,45.4189567565918,149.108734130859,58.4945449829102,51.740348815918,296.498809814453
2023-07-27,190.724182128906,323.775299072266,128.25,128.339279174805,255.710006713867,45.8666381835938,147.464157104492,57.9286193847656,51.5524826049805,309.547668457031
2023-07-28,193.300491333008,331.264739990234,132.210006713867,131.493225097656,266.440002441406,46.7160110473633,148.305358886719,57.9657287597656,51.7954139709473,323.222229003906
2023-07-31,193.912490844727,328.866180419922,133.679992675781,131.632049560547,267.429992675781,46.6950263977051,149.297790527344,57.4554672241211,51.779224395752,316.389923095703
2023-08-01,193.083343505859,329.27734375,131.690002441406,130.471649169922,261.070007324219,46.4731903076172,148.560516357422,57.3070259094238,51.5362968444824,320.471435546875
2023-08-02,190.092514038086,320.622955322266,128.210006713867,127.327644348145,254.110000610352,44.2368125915527,146.878158569336,57.4833068847656,51.5719184875488,312.129669189453
2023-08-03,188.700698852539,319.800598144531,128.910003662109,127.39705657959,259.320007324219,44.4826393127441,147.776062011719,57.1864242553711,51.5848770141602,311.017425537109
2023-08-04,179.639251708984,320.897033691406,139.570007324219,127.059860229492,253.860000610352,44.6475143432617,147.464157104492,56.3236236572266,51.2868843078613,308.574523925781
2023-08-07,176.539840698242,323.178100585938,142.220001220703,130.451812744141,251.449996948242,45.3839874267578,148.16357421875,56.7689361572266,51.9832801818848,314.364105224609
2023-08-08,177.477554321289,319.203369140625,139.940002441406,130.322875976562,249.699996948242,44.631534576416,147.331832885742,56.5184440612793,52.0351028442383,310.471313476562
2023-08-09,175.888366699219,315.463623046875,137.850006103516,128.597137451172,242.190002441406,42.5230674743652,145.356430053711,56.6483306884766,52.1193161010742,303.0927734375
2023-08-10,175.671203613281,316.148895263672,138.559997558594,128.626922607422,245.339996337891,42.3571929931641,145.139068603516,56.5184440612793,52.0933074951172,303.619140625
2023-08-11,175.730499267578,314.269195556641,138.410003662109,128.497970581055,242.649993896484,40.8253021240234,145.980255126953,56.7503814697266,52.3988723754883,299.547607421875
2023-08-14,177.38117980957,317.235626220703,140.570007324219,130.253448486328,239.759994506836,43.72119140625,146.282684326172,56.4813346862793,52.0088005065918,304.066040039062
2023-08-15,175.394439697266,315.101379394531,137.669998168945,128.716156005859,232.960006713867,43.9080543518066,142.558792114258,56.100959777832,51.7422561645508,299.855438232422
2023-08-16,174.524658203125,314.336120605469,135.070007324219,127.645027160645,225.600006103516,43.4543876647949,141.953857421875,56.110237121582,51.7682609558105,292.248565673828
2023-08-17,171.984436035156,310.882781982422,133.979995727539,128.855010986328,219.220001220703,43.3124885559082,140.479431152344,56.2308387756348,50.6078186035156,283.112365722656
2023-08-18,172.468734741211,310.490356445312,133.220001220703,126.415176391602,215.490005493164,43.267520904541,140.800765991211,56.546272277832,51.3359375,281.28515625
2023-08-21,173.803100585938,315.788146972656,134.679992675781,127.317718505859,231.279998779297,46.9328498840332,141.282775878906,56.0638465881348,51.1994132995605,287.888977050781
2023-08-22,175.176971435547,316.357147216797,134.25,128.021896362305,233.190002441406,45.6347961425781,138.352798461914,55.7205810546875,51.0368881225586,285.604949951172
2023-08-23,179.021911621094,320.811187744141,135.520004272461,131.284927368164,236.860000610352,47.0817565917969,139.288497924805,55.915412902832,51.3911972045898,292.198883056641
2023-08-24,174.336868286133,313.914306640625,131.839996337891,128.716156005859,230.039993286133,47.1287155151367,139.156188964844,55.7669715881348,50.997875213623,284.760864257812
2023-08-25,176.541000366211,316.867340087891,133.259994506836,128.815368652344,238.589996337891,45.984546661377,138.986038208008,56.0267372131348,51.3001747131348,283.519500732422
2023-08-28,178.102722167969,317.573699951172,133.139999389648,129.936096191406,238.820007324219,46.8009490966797,139.46809387207,56.184455871582,51.5927276611328,288.246551513672
2023-08-29,181.987152099609,322.194519042969,134.910003662109,133.466918945312,257.179992675781,48.7485275268555,140.602294921875,56.1287879943848,52.0250473022461,295.922882080078
2023-08-30,185.476272583008,322.567413330078,135.070007324219,134.766159057617,256.899993896484,49.2281761169434,140.035171508789,56.100959777832,52.3988723754883,293.052917480469
2023-08-31,185.693725585938,321.556854248047,138.009994506836,135.053787231445,258.079986572266,49.3191146850586,138.305526733398,55.5072059631348,52.8572044372559,293.837463378906
2023-09-01,187.265319824219,322.439788818359,138.119995117188,134.547943115234,245.009994506836,48.4737319946289,138.768661499023,55.024772644043,52.5191345214844,294.324005126953
2023-09-05,187.502532958984,327.237243652344,137.270004272461,134.657073974609,256.489990234375,48.5127105712891,137.237487792969,54.5701713562012,52.096565246582,298.067901611328
2023-09-06,180.79118347168,326.579986572266,135.360000610352,133.357818603516,251.919998168945,47.0306663513184,137.010681152344,54.5330619812012,52.4866256713867,297.0947265625
2023-09-07,175.503158569336,323.666168212891,137.850006103516,134.151229858398,251.490005493164,46.2111930847168,135.838653564453,54.1155738830566,53.1367378234863,296.598175048828
2023-09-08,176.115966796875,327.943664550781,138.229995727539,135.262069702148,248.5,45.5426216125488,135.942642211914,54.1155738830566,53.2342643737793,295.823547363281
2023-09-11,177.282302856445,331.544219970703,143.100006103516,135.797622680664,273.579986572266,45.1488723754883,136.538101196289,54.6258430480957,53.4195327758789,305.426544189453
2023-09-12,174.257781982422,325.490966796875,141.229995727539,134.230575561523,267.480010986328,44.8410720825195,138.314987182617,54.0877380371094,53.4780502319336,299.567413330078
2023-09-13,172.191970825195,329.699768066406,144.850006103516,135.589340209961,271.299987792969,45.455680847168,138.381164550781,54.2176246643066,53.4910507202148,302.94384765625
2023-09-14,173.704238891602,332.289825439453,144.720001220703,136.967971801758,276.040008544922,45.5516166687012,141.0654296875,54.6664772033691,53.7153396606445,309.557647705078
2023-09-15,172.982711791992,323.970275878906,140.389999389648,136.273696899414,274.390014648438,43.8717002868652,140.649536132812,54.1802253723145,53.5170555114746,298.226806640625
2023-09-18,175.908416748047,322.832275390625,139.979995727539,137.077056884766,265.279998779297,43.9376525878906,140.942535400391,54.5168571472168,53.1204872131348,300.451263427734
2023-09-19,176.995681762695,322.429962158203,137.630004882812,136.908432006836,266.5,43.4919395446777,140.762954711914,54.4046516418457,53.1074867248535,302.953765869141
2023-09-20,173.457153320312,314.699127197266,135.289993286133,132.64372253418,262.589996337891,42.2117691040039,140.167526245117,54.6477737426758,53.2797622680664,297.591247558594
2023-09-21,171.91520690918,313.482604980469,129.330001831055,129.370758056641,255.699996948242,40.9905586242676,139.071136474609,53.8061790466309,52.6329078674316,293.678558349609
2023-09-22,172.765228271484,311.010314941406,129.119995117188,129.182312011719,244.880004882812,41.5831718444824,137.738433837891,53.8622894287109,52.7726821899414,297.005340576172
2023-09-25,174.040313720703,311.530303955078,131.270004272461,130.035278320312,246.990005493164,42.1947822570801,138.4189453125,53.3012275695801,53.0067176818848,298.743133544922
2023-09-26,169.968048095703,306.232452392578,125.980003356934,127.516067504883,244.119995117188,41.8839797973633,136.982284545898,52.8617134094238,52.8214454650879,296.886169433594
2023-09-27,168.455780029297,306.870178222656,125.980003356934,129.469924926758,240.5,42.4406280517578,137.785675048828,52.3193588256836,52.5678977966309,295.674591064453
2023-09-28,168.712738037109,307.7041015625,125.980003356934,131.225433349609,246.380004882812,43.061222076416,139.496429443359,52.1884460449219,52.8344421386719,301.851470947266
2023-09-29,169.22673034668,309.774139404297,127.120002746582,129.787322998047,250.220001220703,43.4709625244141,137.0673828125,52.3474082946777,51.9860496520996,298.127502441406
2023-10-02,171.737289428711,315.709655761719,129.460006713867,133.070175170898,251.600006103516,44.7531280517578,135.885925292969,51.8798561096191,52.0413055419922,304.691650390625
2023-10-03,170.402923583984,307.458831787109,124.720001220703,131.344451904297,246.529998779297,43.4889373779297,134.884078979492,51.3187942504883,51.7130012512207,298.852416992188
2023-10-04,171.648345947266,312.923400878906,127,134.131408691406,261.160003662109,44.0126075744629,135.488967895508,51.4684028625488,52.3338623046875,303.460205078125
2023-10-05,172.883880615234,313.315765380859,125.959999084473,133.962829589844,260.049987792969,44.6591873168945,136.06022644043,48.9810180664062,51.7097473144531,302.675720214844
2023-10-06,175.433959960938,321.066345214844,127.959999084473,136.452224731445,260.529998779297,45.7325019836426,138.15495300293,49.6917037963867,50.8418502807617,313.241882324219
2023-10-09,176.916625976562,323.577819824219,128.259994506836,137.28532409668,259.670013427734,45.2438087463379,137.840744018555,49.4485778808594,50.6565704345703,316.151550292969
2023-10-10,176.323547363281,322.174926757812,129.479995727539,136.928283691406,263.619995117188,45.7684745788574,138.678604125977,50.5239524841309,51.2286682128906,319.607482910156
2023-10-11,177.717239379883,326.128723144531,131.830001831055,139.397903442383,262.989990234375,46.7758255004883,139.154693603516,50.2247123718262,51.4334526062012,325.545959472656
2023-10-12,178.616683959961,324.892517089844,132.330001831055,137.830841064453,258.869995117188,46.9147338867188,138.830947875977,49.3831176757812,51.6674957275391,321.911346435547
2023-10-13,176.778259277344,321.527404785156,129.789993286133,136.234039306641,251.119995117188,45.4316902160645,140.916122436523,49.4579200744629,51.9535446166992,312.507049560547
2023-10-16,176.649719238281,326.344512939453,132.550003051758,137.959777832031,253.919998168945,46.0652885437012,140.773300170898,49.9628868103027,52.4021224975586,318.922241210938
2023-10-17,175.097915649414,325.775451660156,131.470001220703,138.574676513672,254.850006103516,43.9096755981445,140.468612670898,50.5613479614258,52.4703750610352,321.75244140625
2023-10-18,173.803100585938,323.8623046875,128.130004882812,136.829132080078,242.679992675781,42.1688003540039,138.926162719727,50.5426483154297,52.509391784668,314.771270751953
2023-10-19,173.427505493164,325.049499511719,128.399993896484,136.620834350586,220.110000610352,42.073860168457,138.335845947266,50.8231773376465,52.259090423584,310.640014648438
2023-10-20,170.877380371094,320.487487792969,125.169998168945,134.488464355469,211.990005493164,41.3603210449219,136.107879638672,51.0289115905762,51.6057281494141,306.508941650391
2023-10-23,170.995971679688,323.087371826172,126.559997558594,135.381088256836,212.080001831055,42.9472923278809,134.251190185547,50.5707015991211,52.3371047973633,311.831787109375
2023-10-24,171.430892944336,324.2744140625,128.559997558594,137.672134399414,216.520004272461,43.6348495483398,134.413070678711,52.0294723510742,53.0652313232422,310.381866455078
2023-10-25,169.118011474609,334.222564697266,121.389999389648,124.580337524414,212.419998168945,41.752067565918,133.679885864258,52.4783210754395,52.9059524536133,297.452209472656
2023-10-26,164.956756591797,321.684417724609,119.569999694824,121.277648925781,205.759994506836,40.3000030517578,134.022689819336,52.1603889465332,52.5841445922852,286.349731445312
2023-10-27,166.271377563477,323.568084716797,127.73999786377,121.16854095459,207.300003051758,40.4738922119141,129.195343017578,51.6554298400879,52.3891143798828,294.671630859375
2023-10-30,168.317367553711,330.926147460938,132.710006713867,123.439765930176,197.360000610352,41.1344680786133,130.842544555664,52.5063705444336,52.9904632568359,300.560516357422
2023-10-31,168.791809082031,331.710968017578,133.089996337891,123.062881469727,200.839996337891,40.7537117004395,132.404052734375,52.8243141174316,53.1172409057617,299.180114746094
2023-11-01,171.95475769043,339.520355224609,137,125.413459777832,205.660003662109,42.297721862793,132.289794921875,52.7775573730469,53.5918197631836,309.686706542969
2023-11-02,175.51301574707,341.727783203125,138.070007324219,126.444938659668,218.509994506836,43.4779510498047,134.651092529297,53.3853797912598,53.8031005859375,308.713562011719
2023-11-03,174.603729248047,346.122924804688,138.600006103516,128.041732788086,219.960006713867,44.9759864807129,136.155471801758,53.0580940246582,53.5235557556152,312.417663574219
2023-11-06,177.153839111328,349.782379150391,139.740005493164,129.182312011719,219.270004272461,45.7215003967285,137.18376159668,53.2731666564941,53.5950698852539,313.609344482422
2023-11-07,179.713821411133,353.706665039062,142.710006713867,129.896408081055,222.179992675781,45.9253807067871,137.117095947266,53.4695434570312,53.8453636169434,316.608428955078
2023-11-08,180.771408081055,356.326110839844,142.080001831055,130.759292602539,222.110000610352,46.5439758300781,137.79313659668,53.3853797912598,53.4065361022949,317.561737060547
2023-11-09,180.296997070312,353.863647460938,140.600006103516,129.172439575195,209.979995727539,46.9197311401367,137.383697509766,52.9832763671875,53.283016204834,318.326385498047
2023-11-10,184.483489990234,362.673675537109,143.559997558594,131.503128051758,214.649993896484,48.3038330078125,139.421264648438,53.0393943786621,54.0208930969238,326.489349365234
2023-11-13,182.899948120117,359.740264892578,142.589996337891,131.007202148438,223.710006713867,48.5886535644531,138.802383422852,53.2357597351074,54.5052223205566,326.906463623047
2023-11-14,185.512817382812,363.262329101562,145.800003051758,132.524673461914,237.410003662109,49.6239814758301,141.335083007812,53.3947334289551,54.4954681396484,333.977020263672
2023-11-15,186.076934814453,363.409790039062,143.199996948242,133.516510009766,242.839996337891,48.8564872741699,142.572860717773,53.4975929260254,55.1878356933594,330.402069091797
2023-11-16,187.759460449219,369.799682617188,142.830001831055,135.807556152344,233.589996337891,49.4481086730957,144.200988769531,53.4414901733398,50.7215805053711,331.871765136719
2023-11-17,187.739685058594,363.586730957031,145.179992675781,134.200820922852,234.300003051758,49.2662239074707,145.505416870117,53.5443496704102,50.4972991943359,332.715850830078
2023-11-20,189.481567382812,371.048248291016,146.130004882812,135.133117675781,235.600006103516,50.3765068054199,145.952926635742,53.6752662658691,50.4810447692871,337.611663818359
2023-11-21,188.679916381836,366.752227783203,143.899993896484,135.847198486328,241.199996948242,49.9118003845215,145.648239135742,54.2643775939941,50.6630706787109,334.642486572266
2023-11-22,189.343017578125,371.451202392578,146.710006713867,137.354766845703,234.210006713867,48.6845893859863,145.991027832031,54.6290740966797,50.2762565612793,339.121154785156
2023-11-24,188.016784667969,371.038330078125,146.740005493164,135.569534301758,235.449996948242,47.7452011108398,146.190948486328,54.7693405151367,50.7280807495117,335.883758544922
2023-11-27,187.838607788086,372.198364257812,147.729995727539,135.29182434082,236.080001831055,48.2108955383301,145.857757568359,54.6664772033691,50.9588737487793,332.378265380859
2023-11-28,188.442352294922,376.219177246094,147.029998779297,136.075332641602,246.720001220703,47.790168762207,146.190948486328,54.778694152832,51.5667266845703,336.638488769531
2023-11-29,187.422927856445,372.434356689453,146.320007324219,133.883453369141,244.139999389648,48.1089706420898,146.933639526367,54.4514083862305,50.7345809936523,329.895568847656
2023-11-30,187.996978759766,372.493316650391,146.089996337891,131.443603515625,240.080001831055,46.7398452758789,148.609405517578,55.0829124450684,50.6078186035156,324.880645751953
2023-12-01,189.273742675781,368.167816162109,147.029998779297,130.779098510742,238.830001831055,46.7348518371582,149.3330078125,55.271427154541,50.1689910888672,322.566741943359
2023-12-04,187.482330322266,362.888732910156,144.839996337891,128.210342407227,235.580001831055,45.4806594848633,150.427993774414,55.2054481506348,50.1559906005859,317.800109863281
2023-12-05,191.43132019043,366.211517333984,146.880004882812,129.916244506836,238.720001220703,46.5400772094727,150.408950805664,55.290283203125,50.6208114624023,316.082092285156
2023-12-06,190.342651367188,362.554504394531,144.520004272461,128.954193115234,239.369995117188,45.4776573181152,148.828384399414,55.2337188720703,50.0714721679688,315.247894287109
2023-12-07,192.272583007812,364.668121337891,146.880004882812,135.807556152344,242.639999389648,46.5700569152832,149.285415649414,55.3656883239746,49.7419471740723,324.324462890625
2023-12-08,193.697769165039,367.892547607422,147.419998168945,133.883453369141,243.839996337891,47.4795455932617,150.932632446289,55.2431488037109,49.2199211120605,330.441772460938
2023-12-11,191.193771362305,365.01220703125,145.889999389648,132.197372436523,239.740005493164,46.6010360717773,151.484848022461,55.6484527587891,49.3439102172852,323.023590087891
2023-12-12,192.708068847656,368.0400390625,147.479995727539,131.433715820312,237.009994506836,47.6304626464844,152.836898803711,56.0066223144531,49.3830604553223,331.901550292969
2023-12-13,195.92463684082,368.030212402344,148.839996337891,131.483291625977,239.289993286133,48.0612335205078,153.351028442383,56.4873237609863,50.2607002258301,332.417938232422
2023-12-14,196.07307434082,359.733154296875,147.419998168945,130.858459472656,251.050003051758,48.3230781555176,156.140808105469,55.6484527587891,49.6473274230957,330.85888671875
2023-12-15,195.538650512695,364.451873779297,149.970001220703,131.513046264648,253.5,48.8627777099609,157.321426391602,55.2337188720703,49.833309173584,332.596710205078
2023-12-18,193.875915527344,366.339263916016,154.070007324219,134.686813354492,252.080001831055,50.0491180419922,158.273590087891,55.6296005249023,50.560863494873,342.229431152344
2023-12-19,194.915115356445,366.939025878906,153.789993286133,135.529861450195,257.220001220703,49.5763778686523,160.387313842773,55.4505157470703,50.7435722351074,347.929595947266
2023-12-20,192.826812744141,364.343688964844,152.119995117188,137.205993652344,247.139999389648,48.0842018127441,158.578277587891,54.300594329834,50.1497764587402,346.857025146484
2023-12-21,192.678359985352,367.214233398438,153.839996337891,139.268966674805,254.5,48.962718963623,159.482788085938,54.6587715148926,50.5053977966309,351.633758544922
2023-12-22,191.609481811523,368.236633300781,153.419998168945,140.330200195312,252.539993286133,48.8028144836426,159.387557983398,54.9698104858398,51.1089859008789,350.938568115234
2023-12-26,191.065139770508,368.315246582031,153.410003662109,140.359909057617,256.609985351562,49.2515563964844,160.330200195312,55.1960220336914,51.0306777954102,352.368591308594
2023-12-27,191.164077758789,367.735290527344,153.339996337891,139.219360351562,261.440002441406,49.3894844055176,161.291839599609,55.33740234375,51.5102882385254,355.347778320312
2023-12-28,191.58967590332,368.924774169922,153.380004882812,139.080505371094,253.179992675781,49.4944267272949,162.148773193359,55.375114440918,51.4091491699219,355.834411621094
2023-12-29,190.55046081543,369.671936035156,151.940002441406,138.544921875,248.479995727539,49.4944267272949,161.958358764648,55.5447654724121,51.4352416992188,351.504638671875
2024-01-02,183.731307983398,364.589447021484,149.929992675781,137.037399291992,248.419998168945,48.1411743164062,163.843566894531,56.3836441040039,51.9703178405762,343.887847900391
2024-01-03,182.355606079102,364.323974609375,148.470001220703,137.781265258789,238.449996948242,47.5425109863281,163.129470825195,56.5155982971191,51.9735794067383,342.080474853516
2024-01-04,180.039672851562,361.709106445312,144.570007324219,135.271957397461,237.929992675781,47.9712753295898,164.212020874023,56.3270874023438,51.4711380004883,344.712097167969
2024-01-05,179.317153930664,361.522277832031,145.240005493164,134.617370605469,237.490005493164,49.0696601867676,165.035903930664,56.2422637939453,51.1285629272461,349.508575439453
2024-01-08,183.652130126953,368.3447265625,149.100006103516,137.701904296875,240.449996948242,52.2238998413086,164.796432495117,56.6569862365723,51.6310119628906,356.171997070312
2024-01-09,183.236434936523,369.426147460938,151.369995117188,139.79460144043,234.960006713867,53.1104125976562,163.493560791016,56.5532989501953,51.9768447875977,354.950531005859
2024-01-10,184.275650024414,376.287872314453,153.729995727539,141.113708496094,233.940002441406,54.3197364807129,163.838409423828,56.741813659668,52.6228446960449,367.900085449219
2024-01-11,183.681823730469,378.116455078125,155.179992675781,140.915344238281,227.220001220703,54.7914733886719,163.148651123047,56.3742179870605,52.5641212463379,367.105621337891
2024-01-12,184.008422851562,381.891418457031,154.619995117188,141.480667114258,218.889999389648,54.6795310974121,161.951141357422,56.9208984375,52.6326332092285,371.892181396484
2024-01-16,181.741973876953,383.660980224609,153.160003662109,141.321990966797,219.910003662109,56.3506088256836,160.935638427734,56.5438766479492,52.7990264892578,364.910980224609
2024-01-17,180.801727294922,382.874481201172,151.710006713867,140.310317993164,215.550003051758,56.0217895507812,160.073425292969,56.5438766479492,52.5510673522949,365.814697265625
2024-01-18,186.690567016602,387.199981689453,153.5,142.303863525391,211.880004882812,57.0752067565918,160.389556884766,56.7041130065918,53.2590560913086,373.520874023438
2024-01-19,189.590423583984,391.918701171875,155.339996337891,145.180099487305,212.190002441406,59.4578704833984,163.158203125,56.3930702209473,52.9784698486328,380.790069580078
2024-01-22,191.896499633789,389.795288085938,154.779998779297,144.793304443359,208.800003051758,59.6207847595215,162.966598510742,56.148006439209,52.9817314147949,379.131652832031
2024-01-23,193.173233032227,392.144805908203,156.020004272461,145.834655761719,209.139999389648,59.8396644592285,161.893646240234,56.4119186401367,53.1155014038086,382.527954101562
2024-01-24,192.500213623047,395.742797851562,156.869995117188,147.481063842773,207.830001831055,61.3278274536133,163.340255737305,55.5259170532227,52.3650932312012,387.989776611328
2024-01-25,192.173614501953,398.013671875,157.75,150.625076293945,182.630004882812,61.5826873779297,165.677764892578,55.7615585327148,53.1285438537598,390.452545166016
2024-01-26,190.441604614258,397.089599609375,159.119995117188,150.942474365234,183.25,60.9970169067383,165.045486450195,55.9594917297363,53.5951080322266,391.405914306641
2024-01-29,189.758697509766,402.781555175781,161.259994506836,152.25163269043,190.929992675781,62.4302177429199,165.476608276367,56.2988128662109,53.8463249206543,398.238159179688
2024-01-30,186.106643676758,401.670654296875,159,150.218444824219,191.589996337891,62.7390480041504,168.867935180664,56.459041595459,54.025764465332,397.284851074219
2024-01-31,182.504028320312,390.847076416016,155.199996948242,138.951568603516,187.289993286133,61.4927368164062,167.038162231445,56.0725975036621,53.9148406982422,387.433654785156
2024-02-01,184.938781738281,396.942138671875,159.279998779297,140.002883911133,188.860000610352,62.9919090270996,166.434585571289,57.4770088195801,54.9132041931152,392.041442871094
2024-02-02,183.939147949219,404.256195068359,171.809997558594,141.212875366211,187.910003662109,66.123161315918,167.392593383789,57.0622863769531,55.3242988586426,471.695007324219
2024-02-05,185.750305175781,398.780456542969,170.309997558594,142.502212524414,181.059997558594,69.2934036254883,167.172271728516,56.5909996032715,55.0273933410645,456.223114013672
2024-02-06,187.35368347168,398.623138427734,169.149993896484,142.918792724609,185.100006103516,68.1850128173828,167.7470703125,56.4967498779297,55.4025955200195,451.565704345703
2024-02-07,187.462554931641,407.038208007812,170.529998779297,144.346969604492,187.580001831055,70.0599594116211,168.063201904297,56.5438766479492,55.2623023986816,466.332458496094
2024-02-08,186.383758544922,407.09716796875,169.839996337891,144.713943481445,189.559997558594,69.6022186279297,167.459671020508,56.3930702209473,55.2590446472168,466.739654541016
2024-02-09,187.146789550781,413.428161621094,174.449996948242,147.778610229492,193.570007324219,72.0928421020508,167.660858154297,56.1385841369629,55.2296829223633,464.862762451172
2024-02-12,185.462142944336,408.227752685547,172.339996337891,146.320663452148,188.130004882812,72.2077713012695,168.408096313477,56.2705383300781,55.5624618530273,465.647308349609
2024-02-13,183.371154785156,399.439117431641,168.639999389648,143.950256347656,184.020004272461,72.0878448486328,166.942337036133,55.9406433105469,55.1840057373047,456.92822265625
2024-02-14,182.489181518555,403.299896240234,170.979995727539,144.743698120117,188.710006713867,73.8588638305664,168.63801574707,55.8840980529785,55.0078163146973,469.996887207031
2024-02-15,182.20182800293,400.414154052734,169.800003051758,141.599700927734,200.449996948242,72.6175308227539,172.316787719727,55.9877700805664,55.2329444885254,480.67236328125
2024-02-16,180.665771484375,397.951965332031,169.509994506836,139.368118286133,199.949996948242,72.5725631713867,171.512023925781,55.9783477783203,55.5820465087891,470.036651611328
2024-02-20,179.922546386719,396.701141357422,167.080001831055,139.963180541992,193.759994506836,69.4133224487305,172.1826171875,57.2130889892578,57.3764839172363,468.477478027344
2024-02-21,180.675704956055,396.100341796875,168.589996337891,141.381484985352,194.770004272461,67.434440612793,173.303527832031,57.7220726013184,56.671760559082,465.276489257812
2024-02-22,182.707214355469,405.427215576172,174.580001831055,142.90885925293,197.410003662109,78.4942779541016,175.382400512695,57.6372375488281,57.2296714782715,483.269989013672
2024-02-23,180.873916625977,404.137023925781,174.990005493164,142.779937744141,191.970001220703,78.7731094360352,176.263748168945,57.6843719482422,57.2786064147949,481.182373046875
2024-02-26,179.526168823242,401.379364013672,174.729995727539,136.442306518555,199.399993896484,79.047966003418,175.660217285156,57.2225189208984,58.335693359375,478.905792236328
2024-02-27,180.982925415039,401.320251464844,173.539993286133,137.741561889648,199.729995727539,78.6571807861328,175.746429443359,56.8737640380859,58.3259048461914,484.1845703125
2024-02-28,179.783813476562,401.556610107422,173.160003662109,135.262069702148,202.039993286133,77.6197509765625,176.63737487793,56.9303245544434,58.3552703857422,481.172393798828
2024-02-29,179.119842529297,407.387176513672,176.759994506836,137.325012207031,201.880004882812,79.0679550170898,178.246810913086,56.572151184082,57.36669921875,487.246429443359
2024-03-01,178.039672851562,409.219024658203,178.220001220703,136.015808105469,202.639999389648,82.2331848144531,177.509155273438,56.110294342041,57.5135116577148,499.344848632812
2024-03-04,173.52082824707,408.647796630859,177.580001831055,132.256912231445,188.139999389648,85.1895217895508,178.840805053711,56.3742179870605,58.0420532226562,495.259033203125
2024-03-05,168.585754394531,396.563262939453,174.119995117188,131.582458496094,180.740005493164,85.920166015625,180.632247924805,56.1008682250977,58.7663650512695,487.3359375
2024-03-06,167.594741821289,396.01171875,173.509994506836,130.322875976562,176.539993286133,88.6547698974609,181.57112121582,56.129150390625,59.2851104736328,493.171417236328
2024-03-07,167.475845336914,402.955169677734,176.820007324219,133.278442382812,178.649993896484,92.6217346191406,179.980850219727,56.0254669189453,59.0795745849609,509.176696777344
2024-03-08,169.190231323242,400.079284667969,175.350006103516,134.300018310547,175.339996337891,87.4833679199219,180.316116333008,56.1008682250977,58.844654083252,502.973419189453
2024-03-11,171.192016601562,398.404968261719,171.960006713867,136.541488647461,177.770004272461,85.7302551269531,180.383209228516,56.7795181274414,59.3732109069824,480.744903564453
2024-03-12,171.66764831543,409.002349853516,175.389999389648,137.364669799805,177.539993286133,91.8661422729492,181.868103027344,57.0245780944824,60.1072998046875,496.809875488281
2024-03-13,169.586624145508,408.825042724609,176.559997558594,138.644088745117,169.479995727539,90.8416595458984,183.343444824219,57.6089668273926,59.9800567626953,492.654479980469
2024-03-14,171.439758300781,418.792053222656,178.75,141.926986694336,162.5,87.8991546630859,180.076599121094,57.4807014465332,59.9289894104004,488.936431884766
2024-03-15,171.063186645508,410.125091552734,174.419998168945,140.022720336914,163.570007324219,87.7921981811523,182.30876159668,56.8916473388672,59.5950622558594,481.251953125
2024-03-18,172.153244018555,411.011505126953,174.479995727539,146.469421386719,173.800003051758,88.4098968505859,184.569671630859,57.1291694641113,59.7718467712402,494.05615234375
2024-03-19,174.491958618164,415.039642333984,175.899993896484,145.824752807617,171.320007324219,89.352424621582,185.652221679688,57.224178314209,59.7816696166992,493.320495605469
2024-03-20,177.05859375,418.801971435547,178.149993896484,147.520751953125,175.660003662109,90.3259201049805,188.085571289062,57.7182312011719,60.1548728942871,502.5458984375
2024-03-21,169.824432373047,422.87939453125,178.149993896484,146.390090942383,172.820007324219,91.3883743286133,190.700912475586,57.4522018432617,60.3512954711914,504.772766113281
2024-03-22,170.72624206543,422.258880615234,178.869995117188,149.534118652344,170.830001831055,94.2409210205078,188.363418579102,57.4712028503418,59.7816696166992,506.58203125
2024-03-25,169.309127807617,416.467742919922,179.710006713867,148.839859008789,172.630004882812,94.9535446166992,186.63899230957,57.3856925964355,59.4870300292969,500.060607910156
2024-03-26,168.179458618164,415.276031494141,178.300003051758,149.434921264648,177.669998168945,92.513801574707,187.510757446289,57.5187110900879,59.4281005859375,492.972595214844
2024-03-27,171.746932983398,415.059387207031,179.830001831055,149.633270263672,179.830001831055,90.203971862793,191.1416015625,57.9842529296875,59.6343460083008,490.954467773438
2024-03-28,169.933441162109,414.360107421875,180.380004882812,149.692794799805,175.789993286133,90.309928894043,191.888885498047,58.126766204834,59.094181060791,482.723205566406
2024-04-01,168.496520996094,418.151885986328,180.970001220703,154.215423583984,175.220001220703,90.3169174194336,190.585983276367,57.6517181396484,58.9272232055664,488.459259033203
2024-04-02,167.317260742188,415.069213867188,180.690002441406,153.293045043945,166.630004882812,89.4063873291016,190.509323120117,57.1481742858887,58.1022415161133,494.443908691406
2024-04-03,168.119964599609,414.09423828125,182.410003662109,153.650085449219,168.380004882812,88.9186325073242,189.972854614258,56.8441429138184,58.3674163818359,503.758758544922
2024-04-04,167.297454833984,411.563049316406,180,149.29606628418,171.110000610352,85.8611831665039,188.527435302734,56.3405914306641,58.436164855957,507.914154052734
2024-04-05,168.050598144531,419.087554931641,185.070007324219,151.249923706055,164.899993896484,87.9631195068359,190.261901855469,56.5401039123535,58.7799072265625,524.237548828125
2024-04-08,166.930786132812,418.171600341797,185.190002441406,153.580642700195,172.979995727539,87.0885620117188,191.25439453125,56.3120880126953,58.7111587524414,516.195129394531
2024-04-09,168.139801025391,419.836090087891,185.669998168945,155.316314697266,176.880004882812,85.3104553222656,189.972839355469,56.7396278381348,58.7209777832031,513.859069824219
2024-04-10,166.266845703125,416.861663818359,185.949996948242,154.860076904297,171.759994506836,86.9946136474609,188.354019165039,55.979549407959,59.5361328125,516.771728515625
2024-04-11,173.461349487305,421.461120605469,189.050003051758,158.103302001953,174.600006103516,90.5697937011719,188.315414428711,56.1030654907227,59.0156173706055,520.08203125
2024-04-12,174.957748413086,415.522277832031,186.130004882812,156.43701171875,171.050003051758,88.1410369873047,176.135589599609,55.3714942932129,59.0647163391113,508.888397216797
2024-04-15,171.132553100586,407.387176513672,183.619995117188,153.590591430664,161.479995727539,85.957145690918,176.231979370117,55.2384834289551,58.8584747314453,497.287048339844
2024-04-16,167.852401733398,408.312866210938,183.320007324219,153.134338378906,157.110000610352,87.3704299926758,174.218048095703,55.1624717712402,58.7700805664062,496.81982421875
2024-04-17,166.484817504883,405.614349365234,181.279998779297,154.195571899414,155.449996948242,83.9921417236328,173.52424621582,55.5900115966797,58.5834808349609,491.262664794922
2024-04-18,165.533493041992,398.158782958984,179.220001220703,154.731140136719,149.929992675781,84.6278228759766,174.651657104492,55.9700508117676,58.2004508972168,498.847778320312
2024-04-19,163.511932373047,393.086608886719,174.630004882812,152.826889038086,147.050003051758,76.1611480712891,179.036041259766,57.1671676635742,58.4656257629395,478.239776611328
2024-04-22,164.344314575195,394.898803710938,177.229995727539,154.998962402344,142.050003051758,79.4774551391602,182.514617919922,57.5282096862793,59.0647163391113,478.895904541016
2024-04-23,165.394775390625,401.408905029297,179.539993286133,156.962707519531,144.679992675781,82.380973815918,185.145202636719,57.6137199401855,58.0334892272949,493.181365966797
2024-04-24,167.495651245117,402.876373291016,176.589996337891,157.825576782227,162.130004882812,79.6363754272461,186.050994873047,58.4783020019531,58.7995491027832,490.596618652344
2024-04-25,168.357803344727,393.007843017578,173.669998168945,154.721252441406,170.179992675781,82.5898666381836,186.330429077148,58.658821105957,59.1334648132324,438.783294677734
2024-04-26,167.77311706543,400.177795410156,179.619995117188,170.540496826172,168.289993286133,87.6902694702148,186.446090698242,58.658821105957,59.0843620300293,440.682067871094
2024-04-29,171.935256958008,396.169311523438,180.960006713867,164.788009643555,194.050003051758,87.7122497558594,186.243728637695,58.94384765625,59.1629333496094,430.074829101562
2024-04-30,168.793823242188,383.444610595703,175,161.445648193359,183.279998779297,86.3579483032227,184.759780883789,58.6873168945312,58.2888412475586,427.639221191406
2024-05-01,167.77311706543,388.969818115234,179,162.516799926758,179.990005493164,82.998649597168,184.875427246094,58.8393363952637,57.797779083252,436.606201171875
2024-05-02,171.469482421875,391.825958251953,184.720001220703,165.254196166992,180.009994506836,85.7732391357422,184.682708740234,58.8963432312012,58.6424102783203,439.081512451172
2024-05-03,181.726135253906,400.5126953125,186.210006713867,165.869094848633,181.190002441406,88.7437210083008,183.574569702148,59.0673599243164,58.7504425048828,449.301025390625
2024-05-06,180.071197509766,407.288665771484,188.699996948242,166.722061157227,184.759994506836,92.093017578125,185.010314941406,59.2383728027344,58.7995491027832,462.940338134766
2024-05-07,180.754974365234,403.152130126953,188.759994506836,169.846221923828,177.809997558594,90.5078277587891,184.769409179688,59.4948997497559,59.5361328125,465.485229492188
2024-05-08,181.091903686523,404.333984375,188,167.991561889648,174.720001220703,90.3658981323242,188.527435302734,59.7134208679199,59.2218589782715,469.819610595703
2024-05-09,182.905410766602,406.087097167969,189.5,168.566787719727,171.970001220703,88.7017517089844,190.310119628906,59.7419242858887,59.564826965332,472.623016357422
2024-05-10,181.645141601562,408.470520019531,187.479995727539,167.267532348633,168.470001220703,89.8321533203125,191.533874511719,60.1029586791992,59.6042404174805,473.3984375
2024-05-13,184.850357055664,407.465911865234,186.570007324219,167.753524780273,171.889999389648,90.352912902832,191.495315551758,60.4069976806641,59.5352554321289,465.256591796875
2024-05-14,185.991546630859,410.263000488281,187.070007324219,168.94367980957,177.550003051758,91.3094253540039,194.174087524414,59.9509506225586,58.993221282959,469.074005126953
2024-05-15,188.263961791992,417.436004638672,185.990005493164,171.095886230469,173.990005493164,94.5817489624023,194.75227355957,59.9794502258301,58.9636535644531,478.707000732422
2024-05-16,188.383041381836,415.373840332031,183.630004882812,172.752182006836,174.839996337891,94.3108825683594,195.099166870117,60.1599731445312,63.0831298828125,470.445892333984
2024-05-17,188.412826538086,414.604309082031,184.699996948242,174.616790771484,177.460006713867,92.4318313598633,197.334701538086,59.8844451904297,63.7138633728027,469.133636474609
2024-05-20,189.573837280273,419.665863037109,183.539993286133,175.469757080078,174.949996948242,94.7316665649414,188.459991455078,59.4473915100098,63.2506675720215,466.081726074219
2024-05-21,190.873779296875,423.316497802734,183.149993896484,176.392120361328,186.600006103516,95.3373641967773,192.256561279297,59.7704277038574,64.2066192626953,461.896453857422
2024-05-22,189.434906005859,424.776733398438,183.130004882812,174.934158325195,180.110000610352,94.9015884399414,191.090606689453,59.8559379577637,64.3051681518555,465.027923583984
2024-05-23,185.445770263672,421.3037109375,181.050003051758,172.127380371094,173.740005493164,103.746070861816,189.751220703125,58.9913520812988,63.9011077880859,463.039733886719
2024-05-24,188.521957397461,424.421569824219,180.75,173.555572509766,179.240005493164,106.414703369141,193.403244018555,58.9058418273926,64.4332962036133,475.406555175781
2024-05-28,188.531890869141,424.579467773438,182.149993896484,174.954010009766,176.75,113.842918395996,192.237289428711,58.7348251342773,64.0982208251953,477.096557617188
2024-05-29,188.82958984375,423.44482421875,182.020004272461,174.458068847656,176.190002441406,114.766441345215,190.897888183594,58.6208152770996,63.9799423217773,471.569213867188
2024-05-30,189.821929931641,409.138214111328,179.320007324219,170.699172973633,178.789993286133,110.443649291992,192.073486328125,58.8773422241211,63.9503784179688,464.302276611328
2024-05-31,190.774551391602,409.592071533203,176.440002441406,171.085983276367,178.080001831055,109.577095031738,195.253356933594,59.7894325256348,64.8077850341797,464.083526611328
2024-06-03,192.540878295898,408.003479003906,178.339996337891,171.75048828125,176.289993286133,114.941352844238,194.472854614258,59.7894325256348,64.8669204711914,474.680786132812
2024-06-04,192.858444213867,410.519561767578,179.339996337891,172.365386962891,174.770004272461,116.377632141113,191.909652709961,60.7490272521973,65.6356201171875,474.183715820312
2024-06-05,194.366760253906,418.353607177734,181.279998779297,173.972137451172,175,122.377563476562,190.078826904297,60.7300224304199,66.118522644043,492.1474609375
2024-06-06,192.987442016602,418.856811523438,185,175.281295776367,177.940002441406,120.93628692627,189.741592407227,60.9485473632812,66.1776504516602,490.855133056641
2024-06-07,195.378936767578,418.195770263672,184.300003051758,173.029907226562,177.479995727539,120.826354980469,192.6708984375,60.7205238342285,64.9260482788086,490.059844970703
2024-06-10,191.63786315918,422.162048339844,187.059997558594,173.774612426758,173.789993286133,121.727897644043,192.343292236328,60.4165000915527,65.9904022216797,499.643127441406
2024-06-11,205.560180664062,426.907958984375,187.229995727539,175.373260498047,170.660003662109,120.858276367188,187.284423828125,60.378490447998,65.7637405395508,504.484436035156
2024-06-12,211.434768676758,435.176147460938,186.889999389648,176.53498840332,177.289993286133,125.146430969238,184.557434082031,59.7419242858887,65.3498153686523,505.846374511719
2024-06-13,212.595779418945,435.689178466797,183.830001831055,173.923538208008,182.470001220703,129.554534912109,186.609893798828,59.846435546875,65.7341613769531,501.134307861328
2024-06-14,210.859222412109,436.666015625,183.660003662109,175.542022705078,178.009994506836,131.823593139648,186.725509643555,59.8895225524902,66.0495376586914,501.691558837891
2024-06-17,215.007110595703,442.388671875,184.059997558594,175.988876342773,187.440002441406,130.923965454102,187.8818359375,59.95654296875,66.4437408447266,504.149475097656
2024-06-18,212.645385742188,440.385681152344,182.809997558594,173.854019165039,184.860000610352,135.522003173828,189.828308105469,59.966121673584,66.6211471557617,497.04443359375
2024-06-20,208.070770263672,439.754272460938,186.100006103516,175.05549621582,181.570007324219,130.724060058594,191.437515258789,59.5352592468262,67.0252075195312,499.243591308594
2024-06-21,205.897583007812,443.779815673828,189.080001831055,178.361999511719,183.009994506836,126.515853881836,189.153778076172,60.1001625061035,66.9266586303711,492.357482910156
2024-06-24,206.542617797852,441.698028564453,185.570007324219,177.954895019531,182.580001831055,118.059463500977,191.639862060547,61.2491264343262,67.9023208618164,496.467254638672
2024-06-25,207.465469360352,444.934234619141,186.339996337891,182.730926513672,187.350006103516,126.036033630371,190.859344482422,61.1246566772461,66.4437408447266,508.099975585938
2024-06-26,211.613388061523,446.128112792969,193.610000610352,182.581985473633,196.369995117188,126.345932006836,190.242645263672,61.3257217407227,67.301155090332,510.607666015625
2024-06-27,212.45686340332,446.808868408203,197.850006103516,184.101211547852,197.419998168945,123.936958312988,191.919296264648,61.1916770935059,66.897087097168,517.016052246094
2024-06-28,209.003555297852,440.987579345703,193.25,180.864227294922,197.880004882812,123.487144470215,194.89680480957,60.9427375793457,66.7295532226562,501.751251220703
2024-07-01,215.086517333984,450.637145996094,197.199996948242,181.698287963867,209.860000610352,124.246826171875,197.970672607422,60.5884666442871,66.5028915405273,502.209014892578
2024-07-02,218.579498291016,453.153076171875,200,183.932403564453,231.259994506836,122.617523193359,201.227645874023,60.4640045166016,67.0843353271484,507.00537109375
2024-07-03,219.849685668945,454.623199462891,197.589996337891,184.50830078125,246.389999389648,128.225112915039,201.092742919922,60.6363487243652,67.2518768310547,507.463134765625
2024-07-05,224.602905273438,461.322631835938,200,189.254577636719,251.520004272461,125.776161193848,198.428161621094,61.0480537414551,69.0258102416992,537.266479492188
2024-07-08,226.071578979492,460.020233154297,199.289993286133,187.695648193359,252.940002441406,128.145126342773,198.796340942383,60.2820777893066,68.671028137207,526.728393554688
2024-07-09,226.924942016602,453.409637451172,199.339996337891,187.645980834961,262.329986572266,131.323806762695,201.179962158203,60.0235633850098,68.8878479003906,527.405090332031
2024-07-10,231.191940307617,460.030120849609,199.789993286133,189.830459594727,263.260009765625,134.852294921875,201.344665527344,60.1576156616211,69.3904571533203,532.072082519531
2024-07-11,225.823486328125,448.634246826172,195.050003051758,184.26008605957,241.029998779297,127.345512390137,201.00553894043,60.4161262512207,68.7892913818359,510.189758300781
2024-07-12,228.77067565918,447.499542236328,194.490005493164,183.763626098633,248.229995727539,129.184722900391,198.573501586914,60.990608215332,68.2373962402344,496.427459716797
2024-07-15,232.601043701172,447.904052734375,192.720001220703,185.213302612305,252.639999389648,128.385070800781,203.524749755859,60.7129440307617,68.6020431518555,493.730712890625
2024-07-16,233.017852783203,443.523284912109,193.020004272461,182.621719360352,256.559997558594,126.305931091309,206.983840942383,61.5363616943359,68.9765319824219,487.391906738281
2024-07-17,227.123428344727,437.603332519531,187.929992675781,179.7421875,248.5,117.939514160156,210.132873535156,62.4363822937012,70.0014801025391,459.72802734375
2024-07-18,222.459503173828,434.495391845703,183.75,176.435699462891,249.229995727539,121.038192749023,203.456924438477,62.4172325134277,69.7945251464844,473.520202636719
2024-07-19,222.588500976562,431.278839111328,183.130004882812,176.405899047852,239.199996948242,117.879554748535,203.263153076172,62.5129776000977,69.7255325317383,474.455535888672
2024-07-22,222.241180419922,437.031066894531,182.550003051758,180.387619018555,251.509994506836,123.487144470215,203.747604370117,62.0150909423828,69.3608856201172,485.013549804688
2024-07-23,223.283142089844,438.915618896484,186.410003662109,180.506744384766,246.380004882812,122.537551879883,203.796051025391,62.1970176696777,69.6269836425781,486.297271728516
2024-07-24,216.862777709961,423.178405761719,180.830001831055,171.411422729492,215.990005493164,114.201118469238,202.110107421875,63.0108604431152,69.5777053833008,459.011535644531
2024-07-25,215.820816040039,412.818481445312,179.850006103516,166.099166870117,220.25,112.231956481934,202.187637329102,63.2597999572754,69.006103515625,451.190032958984
2024-07-26,216.287231445312,419.596740722656,182.5,165.821151733398,219.800003051758,113.011619567871,205.646713256836,64.198112487793,68.7695693969727,463.419830322266
2024-07-29,216.56510925293,421.037322998047,183.199996948242,168.333282470703,232.100006103516,111.542251586914,204.299926757812,63.9874801635742,68.6118927001953,463.429809570312
2024-07-30,217.12077331543,417.278198242188,181.710006713867,169.087921142578,222.619995117188,103.685623168945,208.505065917969,64.8013229370117,68.188117980957,460.922149658203
2024-07-31,220.375625610352,412.769134521484,186.979995727539,170.329086303711,232.070007324219,116.969924926758,206.189315795898,63.901294708252,67.6460876464844,472.505065917969
2024-08-01,216.684158325195,411.545623779297,184.070007324219,169.554626464844,216.860000610352,109.163276672363,201.499694824219,65.0694122314453,68.7794342041016,495.302947998047
2024-08-02,218.172653198242,403.040679931641,167.899993896484,165.483551025391,207.669998168945,107.224105834961,192.953674316406,66.3811492919922,67.4686965942383,485.749969482422
2024-08-05,207.663925170898,389.878601074219,161.020004272461,158.125839233398,198.880004882812,100.407020568848,188.845397949219,65.2034606933594,66.6112899780273,473.400756835938
2024-08-06,205.639556884766,394.279113769531,161.929992675781,157.172622680664,200.639999389648,104.205406188965,194.116409301758,65.1555938720703,66.7591247558594,491.670837402344
2024-08-07,208.209716796875,393.114837646484,162.770004272461,157.818054199219,191.759994506836,98.8676834106445,194.174514770508,65.5481491088867,65.9411468505859,486.526153564453
2024-08-08,211.672912597656,397.318054199219,165.800003051758,160.88623046875,198.839996337891,104.925086975098,197.720840454102,65.8066635131836,66.6802749633789,507.134765625
2024-08-09,214.580459594727,400.603607177734,166.940002441406,162.5146484375,200,104.705192565918,199.406799316406,65.7587966918945,66.966064453125,515.234924316406
2024-08-12,216.110412597656,401.383056640625,166.800003051758,161.144424438477,197.490005493164,108.973365783691,199.78466796875,65.2704849243164,67.705207824707,513.423889160156
2024-08-13,219.825988769531,408.487030029297,170.229995727539,163.001205444336,207.830001831055,116.090309143066,201.48030090332,65.5481491088867,67.1434707641602,525.9521484375
2024-08-14,220.273040771484,411.299011230469,170.100006103516,159.23796081543,201.380004882812,118.029487609863,203.708847045898,65.6630477905273,67.6657943725586,524.180908203125
2024-08-15,223.253463745117,416.162078857422,177.589996337891,160.161392211914,214.139999389648,122.807441711426,204.978164672852,65.7300796508789,72.1203536987305,534.699096679688
2024-08-16,224.574783325195,413.631713867188,177.059997558594,161.809692382812,216.119995117188,124.526702880859,207.322952270508,66.2375259399414,72.5927505493164,524.837646484375
2024-08-19,224.415832519531,416.656311035156,178.220001220703,165.49348449707,222.720001220703,129.944381713867,208.756988525391,66.0460357666016,72.859619140625,526.688598632812
2024-08-20,225.031784057617,419.888519287109,178.880004882812,165.999877929688,221.100006103516,127.195556640625,207.855911254883,66.4290084838867,73.670051574707,524.151062011719
2024-08-21,224.922515869141,419.236145019531,180.110000610352,164.679275512695,223.270004272461,128.445022583008,207.933395385742,66.6109313964844,74.3618698120117,532.539733886719
2024-08-22,223.064697265625,410.745452880859,176.130004882812,162.643753051758,210.660003662109,123.687065124512,209.900375366211,66.3811492919922,74.6979141235352,529.325561523438
2024-08-23,225.359619140625,411.971130371094,177.039993286133,164.450897216797,220.320007324219,129.314636230469,211.528167724609,66.8215713500977,74.8164978027344,525.414794921875
2024-08-26,225.697402954102,408.709259033203,175.5,164.987091064453,213.210006713867,126.405899047852,212.361450195312,67.8269195556641,75.1426544189453,518.568603515625
2024-08-27,226.541870117188,409.055236816406,173.119995117188,163.517517089844,209.210006713867,128.2451171875,213.340042114258,68.4588470458984,75.2414932250977,516.558410644531
2024-08-28,225.011901855469,405.852691650391,170.800003051758,161.700469970703,205.75,125.556266784668,214.415573120117,68.6982116699219,75.1920700073242,514.249816894531
2024-08-29,228.290374755859,408.343597412109,172.119995117188,160.637985229492,206.279998779297,117.539688110352,215.307006835938,68.9854431152344,75.5280990600586,515.682678222656
2024-08-30,227.50553894043,412.317138671875,178.5,162.226715087891,214.110000610352,119.31893157959,217.816558837891,69.3875961303711,76.3286437988281,518.757568359375
2024-09-03,221.316192626953,404.706146240234,176.25,156.249176025391,210.600006103516,107.953788757324,213.456344604492,69.9046249389648,76.2693405151367,509.254333496094
2024-09-04,219.408752441406,404.17236328125,173.330001831055,155.345626831055,219.410003662109,106.16455078125,212.516464233398,69.4737548828125,76.3385238647461,510.2294921875
2024-09-05,220.928741455078,403.668273925781,177.889999389648,156.13005065918,230.169998168945,107.164131164551,210.869293212891,68.1428833007812,76.0618057250977,514.329345703125
2024-09-06,219.378921508789,397.055603027344,171.389999389648,149.85466003418,210.729995727539,102.786003112793,205.859893798828,68.1141586303711,75.7455368041992,497.820587158203
2024-09-09,219.468338012695,401.029144287109,175.399993896484,147.856201171875,216.270004272461,106.424446105957,210.074768066406,68.7939605712891,76.437370300293,502.318450927734
2024-09-10,218.673553466797,409.411102294922,179.550003051758,147.806488037109,226.169998168945,108.053741455078,199.174240112305,68.5067138671875,77.8902130126953,502.318450927734
2024-09-11,221.206924438477,418.148895263672,184.520004272461,150.292129516602,228.130004882812,116.859977722168,200.792358398438,68.0567169189453,77.9198455810547,509.323944091797
2024-09-12,221.316192626953,422.063079833984,187,153.801864624023,229.809997558594,119.099220275879,200.181945800781,68.200325012207,78.7302932739258,523.026550292969
2024-09-13,221.047943115234,425.611511230469,186.490005493164,156.555953979492,230.289993286133,119.059219360352,197.972763061523,68.841423034668,79.6593170166016,522.051391601562
2024-09-16,214.908294677734,426.352935791016,184.889999389648,157.152542114258,226.779998779297,116.740013122559,201.402786254883,69.5065841674805,79.6197738647461,531.175231933594
2024-09-17,215.375228881836,430.118865966797,186.880004882812,158.405288696289,227.869995117188,115.550430297852,202.749603271484,69.2173843383789,77.6826553344727,534.203247070312
2024-09-18,219.249755859375,425.829010009766,186.429992675781,158.892486572266,227.199996948242,113.331192016602,201.083038330078,69.1691741943359,78.1076431274414,535.826843261719
2024-09-19,227.376388549805,433.617919921875,189.869995117188,161.209106445312,243.919998168945,117.829650878906,203.941375732422,68.0798263549805,77.1292037963867,556.893310546875
2024-09-20,226.710754394531,430.237426757812,191.600006103516,162.650772094727,238.25,115.960289001465,204.532455444336,69.0631408691406,78.1372909545898,559.134460449219
2024-09-23,224.992050170898,428.497802734375,193.880004882812,160.920761108398,250,116.220207214355,204.871566772461,69.1499099731445,79.3924560546875,562.182312011719
2024-09-24,225.886169433594,424.208038330078,193.960006713867,161.358245849609,254.270004272461,120.828620910645,205.016906738281,68.764289855957,79.7285003662109,561.106628417969
2024-09-25,224.892715454102,427.113952636719,192.529998779297,160.562835693359,257.019989013672,123.467720031738,203.660415649414,68.8799667358398,80.4499816894531,566.066955566406
2024-09-26,226.035202026367,426.3232421875,191.160003662109,161.795700073242,254.220001220703,123.997543334961,203.263153076172,68.8317642211914,78.9872436523438,565.598815917969
2024-09-27,226.303421020508,423.071258544922,187.970001220703,163.008697509766,260.459991455078,121.358444213867,203.96076965332,69.2077407836914,78.8488845825195,565.120727539062
2024-09-30,231.479446411133,425.324920654297,186.330001831055,164.897827148438,261.630004882812,121.398429870605,204.309585571289,69.2752304077148,79.8075790405273,570.1806640625
2024-10-01,224.733764648438,415.826080322266,185.130004882812,166.03125,258.019989013672,116.959945678711,200.608261108398,69.1306228637695,80.3214950561523,574.194641113281
2024-10-02,225.300048828125,412.307189941406,184.759994506836,164.907745361328,249.020004272461,118.809310913086,200.850479125977,68.4558029174805,79.4913101196289,570.549194335938
2024-10-03,224.197265625,411.724029541016,181.960006713867,164.907745361328,240.660003662109,122.807945251465,198.854507446289,67.9834213256836,79.4913101196289,580.469848632812
2024-10-04,225.319885253906,411.249603271484,186.509994506836,166.100830078125,250.080001831055,124.877235412598,205.912567138672,67.6460037231445,79.9953536987305,593.587951660156
2024-10-07,220.243225097656,404.804992675781,180.800003051758,162.04426574707,240.830001831055,127.676284790039,205.629837036133,66.5277328491211,78.1768188476562,582.472045898438
2024-10-08,224.296615600586,409.915161132812,182.720001220703,163.436233520508,244.5,132.844497680664,205.454376220703,66.6916275024414,78.7796936035156,590.549987792969
2024-10-09,228.042007446289,412.633361816406,185.169998168945,160.930694580078,241.050003051758,132.604583740234,208.057281494141,67.0675964355469,79.4616470336914,588.179321289062
2024-10-10,227.545272827148,411.032104492188,186.649993896484,161.149444580078,238.770004272461,134.763854980469,207.491851806641,66.7591094970703,78.6808700561523,581.525695800781
2024-10-11,226.065002441406,411.506591796875,188.820007324219,162.302795410156,217.800003051758,134.753860473633,216.704391479492,67.0675964355469,79.1651458740234,587.621643066406
2024-10-14,229.790557861328,414.293975830078,187.539993286133,164.012908935547,219.160003662109,138.022750854492,215.914733886719,67.8098983764648,79.3529434204102,588.089660644531
2024-10-15,232.32389831543,413.898559570312,187.690002441406,164.510040283203,219.570007324219,131.554962158203,216.801895141602,67.8098983764648,80.6970672607422,583.9560546875
2024-10-16,230.267395019531,411.308868408203,186.889999389648,164.211776733398,221.330001831055,135.673538208008,218.020492553711,68.031623840332,80.272087097168,574.513427734375
2024-10-17,230.634994506836,411.901947021484,187.529998779297,161.994552612305,220.889999389648,136.88313293457,218.780883789062,67.3857269287109,79.945930480957,574.652893066406
2024-10-18,233.466400146484,413.325317382812,188.990005493164,162.481735229492,220.699996948242,137.952758789062,219.707015991211,67.9063034057617,80.3610305786133,574.194641113281
2024-10-21,234.936706542969,413.938110351562,189.070007324219,163.128021240234,218.850006103516,143.66081237793,217.396560668945,66.9519195556641,79.8668670654297,572.889953613281
2024-10-22,234.320770263672,422.567230224609,189.699996948242,164.191879272461,217.970001220703,143.540863037109,218.488403320312,66.9519195556641,81.062744140625,579.712890625
2024-10-23,229.254043579102,419.690856933594,184.710006713867,161.845413208008,213.649993896484,139.512222290039,217.796249389648,65.5637130737305,82.2981491088867,561.465148925781
2024-10-24,229.065307617188,419.8193359375,186.380004882812,161.785766601562,260.480010986328,140.361938476562,219.32682800293,64.8792572021484,82.0708465576172,565.539123535156
2024-10-25,229.899810791016,423.199737548828,187.830001831055,164.32112121582,269.190002441406,141.491546630859,216.723892211914,64.5129165649414,81.5470352172852,570.987487792969
2024-10-28,231.876800537109,421.657836914062,188.389999389648,165.762802124023,262.510009765625,140.471908569336,219.833755493164,64.2719039916992,81.7842254638672,575.878051757812
2024-10-29,232.145050048828,426.955841064453,190.830001831055,168.705795288086,259.519989013672,141.201644897461,217.299072265625,63.201831817627,80.7464752197266,590.9384765625
2024-10-30,228.598358154297,427.529113769531,192.729995727539,173.458374023438,257.549987792969,139.292297363281,218.771148681641,63.5488891601562,80.4400863647461,589.464172363281
2024-10-31,224.43571472168,401.65185546875,186.399993896484,170.127593994141,249.850006103516,132.714569091797,216.343673706055,62.9608268737793,80.9935607910156,565.339782714844
2024-11-01,221.455291748047,405.625366210938,197.929992675781,170.306564331055,248.979995727539,135.353652954102,217.338073730469,62.6716194152832,81.2307662963867,564.921508789062
2024-11-04,220.561141967773,403.737426757812,195.779998779297,168.268341064453,242.839996337891,136.003433227539,214.257476806641,62.7680244445801,81.4877243041992,558.467041015625
2024-11-05,221.991744995117,406.702728271484,199.5,168.76545715332,251.440002441406,139.862106323242,215.924499511719,63.0186653137207,82.703369140625,570.170715332031
2024-11-06,221.266510009766,415.321960449219,207.089996337891,175.49658203125,288.529998779297,145.560150146484,240.851974487305,61.4087371826172,82.4661712646484,569.792175292969
2024-11-07,225.995452880859,420.511199951172,210.050003051758,179.71223449707,296.910003662109,148.829040527344,230.440353393555,61.370174407959,82.8713836669922,589.364685058594
2024-11-08,225.726943969727,417.654632568359,208.179992675781,177.326049804688,321.220001220703,147.579467773438,231.025253295898,61.6208229064941,83.8399505615234,587.013977050781
2024-11-11,223.011749267578,413.177032470703,206.839996337891,179.314544677734,350,145.210266113281,233.277236938477,61.0809669494629,83.2271881103516,580.868286132812
2024-11-12,223.011749267578,418.138977050781,208.910003662109,180.577239990234,328.489990234375,148.239212036133,233.540451049805,60.9267196655273,83.9980773925781,582.511779785156
2024-11-13,223.896911621094,420.283905029297,214.100006103516,177.852981567383,330.239990234375,146.219940185547,235.10026550293,60.7339134216309,84.5021286010742,577.710815429688
2024-11-14,226.980072021484,421.954376220703,211.479995727539,174.571914672852,311.179992675781,146.709762573242,235.792388916016,60.3000984191895,83.4841537475586,574.882019042969
2024-11-15,223.777572631836,410.201843261719,202.610000610352,171.49967956543,320.720001220703,141.931381225586,239.145950317383,59.5192375183105,83.266716003418,551.89306640625
2024-11-18,226.781173706055,410.953033447266,201.699996948242,174.293548583984,338.739990234375,140.102005004883,238.873001098633,59.6349220275879,83.0987014770508,552.211853027344
2024-11-19,227.039749145508,412.959564208984,204.610000610352,177.097320556641,346,146.959671020508,236.981750488281,60.3386650085449,85.5892944335938,558.87548828125
2024-11-20,227.755844116211,410.686157226562,202.880004882812,174.969619750977,342.029998779297,145.840057373047,234.729797363281,60.7242736816406,86.1625213623047,563.287963867188
2024-11-21,227.278457641602,408.913330078125,198.380004882812,166.667587280273,339.640014648438,146.61979675293,238.609786987305,61.4665794372559,87.3583984375,560.867614746094
2024-11-22,228.621109008789,413.003753662109,197.119995117188,163.814056396484,352.559997558594,141.901412963867,242.304550170898,61.6208229064941,89.3844757080078,556.933166503906
2024-11-25,231.60481262207,414.776611328125,201.449996948242,166.687469482422,338.589996337891,135.973449707031,244.000823974609,62.0642700195312,88.4554443359375,562.879516601562
2024-11-26,233.782928466797,423.888427734375,207.860000610352,168.149002075195,338.230010986328,136.873138427734,243.688873291016,62.2281608581543,90.2443237304688,571.276306152344
2024-11-27,233.653625488281,418.936340332031,205.740005493164,168.258392333984,332.890014648438,135.293655395508,243.513381958008,62.112476348877,90.8076553344727,566.953430175781
2024-11-29,236.040603637695,419.401824951172,207.889999389648,167.979995727539,345.160003662109,138.202682495117,243.44514465332,62.2436103820801,91.4204330444336,572.05322265625
2024-12-02,238.288299560547,426.849761962891,210.710006713867,170.505401611328,357.089996337891,138.582550048828,240.062347412109,61.8259315490723,91.5587921142578,590.490234375
2024-12-03,241.331665039062,427.067657470703,213.440002441406,170.35627746582,351.420013427734,140.211990356445,238.668273925781,61.6996536254883,92.4186553955078,611.227966308594
2024-12-04,241.689697265625,433.228057861328,218.160003662109,173.368881225586,357.929992675781,145.090316772461,237.283966064453,60.4271965026855,93.3476791381836,611.357482910156
2024-12-05,241.719543457031,438.378234863281,220.550003051758,171.648803710938,369.489990234375,145.02033996582,239.31169128418,61.1168479919434,94.1877593994141,606.526611328125
2024-12-06,241.520645141602,439.319122314453,227.029998779297,173.706909179688,389.220001220703,142.401062011719,241.144470214844,60.7380256652832,94.5830764770508,621.308166503906
2024-12-09,245.409393310547,441.74560546875,226.089996337891,174.562957763672,389.790008544922,138.772033691406,237.683654785156,60.8060188293457,92.7349166870117,611.148315429688
2024-12-10,246.423843383789,439.081390380859,225.039993286133,184.317855834961,400.989990234375,135.033065795898,236.757537841797,61.1071395874023,93.4465103149414,616.875610351562
2024-12-11,245.150817871094,444.687194824219,230.259994506836,194.500778198242,424.769989013672,139.271896362305,237.410690307617,60.8448791503906,93.8517150878906,630.182861328125
2024-12-12,246.612823486328,445.251739501953,228.970001220703,191.076614379883,418.100006103516,137.302444458008,235.460952758789,62.0104904174805,92.9918594360352,628.30029296875
2024-12-13,246.78190612793,442.983642578125,227.460006713867,188.946487426758,436.230010986328,134.213287353516,233.910888671875,61.3111190795898,93.3563919067383,617.901550292969
2024-12-16,249.67610168457,447.262268066406,232.929992675781,195.754989624023,463.019989013672,131.963882446289,233.559936523438,60.757453918457,93.9705123901367,622.277770996094
2024-12-17,252.102828979492,450.104705810547,231.149993896484,194.520690917969,479.859985351562,130.354339599609,232.370620727539,61.5830955505371,94.5152969360352,617.492858886719
2024-12-18,246.702346801758,433.198333740234,220.520004272461,187.533004760742,440.130004882812,128.874755859375,224.581359863281,61.0488548278809,92.6630325317383,595.312805175781
2024-12-19,248.432891845703,432.841796875,223.289993286133,187.642471313477,436.170013427734,130.644241333008,227.106307983398,60.6603202819824,92.5144424438477,593.697875976562
2024-12-20,253.107360839844,432.415924072266,224.919998168945,190.529159545898,421.059997558594,134.663162231445,231.629699707031,60.757453918457,91.3654403686523,583.410278320312
2024-12-23,253.883102416992,431.078826904297,225.059997558594,193.734329223633,430.600006103516,139.631805419922,232.399841308594,60.5923309326172,89.4933700561523,597.964416503906
2024-12-24,256.797180175781,435.119689941406,229.050003051758,195.207534790039,462.279998779297,140.181655883789,236.221343994141,61.0391464233398,91.80126953125,605.839538574219
2024-12-26,257.612731933594,433.911407470703,227.050003051758,194.699890136719,454.130004882812,139.891738891602,237.030487060547,60.7768859863281,91.9102325439453,601.453430175781
2024-12-27,254.201370239258,426.404052734375,223.75,191.872924804688,431.660003662109,136.972518920898,235.110000610352,60.6603202819824,90.7909545898438,597.924499511719
2024-12-30,250.829803466797,420.758697509766,221.300003051758,190.359939575195,417.410003662109,137.452392578125,233.306503295898,60.2523574829102,89.7112808227539,589.381408691406
2024-12-31,249.059463500977,417.460601806641,219.389999389648,188.428863525391,403.839996337891,134.253280639648,233.686706542969,60.4757614135742,89.4933700561523,583.669494628906
2025-01-02,242.525161743164,414.568603515625,220.220001220703,188.55827331543,379.279998779297,138.272171020508,233.969375610352,60.0678024291992,89.1466827392578,597.356384277344
2025-01-03,242.037811279297,419.292907714844,224.190002441406,190.90739440918,410.440002441406,144.43049621582,237.166961669922,59.9803810119629,89.9192962646484,602.729370117188
2025-01-06,243.668899536133,423.749786376953,227.610000610352,195.96403503418,411.049987792969,149.389129638672,236.010681152344,59.0673217773438,90.5631256103516,628.218994140625
2025-01-07,240.894058227539,418.322296142578,222.110000610352,194.590393066406,394.359985351562,140.101669311523,238.284057617188,59.0964622497559,89.9490051269531,615.947692871094
2025-01-08,241.381393432617,420.491271972656,222.130004882812,193.057464599609,394.940002441406,140.071685791016,238.244873046875,59.9415283203125,90.9296188354492,608.800231933594
2025-01-10,235.563186645508,414.93505859375,218.940002441406,191.156234741211,394.739990234375,135.872848510742,235.050354003906,59.3198699951172,92.1182403564453,613.924072265625
2025-01-13,233.126495361328,413.191925048828,218.460006713867,190.130981445312,403.309997558594,133.193572998047,239.303192138672,59.8832473754883,90.6621780395508,606.417785644531
2025-01-14,232.012588500977,411.6865234375,217.759994506836,188.787216186523,396.359985351562,131.72395324707,242.497665405273,60.2620735168457,89.92919921875,592.381958007812
2025-01-15,236.577651977539,422.224487304688,223.350006103516,194.650115966797,428.220001220703,136.202758789062,247.27961730957,59.9998092651367,90.4739837646484,615.180114746094
2025-01-16,227.01985168457,420.511047363281,220.660003662109,192.022277832031,413.820007324219,133.533493041992,249.161041259766,60.4660491943359,90.4343566894531,609.37841796875
2025-01-17,228.730514526367,424.918426513672,225.940002441406,195.098007202148,426.5,137.672348022461,253.952774047852,60.9128684997559,91.0682907104492,610.843872070312
2025-01-21,221.430389404297,424.3935546875,230.710006713867,197.138610839844,424.070007324219,140.791488647461,257.744995117188,60.6311798095703,92.1974945068359,614.522216796875
2025-01-22,222.613922119141,441.923950195312,235.009994506836,197.457122802734,415.109985351562,147.029815673828,257.558837890625,60.009521484375,92.346061706543,621.540100097656
2025-01-23,222.444869995117,442.428985595703,235.419998168945,197.068923950195,412.380004882812,147.179748535156,260.606353759766,59.7666854858398,92.9205627441406,634.449340820312
2025-01-24,221.569610595703,439.804412841797,234.850006103516,199.288681030273,406.579986572266,142.580993652344,259.518676757812,60.1455039978027,93.8615646362305,645.454711914062
2025-01-27,228.611175537109,430.395446777344,235.419998168945,190.927322387695,397.149993896484,118.387619018555,260.508361816406,62.0396270751953,96.4765243530273,657.805725097656
2025-01-28,236.965530395508,442.914306640625,238.149993896484,194.401260375977,398.089996337891,128.954727172852,261.7724609375,60.5729026794434,96.3675689697266,672.210327148438
2025-01-29,238.059555053711,438.090972900391,237.070007324219,194.510772705078,389.100006103516,123.666175842285,261.223663330078,61.0294342041016,96.5755767822266,674.363525390625
2025-01-30,236.29914855957,411.012969970703,234.639999389648,199.945617675781,400.279998779297,124.615913391113,262.840545654297,62.214469909668,97.7146759033203,684.840515136719
2025-01-31,234.717788696289,411.082336425781,237.679992675781,203.081130981445,404.600006103516,120.037170410156,261.929229736328,61.6608047485352,97.2293243408203,687.013671875
2025-02-03,226.771194458008,406.982025146484,237.419998168945,200.303955078125,383.679992675781,116.628105163574,261.449066162109,61.5345268249512,98.5962295532227,695.267578125
2025-02-04,231.535186767578,408.418090820312,242.059997558594,205.430282592773,392.209991455078,118.617553710938,262.556396484375,60.8740119934082,99.814567565918,701.976440429688
2025-02-05,231.206970214844,409.329315185547,236.169998168945,190.449523925781,378.170013427734,124.795867919922,264.996307373047,61.3111190795898,101.488540649414,702.654357910156
2025-02-06,231.952911376953,411.835021972656,238.830001831055,190.718292236328,374.320007324219,128.644805908203,271.336334228516,61.5442428588867,101.874847412109,709.751892089844
2025-02-07,226.393310546875,405.823211669922,229.149993896484,184.487075805664,361.619995117188,129.804473876953,270.258453369141,62.0104904174805,100.190963745117,712.27392578125
2025-02-10,226.662094116211,408.26953125,233.139999389648,185.611892700195,350.730010986328,133.533493041992,265.594116210938,62.700138092041,101.944190979004,715.144897460938
2025-02-11,231.610534667969,407.497009277344,232.759994506836,184.467193603516,328.5,132.763702392578,269.464691162109,65.6627349853516,101.49845123291,717.537353515625
2025-02-12,235.842102050781,405.120025634766,228.929992675781,182.765060424805,336.510009765625,131.104156494141,269.915496826172,66.7409210205078,102.627647399902,723.099853515625
2025-02-13,240.481872558594,406.605621337891,230.369995117188,185.283416748047,355.940002441406,135.252990722656,270.768005371094,67.5082855224609,104.053993225098,726.269836425781
2025-02-14,243.53857421875,404.515838623047,228.679992675781,184.37760925293,355.839996337891,138.812026977539,271.032562255859,66.8963394165039,103.053573608398,734.354309082031
2025-02-18,243.409118652344,405.714294433594,226.649993896484,182.92431640625,354.109985351562,139.361877441406,274.325073242188,67.0711822509766,102.796035766602,714.1181640625
2025-02-19,243.807357788086,410.795104980469,226.630004882812,184.417419433594,360.559997558594,139.191925048828,273.639129638672,68.0619430541992,103.013938903809,701.557800292969
2025-02-20,244.763214111328,412.968505859375,222.880004882812,183.710678100586,354.399993896484,140.071685791016,261.439270019531,68.0328063964844,96.2883224487305,692.65576171875
2025-02-21,244.484436035156,405.108642578125,216.580001831055,178.833221435547,337.799987792969,134.39323425293,258.930694580078,69.3052597045898,93.8813629150391,681.4013671875
2025-02-24,246.027709960938,400.930633544922,212.710006713867,178.425109863281,330.529998779297,130.244384765625,256.088989257812,68.5670471191406,92.7818832397461,666.02978515625
2025-02-25,245.967971801758,394.876953125,212.800003051758,174.612731933594,302.799987792969,126.595367431641,252.228149414062,69.4412536621094,96.7637786865234,655.433227539062
2025-02-26,239.316955566406,396.693084716797,214.350006103516,171.935104370117,290.799987792969,131.244110107422,253.590209960938,68.7710266113281,95.2878952026367,671.582275390625
2025-02-27,236.270248413086,389.547760009766,208.740005493164,167.724578857422,281.950012207031,120.117141723633,253.844955444336,68.8390197753906,95.872314453125,656.170837402344
2025-02-28,240.79052734375,393.973876953125,212.279998779297,169.496383666992,292.980010986328,124.885841369629,259.332489013672,69.1692733764648,97.675048828125,666.099548339844
2025-03-03,236.9970703125,385.538452148438,205.020004272461,166.241424560547,284.649993896484,114.02880859375,255.383453369141,70.2474670410156,96.6647186279297,652.990905761719
2025-03-04,234.906173706055,385.657531738281,203.800003051758,170.13346862793,272.040008544922,115.958282470703,245.221817016602,68.1785125732422,94.0695648193359,637.988220214844
2025-03-05,234.716995239258,397.973266601562,208.360000610352,172.223785400391,279.100006103516,117.267921447754,246.476104736328,68.071662902832,95.0699996948242,654.406494140625
2025-03-06,234.308776855469,393.874664306641,200.699996948242,171.556884765625,263.450012207031,110.539764404297,241.586334228516,68.4407653808594,93.7426834106445,625.956115722656
2025-03-07,238.032562255859,390.321868896484,199.25,173.059906005859,262.670013427734,112.659187316895,237.411956787109,69.3829727172852,90.8503799438477,623.693237304688
2025-03-10,226.49284362793,377.271759033203,194.539993286133,165.296829223633,222.149993896484,106.950752258301,227.554077148438,69.4023971557617,86.9873580932617,596.110290527344
2025-03-11,219.881652832031,377.5595703125,196.589996337891,163.473159790039,230.580001831055,108.730262756348,224.53596496582,69.004150390625,86.6109619140625,603.806091308594
2025-03-12,216.038421630859,380.358123779297,198.889999389648,166.532562255859,248.089996337891,115.71900177002,223.320861816406,67.935676574707,84.3921966552734,617.612487792969
2025-03-13,208.770080566406,375.892303466797,193.889999389648,162.197570800781,240.679992675781,115.559028625488,220.665344238281,67.6248474121094,83.6988296508789,588.783386230469
2025-03-14,212.563552856445,385.607940673828,197.949996948242,164.918151855469,249.979995727539,121.647918701172,227.769668579102,67.6737747192383,84.5407638549805,606.228881835938
2025-03-17,213.071365356445,385.746856689453,195.740005493164,163.722290039062,238.009994506836,119.508308410645,229.229721069336,68.6131362915039,86.6307601928711,603.535034179688
2025-03-18,211.767044067383,380.606262207031,192.820007324219,160.114807128906,225.309997558594,115.409049987793,230.248825073242,67.8890380859375,84.7784957885742,581.045837402344
2025-03-19,214.305969238281,384.873565673828,195.539993286133,163.323684692383,235.860000610352,117.498672485352,234.305633544922,67.7911834716797,85.5114822387695,582.742065429688
2025-03-20,213.170913696289,383.901031494141,194.949996948242,162.237457275391,236.259994506836,118.508483886719,234.207656860352,68.2119445800781,84.9964065551758,584.677612304688
2025-03-21,217.322830200195,388.287445068359,196.210006713867,163.423355102539,248.710006713867,117.678634643555,236.775009155273,67.1942977905273,85.3986740112305,594.904541015625
2025-03-24,219.772155761719,390.093597412109,203.259994506836,167.1005859375,278.390014648438,121.387969970703,243.075820922852,67.4682846069336,86.8984603881836,617.453491210938
2025-03-25,222.779037475586,392.157806396484,205.710006713867,169.970626831055,288.140014648438,120.668098449707,246.084121704102,67.3312911987305,84.1869201660156,624.896728515625
2025-03-26,220.568664550781,387.007232666016,201.130004882812,164.489624023438,272.059997558594,113.739356994629,245.986145019531,68.5152893066406,84.6338806152344,609.601257324219
2025-03-27,222.878616333008,387.612579345703,201.360000610352,161.679382324219,273.130004882812,111.409782409668,243.13459777832,69.2198104858398,85.0510406494141,601.22021484375
2025-03-28,216.954406738281,375.922088623047,192.720001220703,153.796722412109,263.549987792969,109.650100708008,237.970504760742,68.8577728271484,84.5742874145508,575.438537597656
2025-03-31,221.166076660156,372.537994384766,190.259994506836,154.105651855469,259.160003662109,108.360328674316,240.371276855469,70.0809097290039,87.1964340209961,575.059448242188
2025-04-01,222.221450805664,379.286346435547,192.169998168945,156.527252197266,268.459991455078,110.130004882812,238.764205932617,70.3255310058594,88.2294006347656,584.677612304688
2025-04-02,222.918426513672,379.236724853516,196.009994506836,156.497344970703,282.760009765625,110.399955749512,240.880844116211,69.7971420288086,89.1531143188477,582.6123046875
2025-04-03,202.308242797852,370.275299072266,178.410003662109,150.199188232422,267.279998779297,101.781524658203,224.095001220703,71.6073837280273,86.6700210571289,530.420349121094
2025-04-04,187.562530517578,357.106140136719,171,145.096893310547,239.429992675781,94.2928848266602,207.324111938477,68.4272232055664,82.6275405883789,503.591064453125
2025-04-07,180.672561645508,355.141174316406,175.259994506836,146.242904663086,233.289993286133,97.6222763061523,211.425643920898,66.900749206543,83.2632064819336,515.085021972656
2025-04-08,171.671783447266,351.866241455078,170.660003662109,144.199981689453,221.860000610352,96.2825241088867,213.821472167969,66.9496688842773,81.2369995117188,509.298156738281
2025-04-09,197.987091064453,387.523254394531,191.100006103516,158.161590576172,272.200012207031,114.30924987793,231.0458984375,68.4467849731445,88.9942016601562,584.448181152344
2025-04-10,189.593658447266,378.452728271484,181.220001220703,152.291931152344,252.399993896484,107.550476074219,223.917541503906,69.239387512207,89.9973678588867,545.057312011719
2025-04-11,197.290130615234,385.498779296875,184.869995117188,156.59700012207,252.309997558594,110.909866333008,232.879745483398,69.8949890136719,92.1725616455078,542.343444824219
2025-04-14,201.641174316406,384.863647460938,182.119995117188,158.520324707031,252.350006103516,110.689903259277,231.420547485352,70.8930587768555,94.0895156860352,530.280639648438
2025-04-15,201.262802124023,382.799438476562,179.589996337891,155.769882202148,254.110000610352,112.179634094238,229.852920532227,70.3157501220703,93.3346481323242,520.343200683594
2025-04-16,193.426971435547,368.786712646484,174.330001831055,152.800170898438,241.550003051758,104.471038818359,226.382400512695,70.1396179199219,90.5734481811523,501.176513671875
2025-04-17,196.125213623047,364.985809326172,172.610000610352,150.637664794922,241.369995117188,101.471572875977,228.699371337891,71.4312438964844,92.5897216796875,500.348388671875
2025-04-21,192.32177734375,356.3916015625,167.320007324219,147.159729003906,227.5,96.8924179077148,225.771102905273,71.206184387207,91.7851943969727,483.566345214844
2025-04-22,198.873245239258,364.033111572266,173.179992675781,150.946594238281,237.970001220703,98.8720474243164,232.278335571289,72.3119049072266,94.2086944580078,499.151092529297
2025-04-23,203.712142944336,371.545623779297,180.600006103516,154.813201904297,250.740005493164,102.691360473633,237.49397277832,71.7248001098633,94.3179550170898,519.096008300781
2025-04-24,207.465759277344,384.357513427734,186.539993286133,158.729598999023,259.510009765625,106.410682678223,241.201110839844,70.9615631103516,95.1920013427734,531.946960449219
2025-04-25,208.371826171875,388.872955322266,188.990005493164,161.400360107422,284.950012207031,110.989860534668,240.126449584961,70.3646850585938,94.4470672607422,546.035095214844
2025-04-28,209.228103637695,388.188232421875,187.699996948242,160.054992675781,285.880004882812,108.710273742676,239.801086425781,70.2472534179688,94.5762023925781,548.49951171875
2025-04-29,210.29345703125,391.046295166016,187.389999389648,159.606582641602,292.029998779297,109.000213623047,241.181396484375,70.7952117919922,95.3906631469727,553.188903808594
2025-04-30,211.577865600586,392.257049560547,184.419998168945,158.251266479492,282.160003662109,108.900230407715,241.181396484375,70.9909286499023,96.5924758911133,547.761169433594
2025-05-01,212.394302368164,422.168029785156,190.199996948242,160.742645263672,280.519989013672,111.589744567871,243.419479370117,69.7579879760742,96.7513961791992,570.918762207031
2025-05-02,204.458892822266,431.972991943359,189.979995727539,163.46321105957,287.209991455078,114.479225158691,248.960479736328,70.1102600097656,98.0823364257812,595.6728515625
2025-05-05,198.026916503906,432.856201171875,186.350006103516,163.642578125,280.260009765625,113.799346923828,249.009796142578,70.1591873168945,98.6584091186523,597.917724609375
2025-05-06,197.648559570312,430.017944335938,185.009994506836,162.665954589844,275.350006103516,113.519401550293,245.746307373047,70.1787490844727,97.8836822509766,585.984741210938
2025-05-07,195.398361206055,430.057647705078,188.710006713867,150.85693359375,276.220001220703,117.038757324219,245.884353637695,70.8441467285156,98.1617889404297,595.463256835938
2025-05-08,196.632995605469,434.841033935547,192.080001831055,153.746887207031,284.820007324219,117.348709106445,249.906997680664,69.6405715942383,96.7712554931641,596.660583496094
2025-05-09,197.668487548828,435.396759033203,193.059997558594,152.222183227539,298.260009765625,116.628829956055,249.522491455078,69.0045394897461,96.2983322143555,591.153076171875
2025-05-12,210.150482177734,445.846771240234,208.639999389648,157.912460327148,318.380004882812,122.977684020996,256.394500732422,68.0358200073242,96.3282012939453,637.987060546875
2025-05-13,212.283996582031,445.727722167969,211.369995117188,158.978744506836,334.070007324219,129.90641784668,259.312896728516,67.4780654907227,95.4619827270508,654.549682617188
2025-05-14,211.685821533203,449.498809814453,210.25,164.798553466797,347.679992675781,135.3154296875,261.905944824219,67.6737747192383,96.407844543457,657.8720703125
2025-05-15,210.808502197266,450.512908935547,205.169998168945,163.393447875977,342.820007324219,134.805526733398,263.729919433594,70.0711212158203,95.929931640625,642.427062988281
2025-05-16,210.619079589844,451.646362304688,205.589996337891,165.61572265625,349.980010986328,135.375427246094,263.798919677734,70.4527359008789,97.8116912841797,638.895080566406
2025-05-19,208.146591186523,456.219757080078,206.160003662109,165.964508056641,342.089996337891,135.545394897461,261.156616210938,70.3842391967773,97.6922225952148,638.98486328125
2025-05-20,206.232421875,455.523834228516,204.070007324219,163.413360595703,343.820007324219,134.355606079102,261.945343017578,70.1494064331055,97.3736267089844,635.662353515625
2025-05-21,201.476898193359,449.956146240234,201.119995117188,167.9775390625,334.619995117188,131.776077270508,257.370574951172,70.3059692382812,96.0095901489258,634.065979003906
2025-05-22,200.749114990234,452.232940673828,203.100006103516,170.279556274414,341.040008544922,132.805892944336,257.005798339844,69.6112213134766,95.5117645263672,635.133544921875
2025-05-23,194.67756652832,447.579956054688,200.990005493164,167.887847900391,339.339996337891,131.266174316406,257.045227050781,70.2276763916016,95.9199829101562,625.64501953125
2025-05-27,199.602600097656,458.029235839844,206.020004272461,172.302551269531,362.890014648438,135.475402832031,261.560852050781,70.2374649047852,97.1545791625977,640.870544433594
2025-05-28,199.811965942383,454.718475341797,204.720001220703,171.764404296875,356.899993896484,134.785537719727,259.7861328125,69.6210021972656,96.8160552978516,642.127746582031
2025-05-29,199.343368530273,456.030883789062,205.699996948242,171.266143798828,358.429992675781,139.164749145508,260.653778076172,69.9537048339844,96.6766662597656,643.594421386719
2025-05-30,200.240661621094,457.701141357422,205.009994506836,171.146560668945,346.459991455078,135.105484008789,260.288970947266,70.5505905151367,98.2896041870117,646.028869628906
2025-06-02,201.088073730469,459.301879882812,206.649993896484,168.445938110352,342.690002441406,137.355072021484,260.939697265625,70.4527359008789,99.3350219726562,669.386108398438
2025-06-03,202.6533203125,460.296081542969,205.710006713867,165.605758666992,344.269989013672,141.194366455078,262.527038574219,69.6307907104492,99.5441131591797,665.345153808594
2025-06-04,202.204681396484,461.190856933594,207.229995727539,167.469314575195,332.049987792969,141.894241333008,260.505889892578,69.8362808227539,98.9168548583984,686.397583007812
2025-06-05,200.02131652832,464.978851318359,207.910003662109,167.628753662109,284.700012207031,139.964599609375,258.267822265625,69.3861694335938,97.5329208374023,683.075073242188
2025-06-06,203.301330566406,467.663269042969,213.570007324219,173.079849243164,295.140014648438,141.694274902344,261.994659423828,69.8167037963867,97.0450592041016,696.135620117188
2025-06-09,200.838821411133,470.019622802734,216.979995727539,175.693954467773,308.579986572266,142.604125976562,262.990447998047,70.2276763916016,97.0251388549805,692.493835449219
2025-06-10,202.055130004883,468.2001953125,217.610000610352,178.198333740234,326.089996337891,143.933883666992,264.824340820312,70.7952117919922,96.8957138061523,700.815002441406
2025-06-11,198.17692565918,469.890350341797,213.199996948242,176.951126098633,326.429992675781,142.813995361328,264.380645751953,70.5212326049805,95.3823394775391,692.573669433594
2025-06-12,198.595657348633,476.104278564453,213.240005493164,175.304840087891,319.109985351562,144.983749389648,264.469360351562,70.6875762939453,94.4165649414062,691.79541015625
2025-06-13,195.85400390625,472.216827392578,212.100006103516,174.277160644531,325.309997558594,141.954086303711,261.225616455078,69.9878921508789,94.0282669067383,681.3291015625
2025-06-16,197.818023681641,476.372711181641,216.100006103516,176.372436523438,329.130004882812,144.673782348633,266.559539794922,69.4951629638672,93.8789138793945,701.074645996094
2025-06-17,195.046463012695,475.279052734375,214.820007324219,175.554275512695,316.350006103516,144.10383605957,265.731353759766,68.6082458496094,93.8390960693359,696.19189453125
2025-06-18,195.983596801758,477.466339111328,212.520004272461,172.930206298828,322.049987792969,145.463684082031,270.108978271484,68.2042007446289,94.6754302978516,694.734130859375
2025-06-20,200.390213012695,474.642730712891,209.690002441406,166.265213012695,322.160003662109,143.833877563477,271.134338378906,67.8395767211914,95.7009506225586,681.334045410156
2025-06-23,200.888671875,483.193084716797,208.470001220703,164.818466186523,348.679992675781,144.153839111328,274.3583984375,68.7264938354492,97.4433135986328,697.490051269531
2025-06-24,199.692306518555,487.279296875,212.770004272461,166.394943237305,340.470001220703,147.883407592773,277.306365966797,69.1896743774414,97.5727462768555,711.1396484375
2025-06-25,200.948486328125,489.426879882812,211.990005493164,170.296127319336,327.549987792969,154.292709350586,280.066986083984,68.6180953979492,96.8359756469727,707.624877929688
2025-06-26,200.390213012695,494.576965332031,217.119995117188,173.149703979492,325.779998779297,155.002624511719,284.691040039062,68.4604263305664,95.6013717651367,725.008972167969
2025-06-27,200.469970703125,493.07568359375,223.300003051758,178.128479003906,323.630004882812,157.732315063477,283.074096679688,69.3079299926758,96.8459243774414,732.537719726562
2025-06-30,204.54753112793,494.537200927734,219.389999389648,175.833648681641,317.660003662109,157.972305297852,285.834747314453,69.7218246459961,97.3537063598633,736.991149902344
2025-07-01,207.189514160156,489.208129882812,220.460006713867,175.444519042969,300.709991455078,153.282836914062,286.327697753906,70.6284484863281,97.8116912841797,718.149169921875
2025-07-02,211.795486450195,488.253692626953,219.919998168945,178.238235473633,315.649993896484,157.232376098633,287.895416259766,69.8795013427734,97.184440612793,712.507568359375
2025-07-03,212.902114868164,495.958923339844,223.410003662109,179.126235961914,315.350006103516,159.322143554688,293.2451171875,70.313102722168,97.9311752319336,717.939514160156
2025-07-07,209.313049316406,494.845397949219,223.470001220703,176.392379760742,293.940002441406,158.222274780273,289.252624511719,69.9780426025391,98.9168548583984,717.280456542969
2025-07-08,209.372848510742,493.751708984375,219.360000610352,173.967849731445,297.809997558594,159.982070922852,280.148162841797,69.2192306518555,96.6667098999023,719.596984863281
2025-07-09,210.499435424805,500.601959228516,222.539993286133,176.222778320312,295.880004882812,162.861755371094,280.524627685547,68.4702835083008,96.3879318237305,731.689025878906
2025-07-10,211.765579223633,498.583679199219,222.259994506836,177.220520019531,309.869995117188,164.081619262695,285.507843017578,68.7560653686523,94.4464340209961,726.1572265625
2025-07-11,210.519378662109,500.413055419922,225.020004272461,179.784744262695,313.510009765625,164.901519775391,284.190155029297,68.8546142578125,93.9884414672852,716.441772460938
2025-07-14,207.987060546875,500.114776611328,225.690002441406,181.151657104492,316.899993896484,164.051620483398,286.013092041016,68.4604263305664,95.362419128418,719.846618652344
2025-07-15,208.4755859375,502.898620605469,226.350006103516,181.590667724609,310.779998779297,170.680862426758,283.883087158203,68.3520278930664,94.97412109375,709.332397460938
2025-07-16,209.522399902344,502.699768066406,223.190002441406,182.558486938477,321.670013427734,171.350799560547,283.159881591797,68.2633285522461,94.7351684570312,701.863403320312
2025-07-17,209.382827758789,508.744659423828,223.880004882812,183.167114257812,319.410003662109,172.980621337891,287.201904296875,69.5641403198242,94.6754302978516,700.365661621094
2025-07-18,210.539306640625,507.104187011719,226.130004882812,184.643783569336,329.649993896484,172.390686035156,288.559143066406,68.8348999023438,94.635612487793,703.2314453125
2025-07-21,211.835357666016,507.114105224609,229.300003051758,189.672454833984,328.489990234375,171.360809326172,288.261962890625,69.0517044067383,95.2528991699219,711.908447265625
2025-07-22,213.749526977539,502.351776123047,227.470001220703,190.90966796875,332.109985351562,167.011291503906,288.717651367188,68.6476669311523,95.4321136474609,703.760620117188
2025-07-23,213.500289916992,502.948303222656,228.289993286133,189.802169799805,332.559997558594,170.760864257812,293.998077392578,68.1549377441406,95.2628631591797,712.517578125
2025-07-24,213.111480712891,507.929382324219,232.229995727539,191.737777709961,305.299987792969,173.72053527832,293.789978027344,68.0958023071289,96.1788482666016,713.735778808594
2025-07-25,213.231109619141,510.743072509766,231.440002441406,192.745513916016,316.059997558594,173.480560302734,295.840728759766,68.1647872924805,97.0450592041016,711.618896484375
2025-07-28,213.400619506836,509.540008544922,232.789993286133,192.146881103516,325.589996337891,176.730194091797,295.50390625,67.1004791259766,97.184440612793,716.561584472656
2025-07-29,210.629043579102,509.609619140625,231.009994506836,195.309753417969,321.200012207031,175.490325927734,294.275482177734,68.3717346191406,97.9013061523438,698.957763671875
2025-07-30,208.415786743164,510.275726318359,230.190002441406,196.087997436523,319.040008544922,179.249923706055,296.841339111328,67.7508926391602,97.1645355224609,694.174926757812
2025-07-31,206.94026184082,530.418701171875,234.110000610352,191.468399047852,308.269989013672,177.850067138672,293.482879638672,66.9033889770508,97.5528411865234,772.288452148438
2025-08-01,201.766006469727,521.082946777344,214.75,188.704650878906,302.630004882812,173.700531005859,286.676849365234,67.8592910766602,98.0606079101562,748.893371582031
2025-08-04,202.73307800293,532.546447753906,211.649993896484,194.601333618164,309.260009765625,179.979827880859,291.521331787109,67.9578399658203,99.1558074951172,775.214111328125
2025-08-05,202.30436706543,524.701965332031,213.75,194.232162475586,308.720001220703,178.240020751953,288.658203125,68.0465316772461,98.8770294189453,762.323303222656
2025-08-06,212.60302734375,521.908203125,222.309997558594,195.648986816406,319.910003662109,179.399887084961,288.638427734375,68.4998474121094,102.909378051758,770.840637207031
2025-08-07,219.362457275391,517.831909179688,223.130004882812,196.078018188477,322.269989013672,180.749740600586,284.269470214844,69.4064788818359,102.670425415039,760.695739746094
2025-08-08,228.654174804688,519.02490234375,222.690002441406,200.966979980469,329.649993896484,182.67951965332,286.072509765625,69.3177795410156,103.277763366699,768.154663085938
2025-08-11,226.747802734375,518.756469726562,221.300003051758,200.547943115234,339.029998779297,182.039596557617,286.865051269531,69.7218246459961,103.476890563965,764.729736328125
2025-08-12,229.213104248047,526.183349609375,221.470001220703,202.882675170898,340.839996337891,183.13948059082,290.124450683594,69.6824035644531,103.168251037598,788.823791503906
2025-08-13,232.886123657227,517.573425292969,224.559997558594,201.505783081055,339.380004882812,181.569641113281,287.826049804688,69.43603515625,100.549705505371,778.918640136719
2025-08-14,232.337158203125,519.46240234375,230.979995727539,202.48356628418,335.579986572266,181.999603271484,291.422241210938,68.5392608642578,100.410316467285,780.965515136719
2025-08-15,231.1494140625,517.165710449219,231.029998779297,203.44140625,330.559997558594,180.429779052734,287.786407470703,68.9038848876953,99.7965698242188,784.060913085938
2025-08-18,230.450759887695,514.113403320312,231.490005493164,203.04231262207,335.160003662109,181.989593505859,288.816741943359,68.1253662109375,100.495140075684,766.227478027344
2025-08-19,230.121383666992,506.825805664062,228.009994506836,201.116668701172,329.309997558594,175.620315551758,287.954833984375,69.1108322143555,101.083946228027,750.361145019531
2025-08-20,225.580032348633,502.799224853516,223.809997558594,198.871719360352,323.899993896484,175.380340576172,289.520141601562,69.6725463867188,102.361343383789,746.606750488281
2025-08-21,224.472152709961,502.15185546875,221.949996948242,199.300750732422,320.109985351562,174.960388183594,288.757293701172,69.6331329345703,97.7607192993164,737.999572753906
2025-08-22,227.326705932617,505.129516601562,228.839996337891,205.626480102539,340.010009765625,177.970062255859,293.482879638672,69.1108322143555,96.6330184936523,753.666198730469
2025-08-25,226.727844238281,502.171813964844,227.940002441406,208.021102905273,346.600006103516,179.789855957031,292.155364990234,67.9282760620117,95.8745651245117,752.178405761719
2025-08-26,228.873764038086,499.960998535156,228.710006713867,206.674133300781,351.670013427734,181.749633789062,295.791229248047,67.7311859130859,95.854606628418,752.977233886719
2025-08-27,230.051528930664,504.641540527344,229.119995117188,207.013366699219,349.600006103516,181.579650878906,296.494598388672,67.8297271728516,95.8845443725586,746.267272949219
2025-08-28,232.117584228516,507.529541015625,231.600006103516,211.164001464844,345.980010986328,180.149810791016,298.267974853516,67.3665542602539,95.9144821166992,749.99169921875
2025-08-29,231.698379516602,504.591735839844,229,212.43115234375,333.869995117188,174.16047668457,298.614685058594,67.9873962402344,96.78271484375,737.600219726562
2025-09-02,229.282989501953,503.028228759766,225.339996337891,210.87467956543,329.359985351562,170.760864257812,296.910705566406,68.0563812255859,97.6509399414062,734.015502929688
2025-09-03,238.016342163086,503.257293701172,225.990005493164,230.141235351562,334.089996337891,170.600891113281,296.722473144531,67.9873962402344,99.2377090454102,735.95263671875
2025-09-04,239.323837280273,505.866455078125,235.679992675781,231.777542114258,338.529998779297,171.640777587891,300.992370605469,67.2581558227539,100.724678039551,747.535400390625
2025-09-05,239.234008789062,492.950164794922,232.330001831055,234.471466064453,350.839996337891,167.00129699707,291.640197753906,66.9723739624023,100.305534362793,751.329711914062
2025-09-08,237.427459716797,496.136901855469,235.839996337891,233.722473144531,346.399993896484,168.291137695312,290.183868408203,66.4500732421875,102.071929931641,751.179870605469
2025-09-09,233.904174804688,496.346008300781,238.240005493164,239.304901123047,346.970001220703,170.740859985352,295.077911376953,66.8738250732422,102.081909179688,764.559997558594
2025-09-10,226.358551025391,498.297912597656,230.330001831055,238.845520019531,347.790008544922,177.310134887695,297.742889404297,66.8344039916992,100.205741882324,750.860412597656
2025-09-11,229.592391967773,498.935272216797,229.949996948242,240.043899536133,368.809997558594,177.160140991211,302.716156005859,66.6373138427734,102.441177368164,749.782043457031
2025-09-12,233.624710083008,507.788452148438,228.149993896484,240.47331237793,395.940002441406,177.810104370117,304.053588867188,66.0361785888672,103.27946472168,754.465026855469
2025-09-15,236.249694824219,513.225830078125,231.429992675781,251.268646240234,410.040008544922,177.740097045898,306.025054931641,65.7481994628906,103.479064941406,763.561462402344
2025-09-16,237.69694519043,506.932006835938,234.050003051758,250.819259643555,421.619995117188,174.870269775391,306.312377929688,65.7779846191406,103.209609985352,777.840148925781
2025-09-17,238.535354614258,507.907928466797,231.619995117188,249.191467285156,425.859985351562,170.280517578125,308.848541259766,66.5724105834961,104.057876586914,774.565063476562
2025-09-18,237.427459716797,506.344451904297,231.229995727539,251.688079833984,416.850006103516,176.230194091797,310.314788818359,65.996452331543,103.38924407959,779.088317871094
2025-09-19,245.032958984375,515.785217285156,231.479995727539,254.374435424805,426.070007324219,176.66015625,311.850341796875,65.9666595458984,102.12183380127,777.221069335938
2025-09-22,255.592819213867,512.319641113281,227.630004882812,252.187408447266,434.209991455078,183.59977722168,309.532135009766,65.7481994628906,102.610832214355,764.536437988281
2025-09-23,253.94596862793,507.121246337891,220.710006713867,251.318588256836,425.850006103516,178.420059204102,309.829315185547,66.2447128295898,102.31143951416,754.784423828125
2025-09-24,251.830001831055,508.037384033203,220.210006713867,246.804718017578,442.790008544922,176.960144042969,310.503021240234,65.9865188598633,102.521018981934,760.040100097656
2025-09-25,256.381317138672,504.930328369141,218.149993896484,245.456527709961,423.390014648438,177.680114746094,310.532745361328,65.5198059082031,102.840370178223,748.299682617188
2025-09-26,254.974014282227,509.341949462891,219.779998779297,246.205520629883,440.399993896484,178.180084228516,313.118438720703,65.2119598388672,102.950141906738,743.143920898438
2025-09-29,253.94596862793,512.468933105469,222.169998168945,243.718902587891,443.209991455078,181.839889526367,312.751892089844,65.5793838500977,102.870307922363,742.794189453125
2025-09-30,254.145599365234,515.805114746094,219.570007324219,242.770202636719,444.720001220703,186.569610595703,312.494293212891,65.8574295043945,102.850341796875,733.781555175781
2025-10-01,254.96403503418,517.557800292969,220.630004882812,244.567749023438,459.459991455078,187.229583740234,307.818206787109,66.3142242431641,101.752578735352,716.755432128906
2025-10-02,256.640838623047,513.604187011719,222.410003662109,245.356689453125,436,188.879486083984,304.687622070312,65.6389617919922,101.493110656738,726.45751953125
2025-10-03,257.529144287109,515.20751953125,219.509994506836,245.017135620117,429.829986572266,187.60954284668,307.14453125,66.1851272583008,101.862358093262,709.98095703125
2025-10-06,256.20166015625,526.381164550781,220.899993896484,250.090240478516,453.25,185.529663085938,307.791625976562,65.6389617919922,102.491073608398,715.076782226562
2025-10-07,255.992095947266,521.810119628906,221.779998779297,245.426574707031,433.089996337891,185.029693603516,306.308319091797,66.3241500854492,103.029975891113,712.498901367188
2025-10-08,257.569091796875,522.676513671875,225.220001220703,244.288131713867,438.690002441406,189.099472045898,302.664764404297,65.6588287353516,102.690673828125,717.255065917969
2025-10-09,253.556701660156,520.236694335938,227.740005493164,241.20231628418,435.540008544922,192.559280395508,304.158020019531,65.9070816040039,101.562965393066,732.912231445312
2025-10-10,244.803405761719,508.844055175781,216.369995117188,236.249053955078,413.489990234375,183.149810791016,299.538879394531,66.5724105834961,101.632820129395,704.725219726562
2025-10-13,247.188858032227,511.921264648438,220.070007324219,243.818771362305,435.899993896484,188.309524536133,306.587066650391,66.3340835571289,101.912261962891,715.116760253906
2025-10-14,247.298645019531,511.443206787109,216.389999389648,245.117004394531,429.239990234375,180.019973754883,300.723510742188,67.0391311645508,106.991897583008,708.072509765625
2025-10-15,248.865661621094,511.303833007812,215.570007324219,250.689437866211,435.149993896484,179.81999206543,304.317291259766,66.6121292114258,108.808197021484,716.965270996094
2025-10-16,246.979263305664,509.491333007812,214.470001220703,251.118850708008,428.75,181.799880981445,297.199401855469,67.1185684204102,106.253410339355,711.48974609375
2025-10-17,251.810028076172,511.453216552734,213.039993286133,252.956359863281,439.309997558594,183.209808349609,296.223815917969,67.962646484375,107.510848999023,716.335754394531
2025-10-20,261.741119384766,514.649841308594,216.479995727539,256.201934814453,447.429992675781,182.629837036133,301.002227783203,67.962646484375,106.832229614258,731.573303222656
2025-10-21,262.270080566406,515.516296386719,222.029998779297,250.120208740234,442.600006103516,181.149917602539,295.755920410156,70.7232513427734,106.003913879395,732.672485351562
2025-10-22,257.958343505859,518.384338378906,217.949996948242,251.348541259766,438.970001220703,180.269958496094,292.789276123047,70.3161087036133,106.92204284668,732.812316894531
2025-10-23,259.086151123047,518.404296875,221.089996337891,252.73664855957,448.980010986328,182.149856567383,293.217376708984,69.4521865844727,106.642616271973,733.40185546875
2025-10-24,262.320037841797,521.441650390625,224.210006713867,259.567413330078,433.720001220703,186.249618530273,299.090881347656,69.2237854003906,105.95401763916,737.75830078125
2025-10-27,268.298614501953,529.318969726562,226.970001220703,268.904663085938,452.420013427734,191.479339599609,302.784210205078,69.5713424682617,104.257476806641,750.208129882812
2025-10-28,268.488250732422,539.8251953125,229.25,267.107147216797,460.549987792969,201.018814086914,303.98876953125,69.670654296875,102.960121154785,750.82763671875
2025-10-29,269.186920166016,539.307312011719,230.300003051758,274.197509765625,461.510009765625,207.028472900391,304.138122558594,67.8732681274414,102.251564025879,751.057434082031
2025-10-30,270.883666992188,523.582763671875,222.860000610352,281.09814453125,440.100006103516,202.878707885742,308.050476074219,68.4988784790039,102.022033691406,665.926879882812
2025-10-31,269.855651855469,515.665649414062,244.220001220703,280.808532714844,456.559997558594,202.478729248047,309.722900390625,68.41943359375,100.974166870117,647.821655273438
2025-11-03,268.538146972656,514.888916015625,254,283.335083007812,468.369995117188,206.86848449707,307.960876464844,67.4959259033203,101.383331298828,637.190368652344
2025-11-04,269.526275634766,512.200134277344,249.320007324219,277.163482666016,444.260009765625,198.678939819336,307.861328125,68.1811141967773,102.061950683594,626.808776855469
2025-11-05,269.626098632812,505.059783935547,250.199996948242,283.924285888672,462.070007324219,195.199142456055,310.280395507812,68.0321578979492,101.263580322266,635.431762695312
2025-11-06,269.256774902344,495.041442871094,243.039993286133,284.363708496094,445.910003662109,188.069534301758,312.012603759766,68.5783157348633,101.473152160645,618.435607910156
2025-11-07,267.959259033203,494.762603759766,244.410003662109,278.451690673828,429.519989013672,188.139526367188,312.799041748047,70.0579299926758,102.381294250488,621.203369140625
2025-11-10,269.178131103516,503.904602050781,248.399993896484,289.706420898438,445.230010986328,199.038925170898,315.467010498047,70.0281295776367,102.211647033691,631.245178222656
2025-11-11,274.99267578125,506.573486328125,249.100006103516,290.914764404297,439.619995117188,193.14924621582,314.202697753906,71.1105346679688,103.22957611084,626.569030761719
2025-11-12,273.21435546875,509.023315429688,244.199996948242,286.321014404297,430.600006103516,193.789215087891,318.97119140625,71.01123046875,103.22957611084,608.513732910156
2025-11-13,272.694854736328,501.205810546875,237.580001831055,278.192077636719,401.989990234375,186.849594116211,308.090301513672,70.5743026733398,102.331405639648,609.393005371094
2025-11-14,272.155334472656,508.067291259766,234.690002441406,276.035003662109,404.350006103516,190.159408569336,302.246612548828,70.6636734008789,102.271530151367,608.96337890625
2025-11-17,267.2099609375,505.388427734375,232.869995117188,284.63330078125,408.920013427734,186.589614868164,299.021179199219,70.1870193481445,102.740562438965,601.519409179688
2025-11-18,267.190002441406,491.745178222656,222.550003051758,283.894317626953,401.25,181.349899291992,298.065490722656,70.7232513427734,101.183738708496,597.202941894531
2025-11-19,268.308929443359,485.102783203125,222.690002441406,292.412750244141,403.989990234375,186.509613037109,301.908142089844,70.6140213012695,100.405326843262,589.838928222656
2025-11-20,266.001098632812,477.340484619141,217.139999389648,289.057312011719,395.230010986328,180.629943847656,297.040130615234,70.7133255004883,106.892105102539,588.669921875
2025-11-21,271.236175537109,471.044860839844,220.690002441406,299.253448486328,391.089996337891,178.870040893555,296.681732177734,72.4411849975586,105.105743408203,593.765747070312
2025-11-24,275.662078857422,472.920593261719,226.279998779297,318.147766113281,417.779998779297,182.539840698242,296.661834716797,72.0836944580078,103.848304748535,612.550415039062
2025-11-25,276.711090087891,475.903747558594,229.669998168945,323.001190185547,419.399993896484,177.810104370117,301.639373779297,72.1035614013672,106.782325744629,635.701477050781
2025-11-26,277.29052734375,484.394378662109,229.160003662109,319.515960693359,426.579986572266,180.249954223633,306.258544921875,72.3716735839844,108.878059387207,633.093627929688
2025-11-28,278.589324951172,490.889587402344,233.220001220703,319.74560546875,430.170013427734,176.990142822266,311.674102783203,72.6100006103516,110.285194396973,647.421997070312
2025-12-01,282.835357666016,485.631561279297,233.880004882812,314.462799072266,430.140014648438,179.90998840332,307.532806396484,71.9499969482422,111.303115844727,640.347717285156
2025-12-02,285.922454833984,488.884155273438,234.419998168945,315.381530761719,429.239990234375,181.449905395508,306.497467041016,70.6699981689453,112.181327819824,646.572631835938
2025-12-03,283.884368896484,476.64208984375,232.380004882812,319.196380615234,446.739990234375,179.580001831055,310.728393554688,70.8099975585938,114.177261352539,639.078735351562
2025-12-04,280.437591552734,479.744995117188,229.110000610352,317.189086914062,454.529998779297,183.380004882812,314.680572509766,70.4499969482422,114.606376647949,660.990966796875
2025-12-05,278.519378662109,482.059722900391,229.529998779297,320.834106445312,455,182.410003662109,313.625335693359,70,114.875831604004,672.871215820312
2025-12-08,277.630218505859,489.901824951172,226.889999389648,313.499328613281,439.579986572266,185.550003051758,313.794555664062,70.25,113.328979492188,666.256591796875
2025-12-09,276.920867919922,490.899536132812,227.919998168945,316.85693359375,445.170013427734,184.970001220703,299.160583496094,70.0899963378906,114.825927734375,656.424682617188
2025-12-10,278.519378662109,477.470184326172,231.779998779297,319.984741210938,451.450012207031,183.779998779297,308.717437744141,70.2099990844727,112.949760437012,649.600219726562
2025-12-11,277.770080566406,482.369018554688,230.279998779297,312.210205078125,446.890014648438,180.929992675781,315.954803466797,69.1100006103516,115.284996032715,652.178100585938
2025-12-12,278.019866943359,477.440277099609,226.190002441406,309.072448730469,458.959991455078,175.020004272461,317.089691162109,70.5199966430664,116.699996948242,643.705017089844
2025-12-15,273.853729248047,473.738708496094,222.539993286133,308.003173828125,475.309997558594,176.289993286133,318.582946777344,70.9700012207031,116.790000915527,647.510009765625
2025-12-16,274.353271484375,475.305145263672,222.559997558594,306.354339599609,489.880004882812,177.720001220703,314.133026123047,70.370002746582,115.419998168945,657.150024414062
2025-12-17,271.585876464844,475.035736083984,221.270004272461,296.511260986328,467.260009765625,170.940002441406,313.565582275391,70.6699981689453,115.660003662109,649.5
2025-12-18,271.935546875,482.877868652344,226.759994506836,302.247222900391,483.369995117188,174.139999389648,311.594482421875,70.3600006103516,114.830001831055,664.450012207031
2025-12-19,273.414184570312,484.813446044922,227.350006103516,306.943939208984,481.200012207031,180.990005493164,315.785552978516,70.0599975585938,114.360000610352,658.77001953125
2025-12-22,270.716674804688,483.815734863281,228.429992675781,309.562072753906,488.730010986328,183.690002441406,321.63916015625,70.2099990844727,112.599998474121,661.5
2025-12-23,272.105377197266,485.741333007812,232.139999389648,314.128875732422,485.559997558594,189.210006713867,324.466400146484,69.870002746582,110.900001525879,664.940002441406
2025-12-24,273.554016113281,486.908630371094,232.380004882812,313.869049072266,485.399993896484,188.610000610352,327.691864013672,70.1100006103516,111.610000610352,667.549987792969
2025-12-26,273.144409179688,486.599365234375,232.520004272461,313.289459228516,475.190002441406,190.529998779297,326.437530517578,69.870002746582,111.73999786377,663.289978027344
2025-12-29,273.504089355469,485.990753173828,232.070007324219,313.339416503906,459.640014648438,188.220001220703,322.296203613281,70.1600036621094,112.529998779297,658.690002441406
2025-12-30,272.82470703125,486.369903564453,232.529998779297,313.629241943359,454.429992675781,187.539993286133,321.967712402344,70.0699996948242,111.919998168945,665.950012207031
2025-12-31,271.605834960938,482.518676757812,230.820007324219,312.779815673828,449.720001220703,186.5,320.773071289062,69.9100036621094,111.410003662109,660.090026855469
2026-01-02,270.756652832031,471.863006591797,226.5,314.928314208984,438.070007324219,188.850006103516,324.018432617188,69.120002746582,112.76000213623,650.409973144531
2026-01-05,267.010162353516,471.773193359375,233.059997558594,316.317352294922,451.670013427734,188.119995117188,332.540008544922,67.9400024414062,112.709999084473,658.789978027344
2026-01-06,262.114715576172,477.420318603516,240.929992675781,314.118865966797,432.959991455078,187.240005493164,334.609985351562,67.8399963378906,114.339996337891,660.619995117188
2026-01-07,260.086608886719,482.369018554688,241.559997558594,321.753509521484,431.410003662109,189.110000610352,326.989990234375,67.5400009155273,112.720001220703,648.690002441406
2026-01-08,258.7978515625,477.021209716797,246.289993286133,325.211059570312,435.799987792969,185.039993286133,329.790008544922,69.370002746582,113.069999694824,646.059997558594
2026-01-09,259.127532958984,478.188568115234,247.380004882812,328.3388671875,445.010009765625,184.860000610352,329.190002441406,70.5100021362305,114.529998779297,653.059997558594
2026-01-12,260.006713867188,476.093322753906,246.470001220703,331.626525878906,448.959991455078,184.940002441406,324.489990234375,70.5,117.970001220703,641.969970703125
2026-01-13,260.805938720703,469.598175048828,242.600006103516,335.733673095703,447.200012207031,185.809997558594,310.899993896484,71.2399978637695,120.360000610352,631.090026855469
2026-01-14,259.716979980469,458.333892822266,236.649993896484,335.603759765625,439.200012207031,183.139999389648,307.869995117188,71.4400024414062,120.040000915527,615.52001953125
2026-01-15,257.968597412109,455.620086669922,238.179992675781,332.5458984375,438.570007324219,187.050003051758,309.260009765625,70.4800033569336,119.199996948242,620.799987792969
2026-01-16,255.291122436523,458.812774658203,239.119995117188,329.767852783203,437.5,186.229995727539,312.470001220703,70.4400024414062,119.699996948242,620.25
2026-01-20,246.469375610352,453.484924316406,231,321.773498535156,419.25,178.070007324219,302.739990234375,71.75,118.709999084473,604.119995117188
2026-01-21,247.418487548828,443.0986328125,231.309997558594,328.149017333984,431.440002441406,183.320007324219,302.040008544922,72.0100021362305,119.360000610352,612.960021972656
2026-01-22,248.11784362793,450.112640380859,234.339996337891,330.307495117188,449.359985351562,184.839996337891,303.630004882812,71.870002746582,117.830001831055,647.630004882812
2026-01-23,247.808120727539,464.888916015625,239.160003662109,327.699310302734,449.059997558594,187.669998168945,297.720001220703,72.879997253418,117.730003356934,658.760009765625
2026-01-26,255.171234130859,469.209045410156,238.419998168945,333.025573730469,435.200012207031,186.470001220703,301.040008544922,72.5599975585938,117.639999389648,672.359985351562
2026-01-27,258.028533935547,479.485595703125,244.679992675781,334.314636230469,430.899993896484,188.520004272461,300.309997558594,73.5500030517578,116.940002441406,672.969970703125
2026-01-28,256.200286865234,480.533203125,243.009994506836,335.773651123047,431.459991455078,191.520004272461,300.769989013672,73.0599975585938,116.569999694824,668.72998046875
2026-01-29,258.038543701172,432.512817382812,241.729995727539,338.012054443359,416.559997558594,192.509994506836,306.420013427734,73.4300003051758,117.410003662109,738.309997558594
2026-01-30,259.237426757812,429.310119628906,239.300003051758,337.762237548828,430.410003662109,191.130004882812,305.890014648438,74.8099975585938,119.139999389648,716.5
2026-02-02,269.757598876953,422.405883789062,242.960006713867,343.4482421875,421.809997558594,185.610000610352,308.140014648438,75.3300018310547,124.059997558594,706.409973144531
2026-02-03,269.228088378906,410.273559570312,238.619995117188,339.471008300781,421.959991455078,180.339996337891,314.850006103516,76.8899993896484,127.709999084473,691.700012207031
2026-02-04,276.231506347656,413.246795654297,232.990005493164,332.805725097656,406.010009765625,174.190002441406,317.269989013672,77.3499984741211,128,668.989990234375
2026-02-05,275.652069091797,392.773529052734,222.690002441406,331.016967773438,397.209991455078,171.880004882812,310.160003662109,78.5100021362305,126.940002441406,670.210021972656
2026-02-06,277.859985351562,400.226501464844,210.320007324219,322.632873535156,411.109985351562,185.410003662109,322.399993896484,79.0299987792969,131.179992675781,661.460021972656
2026-02-09,274.619995117188,412.658142089844,208.720001220703,324.091857910156,417.320007324219,190.039993286133,322.100006103516,77.9700012207031,129.020004272461,677.219970703125
2026-02-10,273.679992675781,412.328857421875,206.960006713867,318.355865478516,425.209991455078,188.539993286133,318.279998779297,76.8099975585938,126.699996948242,670.719970703125
2026-02-11,275.5,403.449127197266,204.080001831055,310.741241455078,428.269989013672,190.050003051758,310.820007324219,78.5999984741211,128.770004272461,668.690002441406
2026-02-12,261.730010986328,400.924896240234,199.600006103516,308.782623291016,417.070007324219,186.940002441406,302.640014648438,79,133.639999389648,649.809997558594
2026-02-13,255.779998779297,400.406097412109,198.789993286133,305.504943847656,417.440002441406,182.809997558594,302.549987792969,78.6800003051758,133.889999389648,639.77001953125
2026-02-17,263.880004882812,395.956237792969,201.149993896484,301.807525634766,410.630004882812,184.970001220703,307.130004882812,79.5599975585938,128.850006103516,639.289978027344
2026-02-18,264.350006103516,398.690002441406,204.789993286133,303.116607666016,411.320007324219,187.979995727539,308.779998779297,79.4899978637695,126.620002746582,643.219970703125
2026-02-19,260.579986572266,398.459991455078,204.860000610352,302.636962890625,411.709991455078,187.899993896484,308.049987792969,78.9100036621094,124.870002746582,644.780029296875
2026-02-20,264.579986572266,397.230010986328,210.110000610352,314.758422851562,411.820007324219,189.820007324219,310.790008544922,79.8399963378906,122.98999786377,655.659973144531
2026-02-23,266.179992675781,384.470001220703,205.270004272461,311.270874023438,399.829986572266,191.550003051758,297.670013427734,80.5599975585938,125.809997558594,637.25
2026-02-24,272.140014648438,389,208.559997558594,310.681304931641,409.380004882812,192.850006103516,297.299987792969,80.7200012207031,126.75,639.299987792969
2026-02-25,274.230010986328,400.600006103516,210.639999389648,312.679870605469,417.399993896484,195.559997558594,303.299987792969,80.4700012207031,125.75,653.690002441406
2026-02-26,272.950012207031,401.720001220703,207.919998168945,307.163787841797,408.579986572266,184.889999389648,306.130004882812,80.5,124.419998168945,657.010009765625
2026-02-27,264.179992675781,392.739990234375,210,311.540710449219,402.510009765625,177.190002441406,300.299987792969,81.5599975585938,127.949996948242,648.179992675781
2026-03-02,264.720001220703,398.549987792969,208.389999389648,306.304351806641,403.320007324219,182.479995727539,297.559997558594,80.2200012207031,127.099998474121,653.559997558594
2026-03-03,263.75,403.929992675781,208.729995727539,303.366424560547,392.429992675781,180.050003051758,300.260009765625,79.3399963378906,127.910003662109,655.080017089844
2026-03-04,262.519989013672,405.200012207031,216.820007324219,302.916778564453,405.940002441406,183.039993286133,299.390014648438,78.0999984741211,127.809997558594,667.72998046875
2026-03-05,260.290008544922,410.679992675781,218.940002441406,300.668334960938,405.549987792969,183.339996337891,293.549987792969,77.0299987792969,123.309997558594,660.570007324219
2026-03-06,257.459991455078,408.959991455078,213.210006713867,298.309997558594,396.730010986328,177.820007324219,289.480010986328,77.0400009155273,123.800003051758,644.859985351562
2026-03-09,259.880004882812,409.410003662109,213.490005493164,306.359985351562,398.679992675781,182.649993896484,289.920013427734,77.8000030517578,124.339996337891,647.390014648438
2026-03-10,260.829986572266,405.760009765625,214.330001831055,307.040008544922,399.239990234375,184.770004272461,288.730010986328,77.879997253418,125.120002746582,654.070007324219
